2026-10-08 09:25:55,283 [Worker-5: Loading available Gradle versions] INFO  o.e.b.c.i.u.g.PublishedGradleVersions - Gradle version information cache is up-to-date. Trying to read.
2026-10-08 09:26:19,663 [Worker-6: Importing Maven projects] INFO  o.e.m.c.i.l.LifecycleMappingFactory - Using org.eclipse.m2e.jdt.JarLifecycleMapping lifecycle mapping for MavenProject: com.gaurav:EmployeeMicorservice:0.0.1-SNAPSHOT @ C:\Microservice_practice_4\EmployeeMicorservice\pom.xml.
2026-10-08 09:26:26,690 [Worker-6: Importing Maven projects] INFO  o.e.m.j.i.AbstractJavaProjectConfigurator - Adding source folder /EmployeeMicorservice/src/main/java
2026-10-08 09:26:26,694 [Worker-6: Importing Maven projects] INFO  o.e.m.j.i.AbstractJavaProjectConfigurator - Adding resource folder /EmployeeMicorservice/src/main/resources
2026-10-08 09:26:26,705 [Worker-6: Importing Maven projects] INFO  o.e.m.j.i.AbstractJavaProjectConfigurator - Adding resource folder /EmployeeMicorservice/src/main/resources
2026-10-08 09:26:26,715 [Worker-6: Importing Maven projects] INFO  o.e.m.j.i.AbstractJavaProjectConfigurator - Adding source folder /EmployeeMicorservice/src/test/java
2026-10-08 09:26:31,931 [Worker-6: Importing Maven projects] INFO  o.e.m.c.i.p.ProjectConfigurationManager - Imported and configured 1 project(s) in 15 sec
2026-10-08 09:26:39,383 [Worker-6: Building] INFO  o.e.m.c.i.embedder.EclipseLogger - Using 'UTF-8' encoding to copy filtered resources.
2026-10-08 09:26:39,384 [Worker-6: Building] INFO  o.e.m.c.i.embedder.EclipseLogger - Using 'UTF-8' encoding to copy filtered properties files.
2026-10-08 09:26:39,394 [Worker-6: Building] INFO  o.e.m.c.i.embedder.EclipseLogger - Copying 2 resources
2026-10-08 09:26:39,444 [Worker-6: Building] INFO  o.e.m.c.i.embedder.EclipseLogger - Copying 1 resource
2026-10-08 09:26:39,459 [Worker-6: Building] INFO  o.e.m.c.i.embedder.EclipseLogger - Using 'UTF-8' encoding to copy filtered resources.
2026-10-08 09:26:39,459 [Worker-6: Building] INFO  o.e.m.c.i.embedder.EclipseLogger - Using 'UTF-8' encoding to copy filtered properties files.
2026-10-08 09:26:39,460 [Worker-6: Building] INFO  o.e.m.c.i.embedder.EclipseLogger - skip non existing resourceDirectory C:\Microservice_practice_4\EmployeeMicorservice\src\test\resources
2026-10-08 09:27:00,215 [Worker-1: Building] INFO  o.e.m.c.i.embedder.EclipseLogger - Using 'UTF-8' encoding to copy filtered resources.
2026-10-08 09:27:00,216 [Worker-1: Building] INFO  o.e.m.c.i.embedder.EclipseLogger - Using 'UTF-8' encoding to copy filtered properties files.
2026-10-08 09:27:00,220 [Worker-1: Building] INFO  o.e.m.c.i.embedder.EclipseLogger - Copying 0 resource
2026-10-08 09:27:00,221 [Worker-1: Building] INFO  o.e.m.c.i.embedder.EclipseLogger - Copying 0 resource
2026-10-08 09:27:00,232 [Worker-1: Building] INFO  o.e.m.c.i.embedder.EclipseLogger - Using 'UTF-8' encoding to copy filtered resources.
2026-10-08 09:27:00,232 [Worker-1: Building] INFO  o.e.m.c.i.embedder.EclipseLogger - Using 'UTF-8' encoding to copy filtered properties files.
2026-10-08 09:27:00,232 [Worker-1: Building] INFO  o.e.m.c.i.embedder.EclipseLogger - skip non existing resourceDirectory C:\Microservice_practice_4\EmployeeMicorservice\src\test\resources
2026-10-08 09:32:57,865 [Worker-7: Importing Maven projects] INFO  o.e.m.c.i.l.LifecycleMappingFactory - Using org.eclipse.m2e.jdt.JarLifecycleMapping lifecycle mapping for MavenProject: com.gaurav:CompanyMicorservice:0.0.1-SNAPSHOT @ C:\Microservice_Practice_2\CompanyMicorservice\pom.xml.
2026-10-08 09:33:03,523 [Worker-7: Importing Maven projects] INFO  o.e.m.j.i.AbstractJavaProjectConfigurator - Adding source folder /CompanyMicorservice/src/main/java
2026-10-08 09:33:03,524 [Worker-7: Importing Maven projects] INFO  o.e.m.j.i.AbstractJavaProjectConfigurator - Adding resource folder /CompanyMicorservice/src/main/resources
2026-10-08 09:33:03,525 [Worker-7: Importing Maven projects] INFO  o.e.m.j.i.AbstractJavaProjectConfigurator - Adding resource folder /CompanyMicorservice/src/main/resources
2026-10-08 09:33:03,527 [Worker-7: Importing Maven projects] INFO  o.e.m.j.i.AbstractJavaProjectConfigurator - Adding source folder /CompanyMicorservice/src/test/java
2026-10-08 09:33:04,213 [Worker-7: Importing Maven projects] INFO  o.e.m.c.i.p.ProjectConfigurationManager - Imported and configured 1 project(s) in 7 sec
2026-10-08 09:33:10,573 [Worker-9: Building] INFO  o.e.m.c.i.embedder.EclipseLogger - Using 'UTF-8' encoding to copy filtered resources.
2026-10-08 09:33:10,573 [Worker-9: Building] INFO  o.e.m.c.i.embedder.EclipseLogger - Using 'UTF-8' encoding to copy filtered properties files.
2026-10-08 09:33:10,574 [Worker-9: Building] INFO  o.e.m.c.i.embedder.EclipseLogger - Copying 1 resource
2026-10-08 09:33:10,579 [Worker-9: Building] INFO  o.e.m.c.i.embedder.EclipseLogger - Copying 1 resource
2026-10-08 09:33:10,596 [Worker-9: Building] INFO  o.e.m.c.i.embedder.EclipseLogger - Using 'UTF-8' encoding to copy filtered resources.
2026-10-08 09:33:10,596 [Worker-9: Building] INFO  o.e.m.c.i.embedder.EclipseLogger - Using 'UTF-8' encoding to copy filtered properties files.
2026-10-08 09:33:10,596 [Worker-9: Building] INFO  o.e.m.c.i.embedder.EclipseLogger - skip non existing resourceDirectory C:\Microservice_Practice_2\CompanyMicorservice\src\test\resources
2026-10-08 09:33:51,436 [Worker-8: Building] INFO  o.e.m.c.i.embedder.EclipseLogger - Using 'UTF-8' encoding to copy filtered resources.
2026-10-08 09:33:51,436 [Worker-8: Building] INFO  o.e.m.c.i.embedder.EclipseLogger - Using 'UTF-8' encoding to copy filtered properties files.
2026-10-08 09:33:51,437 [Worker-8: Building] INFO  o.e.m.c.i.embedder.EclipseLogger - Copying 0 resource
2026-10-08 09:33:51,440 [Worker-8: Building] INFO  o.e.m.c.i.embedder.EclipseLogger - Copying 0 resource
2026-10-08 09:33:51,444 [Worker-8: Building] INFO  o.e.m.c.i.embedder.EclipseLogger - Using 'UTF-8' encoding to copy filtered resources.
2026-10-08 09:33:51,444 [Worker-8: Building] INFO  o.e.m.c.i.embedder.EclipseLogger - Using 'UTF-8' encoding to copy filtered properties files.
2026-10-08 09:33:51,445 [Worker-8: Building] INFO  o.e.m.c.i.embedder.EclipseLogger - skip non existing resourceDirectory C:\Microservice_Practice_2\CompanyMicorservice\src\test\resources
2026-10-08 09:33:52,496 [Worker-9: Building] INFO  o.e.m.c.i.embedder.EclipseLogger - Using 'UTF-8' encoding to copy filtered resources.
2026-10-08 09:33:52,496 [Worker-9: Building] INFO  o.e.m.c.i.embedder.EclipseLogger - Using 'UTF-8' encoding to copy filtered properties files.
2026-10-08 09:33:52,497 [Worker-9: Building] INFO  o.e.m.c.i.embedder.EclipseLogger - Copying 0 resource
2026-10-08 09:33:52,497 [Worker-9: Building] INFO  o.e.m.c.i.embedder.EclipseLogger - Copying 0 resource
2026-10-08 09:33:52,501 [Worker-9: Building] INFO  o.e.m.c.i.embedder.EclipseLogger - Using 'UTF-8' encoding to copy filtered resources.
2026-10-08 09:33:52,501 [Worker-9: Building] INFO  o.e.m.c.i.embedder.EclipseLogger - Using 'UTF-8' encoding to copy filtered properties files.
2026-10-08 09:33:52,501 [Worker-9: Building] INFO  o.e.m.c.i.embedder.EclipseLogger - skip non existing resourceDirectory C:\Microservice_Practice_2\CompanyMicorservice\src\test\resources
2026-10-08 09:33:56,579 [Worker-6: Building] INFO  o.e.m.c.i.embedder.EclipseLogger - Using 'UTF-8' encoding to copy filtered resources.
2026-10-08 09:33:56,579 [Worker-6: Building] INFO  o.e.m.c.i.embedder.EclipseLogger - Using 'UTF-8' encoding to copy filtered properties files.
2026-10-08 09:33:56,580 [Worker-6: Building] INFO  o.e.m.c.i.embedder.EclipseLogger - Copying 0 resource
2026-10-08 09:33:56,580 [Worker-6: Building] INFO  o.e.m.c.i.embedder.EclipseLogger - Copying 0 resource
2026-10-08 09:33:56,584 [Worker-6: Building] INFO  o.e.m.c.i.embedder.EclipseLogger - Using 'UTF-8' encoding to copy filtered resources.
2026-10-08 09:33:56,584 [Worker-6: Building] INFO  o.e.m.c.i.embedder.EclipseLogger - Using 'UTF-8' encoding to copy filtered properties files.
2026-10-08 09:33:56,585 [Worker-6: Building] INFO  o.e.m.c.i.embedder.EclipseLogger - skip non existing resourceDirectory C:\Microservice_Practice_2\CompanyMicorservice\src\test\resources
2026-10-08 09:34:22,561 [Worker-9: Building] INFO  o.e.m.c.i.embedder.EclipseLogger - Using 'UTF-8' encoding to copy filtered resources.
2026-10-08 09:34:22,561 [Worker-9: Building] INFO  o.e.m.c.i.embedder.EclipseLogger - Using 'UTF-8' encoding to copy filtered properties files.
2026-10-08 09:34:22,562 [Worker-9: Building] INFO  o.e.m.c.i.embedder.EclipseLogger - Copying 0 resource
2026-10-08 09:34:22,562 [Worker-9: Building] INFO  o.e.m.c.i.embedder.EclipseLogger - Copying 0 resource
2026-10-08 09:34:22,567 [Worker-9: Building] INFO  o.e.m.c.i.embedder.EclipseLogger - Using 'UTF-8' encoding to copy filtered resources.
2026-10-08 09:34:22,567 [Worker-9: Building] INFO  o.e.m.c.i.embedder.EclipseLogger - Using 'UTF-8' encoding to copy filtered properties files.
2026-10-08 09:34:22,567 [Worker-9: Building] INFO  o.e.m.c.i.embedder.EclipseLogger - skip non existing resourceDirectory C:\Microservice_Practice_2\CompanyMicorservice\src\test\resources
2026-10-08 09:34:42,766 [Worker-12: Building] INFO  o.e.m.c.i.embedder.EclipseLogger - Using 'UTF-8' encoding to copy filtered resources.
2026-10-08 09:34:42,767 [Worker-12: Building] INFO  o.e.m.c.i.embedder.EclipseLogger - Using 'UTF-8' encoding to copy filtered properties files.
2026-10-08 09:34:42,767 [Worker-12: Building] INFO  o.e.m.c.i.embedder.EclipseLogger - Copying 0 resource
2026-10-08 09:34:42,768 [Worker-12: Building] INFO  o.e.m.c.i.embedder.EclipseLogger - Copying 0 resource
2026-10-08 09:34:42,776 [Worker-12: Building] INFO  o.e.m.c.i.embedder.EclipseLogger - Using 'UTF-8' encoding to copy filtered resources.
2026-10-08 09:34:42,777 [Worker-12: Building] INFO  o.e.m.c.i.embedder.EclipseLogger - Using 'UTF-8' encoding to copy filtered properties files.
2026-10-08 09:34:42,777 [Worker-12: Building] INFO  o.e.m.c.i.embedder.EclipseLogger - skip non existing resourceDirectory C:\Microservice_Practice_2\CompanyMicorservice\src\test\resources
2026-10-08 09:34:50,507 [Worker-11: Building] INFO  o.e.m.c.i.embedder.EclipseLogger - Using 'UTF-8' encoding to copy filtered resources.
2026-10-08 09:34:50,507 [Worker-11: Building] INFO  o.e.m.c.i.embedder.EclipseLogger - Using 'UTF-8' encoding to copy filtered properties files.
2026-10-08 09:34:50,508 [Worker-11: Building] INFO  o.e.m.c.i.embedder.EclipseLogger - Copying 0 resource
2026-10-08 09:34:50,509 [Worker-11: Building] INFO  o.e.m.c.i.embedder.EclipseLogger - Copying 0 resource
2026-10-08 09:34:50,513 [Worker-11: Building] INFO  o.e.m.c.i.embedder.EclipseLogger - Using 'UTF-8' encoding to copy filtered resources.
2026-10-08 09:34:50,513 [Worker-11: Building] INFO  o.e.m.c.i.embedder.EclipseLogger - Using 'UTF-8' encoding to copy filtered properties files.
2026-10-08 09:34:50,513 [Worker-11: Building] INFO  o.e.m.c.i.embedder.EclipseLogger - skip non existing resourceDirectory C:\Microservice_Practice_2\CompanyMicorservice\src\test\resources
2026-10-08 09:35:05,798 [Worker-12: Building] INFO  o.e.m.c.i.embedder.EclipseLogger - Using 'UTF-8' encoding to copy filtered resources.
2026-10-08 09:35:05,799 [Worker-12: Building] INFO  o.e.m.c.i.embedder.EclipseLogger - Using 'UTF-8' encoding to copy filtered properties files.
2026-10-08 09:35:05,799 [Worker-12: Building] INFO  o.e.m.c.i.embedder.EclipseLogger - Copying 0 resource
2026-10-08 09:35:05,800 [Worker-12: Building] INFO  o.e.m.c.i.embedder.EclipseLogger - Copying 0 resource
2026-10-08 09:35:05,812 [Worker-12: Building] INFO  o.e.m.c.i.embedder.EclipseLogger - Using 'UTF-8' encoding to copy filtered resources.
2026-10-08 09:35:05,812 [Worker-12: Building] INFO  o.e.m.c.i.embedder.EclipseLogger - Using 'UTF-8' encoding to copy filtered properties files.
2026-10-08 09:35:05,812 [Worker-12: Building] INFO  o.e.m.c.i.embedder.EclipseLogger - skip non existing resourceDirectory C:\Microservice_Practice_2\CompanyMicorservice\src\test\resources
2026-10-08 09:36:44,288 [Worker-6: Building] INFO  o.e.m.c.i.embedder.EclipseLogger - Using 'UTF-8' encoding to copy filtered resources.
2026-10-08 09:36:44,288 [Worker-6: Building] INFO  o.e.m.c.i.embedder.EclipseLogger - Using 'UTF-8' encoding to copy filtered properties files.
2026-10-08 09:36:44,293 [Worker-6: Building] INFO  o.e.m.c.i.embedder.EclipseLogger - Copying 2 resources
2026-10-08 09:36:44,343 [Worker-6: Building] INFO  o.e.m.c.i.embedder.EclipseLogger - Copying 1 resource
2026-10-08 09:36:44,348 [Worker-6: Building] INFO  o.e.m.c.i.embedder.EclipseLogger - Using 'UTF-8' encoding to copy filtered resources.
2026-10-08 09:36:44,348 [Worker-6: Building] INFO  o.e.m.c.i.embedder.EclipseLogger - Using 'UTF-8' encoding to copy filtered properties files.
2026-10-08 09:36:44,348 [Worker-6: Building] INFO  o.e.m.c.i.embedder.EclipseLogger - skip non existing resourceDirectory C:\Microservice_practice_4\EmployeeMicorservice\src\test\resources
2026-10-08 09:37:20,740 [Worker-8: Building] INFO  o.e.m.c.i.embedder.EclipseLogger - Using 'UTF-8' encoding to copy filtered resources.
2026-10-08 09:37:20,741 [Worker-8: Building] INFO  o.e.m.c.i.embedder.EclipseLogger - Using 'UTF-8' encoding to copy filtered properties files.
2026-10-08 09:37:20,742 [Worker-8: Building] INFO  o.e.m.c.i.embedder.EclipseLogger - Copying 2 resources
2026-10-08 09:37:20,774 [Worker-8: Building] INFO  o.e.m.c.i.embedder.EclipseLogger - Copying 1 resource
2026-10-08 09:37:20,782 [Worker-8: Building] INFO  o.e.m.c.i.embedder.EclipseLogger - Using 'UTF-8' encoding to copy filtered resources.
2026-10-08 09:37:20,783 [Worker-8: Building] INFO  o.e.m.c.i.embedder.EclipseLogger - Using 'UTF-8' encoding to copy filtered properties files.
2026-10-08 09:37:20,784 [Worker-8: Building] INFO  o.e.m.c.i.embedder.EclipseLogger - skip non existing resourceDirectory C:\Microservice_practice_4\EmployeeMicorservice\src\test\resources
2026-10-08 10:50:45,158 [Worker-17: Building] INFO  o.e.m.c.i.embedder.EclipseLogger - Using 'UTF-8' encoding to copy filtered resources.
2026-10-08 10:50:45,197 [Worker-17: Building] INFO  o.e.m.c.i.embedder.EclipseLogger - Using 'UTF-8' encoding to copy filtered properties files.
2026-10-08 10:50:45,199 [Worker-17: Building] INFO  o.e.m.c.i.embedder.EclipseLogger - Copying 2 resources
2026-10-08 10:50:45,243 [Worker-17: Building] INFO  o.e.m.c.i.embedder.EclipseLogger - Copying 1 resource
2026-10-08 10:50:45,252 [Worker-17: Building] INFO  o.e.m.c.i.embedder.EclipseLogger - Using 'UTF-8' encoding to copy filtered resources.
2026-10-08 10:50:45,253 [Worker-17: Building] INFO  o.e.m.c.i.embedder.EclipseLogger - Using 'UTF-8' encoding to copy filtered properties files.
2026-10-08 10:50:45,257 [Worker-17: Building] INFO  o.e.m.c.i.embedder.EclipseLogger - skip non existing resourceDirectory C:\Microservice_practice_4\EmployeeMicorservice\src\test\resources
2026-10-08 10:51:15,740 [Worker-17: Building] INFO  o.e.m.c.i.embedder.EclipseLogger - Using 'UTF-8' encoding to copy filtered resources.
2026-10-08 10:51:15,740 [Worker-17: Building] INFO  o.e.m.c.i.embedder.EclipseLogger - Using 'UTF-8' encoding to copy filtered properties files.
2026-10-08 10:51:15,742 [Worker-17: Building] INFO  o.e.m.c.i.embedder.EclipseLogger - Copying 2 resources
2026-10-08 10:51:16,160 [Worker-17: Building] INFO  o.e.m.c.i.embedder.EclipseLogger - Copying 1 resource
2026-10-08 10:51:16,166 [Worker-17: Building] INFO  o.e.m.c.i.embedder.EclipseLogger - Using 'UTF-8' encoding to copy filtered resources.
2026-10-08 10:51:16,166 [Worker-17: Building] INFO  o.e.m.c.i.embedder.EclipseLogger - Using 'UTF-8' encoding to copy filtered properties files.
2026-10-08 10:51:16,166 [Worker-17: Building] INFO  o.e.m.c.i.embedder.EclipseLogger - skip non existing resourceDirectory C:\Microservice_practice_4\EmployeeMicorservice\src\test\resources
2026-10-08 10:51:22,978 [Worker-18: Building] INFO  o.e.m.c.i.embedder.EclipseLogger - Using 'UTF-8' encoding to copy filtered resources.
2026-10-08 10:51:22,978 [Worker-18: Building] INFO  o.e.m.c.i.embedder.EclipseLogger - Using 'UTF-8' encoding to copy filtered properties files.
2026-10-08 10:51:22,979 [Worker-18: Building] INFO  o.e.m.c.i.embedder.EclipseLogger - Copying 2 resources
2026-10-08 10:51:23,015 [Worker-18: Building] INFO  o.e.m.c.i.embedder.EclipseLogger - Copying 1 resource
2026-10-08 10:51:23,019 [Worker-18: Building] INFO  o.e.m.c.i.embedder.EclipseLogger - Using 'UTF-8' encoding to copy filtered resources.
2026-10-08 10:51:23,020 [Worker-18: Building] INFO  o.e.m.c.i.embedder.EclipseLogger - Using 'UTF-8' encoding to copy filtered properties files.
2026-10-08 10:51:23,020 [Worker-18: Building] INFO  o.e.m.c.i.embedder.EclipseLogger - skip non existing resourceDirectory C:\Microservice_practice_4\EmployeeMicorservice\src\test\resources
2026-10-08 10:57:51,275 [Worker-20: Building] INFO  o.e.m.c.i.embedder.EclipseLogger - Using 'UTF-8' encoding to copy filtered resources.
2026-10-08 10:57:51,275 [Worker-20: Building] INFO  o.e.m.c.i.embedder.EclipseLogger - Using 'UTF-8' encoding to copy filtered properties files.
2026-10-08 10:57:51,277 [Worker-20: Building] INFO  o.e.m.c.i.embedder.EclipseLogger - Copying 2 resources
2026-10-08 10:57:51,369 [Worker-20: Building] INFO  o.e.m.c.i.embedder.EclipseLogger - Copying 1 resource
2026-10-08 10:57:51,374 [Worker-20: Building] INFO  o.e.m.c.i.embedder.EclipseLogger - Using 'UTF-8' encoding to copy filtered resources.
2026-10-08 10:57:51,374 [Worker-20: Building] INFO  o.e.m.c.i.embedder.EclipseLogger - Using 'UTF-8' encoding to copy filtered properties files.
2026-10-08 10:57:51,374 [Worker-20: Building] INFO  o.e.m.c.i.embedder.EclipseLogger - skip non existing resourceDirectory C:\Microservice_practice_4\EmployeeMicorservice\src\test\resources
2026-10-08 11:03:33,392 [Worker-24: Building] INFO  o.e.m.c.i.embedder.EclipseLogger - Using 'UTF-8' encoding to copy filtered resources.
2026-10-08 11:03:33,392 [Worker-24: Building] INFO  o.e.m.c.i.embedder.EclipseLogger - Using 'UTF-8' encoding to copy filtered properties files.
2026-10-08 11:03:33,413 [Worker-24: Building] INFO  o.e.m.c.i.embedder.EclipseLogger - Copying 2 resources
2026-10-08 11:03:33,444 [Worker-24: Building] INFO  o.e.m.c.i.embedder.EclipseLogger - Copying 1 resource
2026-10-08 11:03:33,449 [Worker-24: Building] INFO  o.e.m.c.i.embedder.EclipseLogger - Using 'UTF-8' encoding to copy filtered resources.
2026-10-08 11:03:33,449 [Worker-24: Building] INFO  o.e.m.c.i.embedder.EclipseLogger - Using 'UTF-8' encoding to copy filtered properties files.
2026-10-08 11:03:33,451 [Worker-24: Building] INFO  o.e.m.c.i.embedder.EclipseLogger - skip non existing resourceDirectory C:\Microservice_practice_4\EmployeeMicorservice\src\test\resources
2026-10-08 11:03:41,067 [Worker-15: Building] INFO  o.e.m.c.i.embedder.EclipseLogger - Using 'UTF-8' encoding to copy filtered resources.
2026-10-08 11:03:41,068 [Worker-15: Building] INFO  o.e.m.c.i.embedder.EclipseLogger - Using 'UTF-8' encoding to copy filtered properties files.
2026-10-08 11:03:41,069 [Worker-15: Building] INFO  o.e.m.c.i.embedder.EclipseLogger - Copying 2 resources
2026-10-08 11:03:41,123 [Worker-15: Building] INFO  o.e.m.c.i.embedder.EclipseLogger - Copying 1 resource
2026-10-08 11:03:41,127 [Worker-15: Building] INFO  o.e.m.c.i.embedder.EclipseLogger - Using 'UTF-8' encoding to copy filtered resources.
2026-10-08 11:03:41,127 [Worker-15: Building] INFO  o.e.m.c.i.embedder.EclipseLogger - Using 'UTF-8' encoding to copy filtered properties files.
2026-10-08 11:03:41,128 [Worker-15: Building] INFO  o.e.m.c.i.embedder.EclipseLogger - skip non existing resourceDirectory C:\Microservice_practice_4\EmployeeMicorservice\src\test\resources
2026-10-08 11:05:43,928 [Worker-26: Building] INFO  o.e.m.c.i.embedder.EclipseLogger - Using 'UTF-8' encoding to copy filtered resources.
2026-10-08 11:05:43,929 [Worker-26: Building] INFO  o.e.m.c.i.embedder.EclipseLogger - Using 'UTF-8' encoding to copy filtered properties files.
2026-10-08 11:05:43,932 [Worker-26: Building] INFO  o.e.m.c.i.embedder.EclipseLogger - Copying 2 resources
2026-10-08 11:05:43,962 [Worker-26: Building] INFO  o.e.m.c.i.embedder.EclipseLogger - Copying 1 resource
2026-10-08 11:05:43,965 [Worker-26: Building] INFO  o.e.m.c.i.embedder.EclipseLogger - Using 'UTF-8' encoding to copy filtered resources.
2026-10-08 11:05:43,966 [Worker-26: Building] INFO  o.e.m.c.i.embedder.EclipseLogger - Using 'UTF-8' encoding to copy filtered properties files.
2026-10-08 11:05:43,966 [Worker-26: Building] INFO  o.e.m.c.i.embedder.EclipseLogger - skip non existing resourceDirectory C:\Microservice_practice_4\EmployeeMicorservice\src\test\resources
2026-10-08 11:05:57,094 [Worker-24: Building] INFO  o.e.m.c.i.embedder.EclipseLogger - Using 'UTF-8' encoding to copy filtered resources.
2026-10-08 11:05:57,094 [Worker-24: Building] INFO  o.e.m.c.i.embedder.EclipseLogger - Using 'UTF-8' encoding to copy filtered properties files.
2026-10-08 11:05:57,096 [Worker-24: Building] INFO  o.e.m.c.i.embedder.EclipseLogger - Copying 2 resources
2026-10-08 11:05:57,125 [Worker-24: Building] INFO  o.e.m.c.i.embedder.EclipseLogger - Copying 1 resource
2026-10-08 11:05:57,129 [Worker-24: Building] INFO  o.e.m.c.i.embedder.EclipseLogger - Using 'UTF-8' encoding to copy filtered resources.
2026-10-08 11:05:57,129 [Worker-24: Building] INFO  o.e.m.c.i.embedder.EclipseLogger - Using 'UTF-8' encoding to copy filtered properties files.
2026-10-08 11:05:57,129 [Worker-24: Building] INFO  o.e.m.c.i.embedder.EclipseLogger - skip non existing resourceDirectory C:\Microservice_practice_4\EmployeeMicorservice\src\test\resources
2026-10-08 11:06:04,193 [Worker-21: Building] INFO  o.e.m.c.i.embedder.EclipseLogger - Using 'UTF-8' encoding to copy filtered resources.
2026-10-08 11:06:04,193 [Worker-21: Building] INFO  o.e.m.c.i.embedder.EclipseLogger - Using 'UTF-8' encoding to copy filtered properties files.
2026-10-08 11:06:04,195 [Worker-21: Building] INFO  o.e.m.c.i.embedder.EclipseLogger - Copying 2 resources
2026-10-08 11:06:04,273 [Worker-21: Building] INFO  o.e.m.c.i.embedder.EclipseLogger - Copying 1 resource
2026-10-08 11:06:04,295 [Worker-21: Building] INFO  o.e.m.c.i.embedder.EclipseLogger - Using 'UTF-8' encoding to copy filtered resources.
2026-10-08 11:06:04,297 [Worker-21: Building] INFO  o.e.m.c.i.embedder.EclipseLogger - Using 'UTF-8' encoding to copy filtered properties files.
2026-10-08 11:06:04,297 [Worker-21: Building] INFO  o.e.m.c.i.embedder.EclipseLogger - skip non existing resourceDirectory C:\Microservice_practice_4\EmployeeMicorservice\src\test\resources
2026-10-08 11:06:34,790 [Worker-26: Building] INFO  o.e.m.c.i.embedder.EclipseLogger - Using 'UTF-8' encoding to copy filtered resources.
2026-10-08 11:06:34,790 [Worker-26: Building] INFO  o.e.m.c.i.embedder.EclipseLogger - Using 'UTF-8' encoding to copy filtered properties files.
2026-10-08 11:06:34,792 [Worker-26: Building] INFO  o.e.m.c.i.embedder.EclipseLogger - Copying 2 resources
2026-10-08 11:06:34,816 [Worker-26: Building] INFO  o.e.m.c.i.embedder.EclipseLogger - Copying 1 resource
2026-10-08 11:06:34,819 [Worker-26: Building] INFO  o.e.m.c.i.embedder.EclipseLogger - Using 'UTF-8' encoding to copy filtered resources.
2026-10-08 11:06:34,820 [Worker-26: Building] INFO  o.e.m.c.i.embedder.EclipseLogger - Using 'UTF-8' encoding to copy filtered properties files.
2026-10-08 11:06:34,820 [Worker-26: Building] INFO  o.e.m.c.i.embedder.EclipseLogger - skip non existing resourceDirectory C:\Microservice_practice_4\EmployeeMicorservice\src\test\resources
2026-10-08 11:08:48,238 [Worker-29: Building] INFO  o.e.m.c.i.embedder.EclipseLogger - Using 'UTF-8' encoding to copy filtered resources.
2026-10-08 11:08:48,239 [Worker-29: Building] INFO  o.e.m.c.i.embedder.EclipseLogger - Using 'UTF-8' encoding to copy filtered properties files.
2026-10-08 11:08:48,240 [Worker-29: Building] INFO  o.e.m.c.i.embedder.EclipseLogger - Copying 2 resources
2026-10-08 11:08:48,275 [Worker-29: Building] INFO  o.e.m.c.i.embedder.EclipseLogger - Copying 1 resource
2026-10-08 11:08:48,279 [Worker-29: Building] INFO  o.e.m.c.i.embedder.EclipseLogger - Using 'UTF-8' encoding to copy filtered resources.
2026-10-08 11:08:48,279 [Worker-29: Building] INFO  o.e.m.c.i.embedder.EclipseLogger - Using 'UTF-8' encoding to copy filtered properties files.
2026-10-08 11:08:48,279 [Worker-29: Building] INFO  o.e.m.c.i.embedder.EclipseLogger - skip non existing resourceDirectory C:\Microservice_practice_4\EmployeeMicorservice\src\test\resources
2026-10-08 11:10:09,869 [Worker-27: Building] INFO  o.e.m.c.i.embedder.EclipseLogger - Using 'UTF-8' encoding to copy filtered resources.
2026-10-08 11:10:09,870 [Worker-27: Building] INFO  o.e.m.c.i.embedder.EclipseLogger - Using 'UTF-8' encoding to copy filtered properties files.
2026-10-08 11:10:09,871 [Worker-27: Building] INFO  o.e.m.c.i.embedder.EclipseLogger - Copying 2 resources
2026-10-08 11:10:09,902 [Worker-27: Building] INFO  o.e.m.c.i.embedder.EclipseLogger - Copying 1 resource
2026-10-08 11:10:09,906 [Worker-27: Building] INFO  o.e.m.c.i.embedder.EclipseLogger - Using 'UTF-8' encoding to copy filtered resources.
2026-10-08 11:10:09,906 [Worker-27: Building] INFO  o.e.m.c.i.embedder.EclipseLogger - Using 'UTF-8' encoding to copy filtered properties files.
2026-10-08 11:10:09,906 [Worker-27: Building] INFO  o.e.m.c.i.embedder.EclipseLogger - skip non existing resourceDirectory C:\Microservice_practice_4\EmployeeMicorservice\src\test\resources
2026-10-08 11:10:30,048 [Worker-27: Building] INFO  o.e.m.c.i.embedder.EclipseLogger - Using 'UTF-8' encoding to copy filtered resources.
2026-10-08 11:10:30,049 [Worker-27: Building] INFO  o.e.m.c.i.embedder.EclipseLogger - Using 'UTF-8' encoding to copy filtered properties files.
2026-10-08 11:10:30,052 [Worker-27: Building] INFO  o.e.m.c.i.embedder.EclipseLogger - Copying 2 resources
2026-10-08 11:10:30,081 [Worker-27: Building] INFO  o.e.m.c.i.embedder.EclipseLogger - Copying 1 resource
2026-10-08 11:10:30,087 [Worker-27: Building] INFO  o.e.m.c.i.embedder.EclipseLogger - Using 'UTF-8' encoding to copy filtered resources.
2026-10-08 11:10:30,087 [Worker-27: Building] INFO  o.e.m.c.i.embedder.EclipseLogger - Using 'UTF-8' encoding to copy filtered properties files.
2026-10-08 11:10:30,087 [Worker-27: Building] INFO  o.e.m.c.i.embedder.EclipseLogger - skip non existing resourceDirectory C:\Microservice_practice_4\EmployeeMicorservice\src\test\resources
2026-10-08 11:12:38,487 [Worker-27: Building] INFO  o.e.m.c.i.embedder.EclipseLogger - Using 'UTF-8' encoding to copy filtered resources.
2026-10-08 11:12:38,487 [Worker-27: Building] INFO  o.e.m.c.i.embedder.EclipseLogger - Using 'UTF-8' encoding to copy filtered properties files.
2026-10-08 11:12:38,491 [Worker-27: Building] INFO  o.e.m.c.i.embedder.EclipseLogger - Copying 2 resources
2026-10-08 11:12:38,533 [Worker-27: Building] INFO  o.e.m.c.i.embedder.EclipseLogger - Copying 1 resource
2026-10-08 11:12:38,536 [Worker-27: Building] INFO  o.e.m.c.i.embedder.EclipseLogger - Using 'UTF-8' encoding to copy filtered resources.
2026-10-08 11:12:38,537 [Worker-27: Building] INFO  o.e.m.c.i.embedder.EclipseLogger - Using 'UTF-8' encoding to copy filtered properties files.
2026-10-08 11:12:38,537 [Worker-27: Building] INFO  o.e.m.c.i.embedder.EclipseLogger - skip non existing resourceDirectory C:\Microservice_practice_4\EmployeeMicorservice\src\test\resources
2026-10-08 11:14:48,153 [Worker-31: Building] INFO  o.e.m.c.i.embedder.EclipseLogger - Using 'UTF-8' encoding to copy filtered resources.
2026-10-08 11:14:48,153 [Worker-31: Building] INFO  o.e.m.c.i.embedder.EclipseLogger - Using 'UTF-8' encoding to copy filtered properties files.
2026-10-08 11:14:48,154 [Worker-31: Building] INFO  o.e.m.c.i.embedder.EclipseLogger - Copying 2 resources
2026-10-08 11:14:48,195 [Worker-31: Building] INFO  o.e.m.c.i.embedder.EclipseLogger - Copying 1 resource
2026-10-08 11:14:48,198 [Worker-31: Building] INFO  o.e.m.c.i.embedder.EclipseLogger - Using 'UTF-8' encoding to copy filtered resources.
2026-10-08 11:14:48,199 [Worker-31: Building] INFO  o.e.m.c.i.embedder.EclipseLogger - Using 'UTF-8' encoding to copy filtered properties files.
2026-10-08 11:14:48,199 [Worker-31: Building] INFO  o.e.m.c.i.embedder.EclipseLogger - skip non existing resourceDirectory C:\Microservice_practice_4\EmployeeMicorservice\src\test\resources
2026-10-08 11:14:51,470 [Worker-29: Building] INFO  o.e.m.c.i.embedder.EclipseLogger - Using 'UTF-8' encoding to copy filtered resources.
2026-10-08 11:14:51,470 [Worker-29: Building] INFO  o.e.m.c.i.embedder.EclipseLogger - Using 'UTF-8' encoding to copy filtered properties files.
2026-10-08 11:14:51,472 [Worker-29: Building] INFO  o.e.m.c.i.embedder.EclipseLogger - Copying 2 resources
2026-10-08 11:14:51,524 [Worker-29: Building] INFO  o.e.m.c.i.embedder.EclipseLogger - Copying 1 resource
2026-10-08 11:14:51,531 [Worker-29: Building] INFO  o.e.m.c.i.embedder.EclipseLogger - Using 'UTF-8' encoding to copy filtered resources.
2026-10-08 11:14:51,532 [Worker-29: Building] INFO  o.e.m.c.i.embedder.EclipseLogger - Using 'UTF-8' encoding to copy filtered properties files.
2026-10-08 11:14:51,532 [Worker-29: Building] INFO  o.e.m.c.i.embedder.EclipseLogger - skip non existing resourceDirectory C:\Microservice_practice_4\EmployeeMicorservice\src\test\resources
2026-10-08 11:23:28,709 [Worker-33: Building] INFO  o.e.m.c.i.embedder.EclipseLogger - Using 'UTF-8' encoding to copy filtered resources.
2026-10-08 11:23:28,710 [Worker-33: Building] INFO  o.e.m.c.i.embedder.EclipseLogger - Using 'UTF-8' encoding to copy filtered properties files.
2026-10-08 11:23:28,711 [Worker-33: Building] INFO  o.e.m.c.i.embedder.EclipseLogger - Copying 2 resources
2026-10-08 11:23:28,740 [Worker-33: Building] INFO  o.e.m.c.i.embedder.EclipseLogger - Copying 1 resource
2026-10-08 11:23:28,744 [Worker-33: Building] INFO  o.e.m.c.i.embedder.EclipseLogger - Using 'UTF-8' encoding to copy filtered resources.
2026-10-08 11:23:28,744 [Worker-33: Building] INFO  o.e.m.c.i.embedder.EclipseLogger - Using 'UTF-8' encoding to copy filtered properties files.
2026-10-08 11:23:28,744 [Worker-33: Building] INFO  o.e.m.c.i.embedder.EclipseLogger - skip non existing resourceDirectory C:\Microservice_practice_4\EmployeeMicorservice\src\test\resources
2026-10-08 11:26:29,844 [Worker-39: Building] INFO  o.e.m.c.i.embedder.EclipseLogger - Using 'UTF-8' encoding to copy filtered resources.
2026-10-08 11:26:29,844 [Worker-39: Building] INFO  o.e.m.c.i.embedder.EclipseLogger - Using 'UTF-8' encoding to copy filtered properties files.
2026-10-08 11:26:29,846 [Worker-39: Building] INFO  o.e.m.c.i.embedder.EclipseLogger - Copying 2 resources
2026-10-08 11:26:30,017 [Worker-39: Building] INFO  o.e.m.c.i.embedder.EclipseLogger - Copying 1 resource
2026-10-08 11:26:30,039 [Worker-39: Building] INFO  o.e.m.c.i.embedder.EclipseLogger - Using 'UTF-8' encoding to copy filtered resources.
2026-10-08 11:26:30,040 [Worker-39: Building] INFO  o.e.m.c.i.embedder.EclipseLogger - Using 'UTF-8' encoding to copy filtered properties files.
2026-10-08 11:26:30,040 [Worker-39: Building] INFO  o.e.m.c.i.embedder.EclipseLogger - skip non existing resourceDirectory C:\Microservice_practice_4\EmployeeMicorservice\src\test\resources
2026-10-08 11:29:11,575 [Worker-43: Building] INFO  o.e.m.c.i.embedder.EclipseLogger - Using 'UTF-8' encoding to copy filtered resources.
2026-10-08 11:29:11,575 [Worker-43: Building] INFO  o.e.m.c.i.embedder.EclipseLogger - Using 'UTF-8' encoding to copy filtered properties files.
2026-10-08 11:29:11,578 [Worker-43: Building] INFO  o.e.m.c.i.embedder.EclipseLogger - Copying 2 resources
2026-10-08 11:29:11,618 [Worker-43: Building] INFO  o.e.m.c.i.embedder.EclipseLogger - Copying 1 resource
2026-10-08 11:29:11,622 [Worker-43: Building] INFO  o.e.m.c.i.embedder.EclipseLogger - Using 'UTF-8' encoding to copy filtered resources.
2026-10-08 11:29:11,622 [Worker-43: Building] INFO  o.e.m.c.i.embedder.EclipseLogger - Using 'UTF-8' encoding to copy filtered properties files.
2026-10-08 11:29:11,622 [Worker-43: Building] INFO  o.e.m.c.i.embedder.EclipseLogger - skip non existing resourceDirectory C:\Microservice_practice_4\EmployeeMicorservice\src\test\resources
2026-10-08 11:34:00,725 [Worker-33: Building] INFO  o.e.m.c.i.embedder.EclipseLogger - Using 'UTF-8' encoding to copy filtered resources.
2026-10-08 11:34:00,725 [Worker-33: Building] INFO  o.e.m.c.i.embedder.EclipseLogger - Using 'UTF-8' encoding to copy filtered properties files.
2026-10-08 11:34:00,727 [Worker-33: Building] INFO  o.e.m.c.i.embedder.EclipseLogger - Copying 2 resources
2026-10-08 11:34:00,756 [Worker-33: Building] INFO  o.e.m.c.i.embedder.EclipseLogger - Copying 1 resource
2026-10-08 11:34:00,760 [Worker-33: Building] INFO  o.e.m.c.i.embedder.EclipseLogger - Using 'UTF-8' encoding to copy filtered resources.
2026-10-08 11:34:00,761 [Worker-33: Building] INFO  o.e.m.c.i.embedder.EclipseLogger - Using 'UTF-8' encoding to copy filtered properties files.
2026-10-08 11:34:00,761 [Worker-33: Building] INFO  o.e.m.c.i.embedder.EclipseLogger - skip non existing resourceDirectory C:\Microservice_practice_4\EmployeeMicorservice\src\test\resources
2026-10-08 11:34:58,898 [Worker-38: Building] INFO  o.e.m.c.i.embedder.EclipseLogger - Using 'UTF-8' encoding to copy filtered resources.
2026-10-08 11:34:58,899 [Worker-38: Building] INFO  o.e.m.c.i.embedder.EclipseLogger - Using 'UTF-8' encoding to copy filtered properties files.
2026-10-08 11:34:58,900 [Worker-38: Building] INFO  o.e.m.c.i.embedder.EclipseLogger - Copying 2 resources
2026-10-08 11:34:58,929 [Worker-38: Building] INFO  o.e.m.c.i.embedder.EclipseLogger - Copying 1 resource
2026-10-08 11:34:58,933 [Worker-38: Building] INFO  o.e.m.c.i.embedder.EclipseLogger - Using 'UTF-8' encoding to copy filtered resources.
2026-10-08 11:34:58,933 [Worker-38: Building] INFO  o.e.m.c.i.embedder.EclipseLogger - Using 'UTF-8' encoding to copy filtered properties files.
2026-10-08 11:34:58,934 [Worker-38: Building] INFO  o.e.m.c.i.embedder.EclipseLogger - skip non existing resourceDirectory C:\Microservice_practice_4\EmployeeMicorservice\src\test\resources
2026-10-08 11:39:37,242 [Worker-43: Building] INFO  o.e.m.c.i.embedder.EclipseLogger - Using 'UTF-8' encoding to copy filtered resources.
2026-10-08 11:39:37,242 [Worker-43: Building] INFO  o.e.m.c.i.embedder.EclipseLogger - Using 'UTF-8' encoding to copy filtered properties files.
2026-10-08 11:39:37,245 [Worker-43: Building] INFO  o.e.m.c.i.embedder.EclipseLogger - Copying 2 resources
2026-10-08 11:39:37,274 [Worker-43: Building] INFO  o.e.m.c.i.embedder.EclipseLogger - Copying 1 resource
2026-10-08 11:39:37,278 [Worker-43: Building] INFO  o.e.m.c.i.embedder.EclipseLogger - Using 'UTF-8' encoding to copy filtered resources.
2026-10-08 11:39:37,278 [Worker-43: Building] INFO  o.e.m.c.i.embedder.EclipseLogger - Using 'UTF-8' encoding to copy filtered properties files.
2026-10-08 11:39:37,279 [Worker-43: Building] INFO  o.e.m.c.i.embedder.EclipseLogger - skip non existing resourceDirectory C:\Microservice_practice_4\EmployeeMicorservice\src\test\resources
2026-10-08 11:47:24,521 [Worker-46: Import Getting Started Content] INFO  o.e.m.c.i.p.ProjectConfigurationManager - Imported and configured 1 project(s) in 0 sec
2026-10-08 11:47:24,528 [Worker-46: Import Getting Started Content] INFO  o.e.m.c.i.p.ProjectConfigurationManager - Update started
2026-10-08 11:47:24,564 [Worker-46: Import Getting Started Content] INFO  o.e.m.c.i.p.ProjectConfigurationManager - Update completed: 0 sec
2026-10-08 11:47:37,436 [Worker-41: reload maven project] ERROR o.e.m.c.i.p.r.ProjectRegistryManager - Failed to read Maven project: Some problems were encountered while processing the POMs:
[FATAL] Non-resolvable parent POM for com.gateway:MicroserviceGateWay:0.0.1-SNAPSHOT: Failure to find org.springframework.boot:spring-boot-starter-parent:pom:4.1.1.RELEASE in https://repo.maven.apache.org/maven2 was cached in the local repository, resolution will not be reattempted until the update interval of central has elapsed or updates are forced and 'parent.relativePath' points at no local POM @ line 5, column 10

org.apache.maven.project.ProjectBuildingException: Some problems were encountered while processing the POMs:
[FATAL] Non-resolvable parent POM for com.gateway:MicroserviceGateWay:0.0.1-SNAPSHOT: Failure to find org.springframework.boot:spring-boot-starter-parent:pom:4.1.1.RELEASE in https://repo.maven.apache.org/maven2 was cached in the local repository, resolution will not be reattempted until the update interval of central has elapsed or updates are forced and 'parent.relativePath' points at no local POM @ line 5, column 10

	at org.eclipse.m2e.core.internal.embedder.MavenImpl.readMavenProjects(MavenImpl.java:675) ~[org.eclipse.m2e.core_1.15.0.20200305-1308.jar:na]
	at org.eclipse.m2e.core.internal.project.registry.ProjectRegistryManager.lambda$13(ProjectRegistryManager.java:867) ~[org.eclipse.m2e.core_1.15.0.20200305-1308.jar:na]
	at org.eclipse.m2e.core.internal.embedder.MavenExecutionContext.executeBare(MavenExecutionContext.java:179) ~[org.eclipse.m2e.core_1.15.0.20200305-1308.jar:na]
	at org.eclipse.m2e.core.internal.embedder.MavenExecutionContext.execute(MavenExecutionContext.java:153) ~[org.eclipse.m2e.core_1.15.0.20200305-1308.jar:na]
	at org.eclipse.m2e.core.internal.embedder.MavenExecutionContext.execute(MavenExecutionContext.java:101) ~[org.eclipse.m2e.core_1.15.0.20200305-1308.jar:na]
	at org.eclipse.m2e.core.internal.project.registry.ProjectRegistryManager.execute(ProjectRegistryManager.java:1022) ~[org.eclipse.m2e.core_1.15.0.20200305-1308.jar:na]
	at org.eclipse.m2e.core.internal.project.registry.ProjectRegistryManager.readProjectsWithDependencies(ProjectRegistryManager.java:863) ~[org.eclipse.m2e.core_1.15.0.20200305-1308.jar:na]
	at org.eclipse.m2e.core.internal.project.registry.ProjectRegistryManager.create(ProjectRegistryManager.java:207) ~[org.eclipse.m2e.core_1.15.0.20200305-1308.jar:na]
	at org.eclipse.m2e.core.internal.project.registry.MavenProjectManager.create(MavenProjectManager.java:81) [org.eclipse.m2e.core_1.15.0.20200305-1308.jar:na]
	at org.eclipse.m2e.core.ui.internal.actions.SelectionUtil.getMavenProject(SelectionUtil.java:259) [org.eclipse.m2e.core.ui_1.15.0.20200305-1308.jar:na]
	at org.eclipse.m2e.editor.pom.MavenPomEditor.readMavenProject(MavenPomEditor.java:717) [org.eclipse.m2e.editor_1.15.0.20200203-1710.jar:na]
	at org.eclipse.m2e.editor.pom.MavenPomEditor$3.run(MavenPomEditor.java:1043) [org.eclipse.m2e.editor_1.15.0.20200203-1710.jar:na]
	at org.eclipse.core.internal.jobs.Worker.run(Worker.java:63) [org.eclipse.core.jobs_3.10.700.v20200106-1020.jar:na]
2026-10-08 11:48:02,206 [Worker-47: Building] INFO  o.e.m.c.i.l.LifecycleMappingFactory - Using org.eclipse.m2e.jdt.JarLifecycleMapping lifecycle mapping for MavenProject: com.gateway:MicroserviceGateWay:0.0.1-SNAPSHOT @ C:\Microservice_practice_4\MicroserviceGateWay\pom.xml.
2026-10-08 11:48:04,288 [Worker-47: Building] INFO  o.e.m.c.i.embedder.EclipseLogger - Using 'UTF-8' encoding to copy filtered resources.
2026-10-08 11:48:04,288 [Worker-47: Building] INFO  o.e.m.c.i.embedder.EclipseLogger - Using 'UTF-8' encoding to copy filtered properties files.
2026-10-08 11:48:04,289 [Worker-47: Building] INFO  o.e.m.c.i.embedder.EclipseLogger - Copying 1 resource
2026-10-08 11:48:04,292 [Worker-47: Building] INFO  o.e.m.c.i.embedder.EclipseLogger - Copying 0 resource
2026-10-08 11:48:04,295 [Worker-47: Building] INFO  o.e.m.c.i.embedder.EclipseLogger - Using 'UTF-8' encoding to copy filtered resources.
2026-10-08 11:48:04,295 [Worker-47: Building] INFO  o.e.m.c.i.embedder.EclipseLogger - Using 'UTF-8' encoding to copy filtered properties files.
2026-10-08 11:48:04,295 [Worker-47: Building] INFO  o.e.m.c.i.embedder.EclipseLogger - skip non existing resourceDirectory C:\Microservice_practice_4\MicroserviceGateWay\src\test\resources
2026-10-08 11:48:10,529 [Worker-45: Updating Maven Project] INFO  o.e.m.c.i.p.ProjectConfigurationManager - Update started
2026-10-08 11:48:12,673 [Worker-45: Updating Maven Project] INFO  o.e.m.c.i.l.LifecycleMappingFactory - Using org.eclipse.m2e.jdt.JarLifecycleMapping lifecycle mapping for MavenProject: com.gateway:MicroserviceGateWay:0.0.1-SNAPSHOT @ C:\Microservice_practice_4\MicroserviceGateWay\pom.xml.
2026-10-08 11:48:13,244 [Worker-45: Updating Maven Project] INFO  o.e.m.c.i.l.LifecycleMappingFactory - Using org.eclipse.m2e.jdt.JarLifecycleMapping lifecycle mapping for MavenProject: com.gaurav:CompanyMicorservice:0.0.1-SNAPSHOT @ C:\Microservice_Practice_2\CompanyMicorservice\pom.xml.
2026-10-08 11:48:18,224 [Worker-45: Updating Maven Project] INFO  o.e.m.c.i.l.LifecycleMappingFactory - Using org.eclipse.m2e.jdt.JarLifecycleMapping lifecycle mapping for MavenProject: com.gaurav:EmployeeMicorservice:0.0.1-SNAPSHOT @ C:\Microservice_practice_4\EmployeeMicorservice\pom.xml.
2026-10-08 11:48:24,915 [Worker-45: Updating Maven Project] INFO  o.e.m.j.i.AbstractJavaProjectConfigurator - Adding source folder /MicroserviceGateWay/src/main/java
2026-10-08 11:48:24,919 [Worker-45: Updating Maven Project] INFO  o.e.m.j.i.AbstractJavaProjectConfigurator - Adding resource folder /MicroserviceGateWay/src/main/resources
2026-10-08 11:48:24,928 [Worker-45: Updating Maven Project] INFO  o.e.m.j.i.AbstractJavaProjectConfigurator - Adding resource folder /MicroserviceGateWay/src/main/resources
2026-10-08 11:48:24,980 [Worker-45: Updating Maven Project] INFO  o.e.m.j.i.AbstractJavaProjectConfigurator - Adding source folder /MicroserviceGateWay/src/test/java
2026-10-08 11:48:26,649 [Worker-45: Updating Maven Project] INFO  o.e.m.c.i.p.ProjectConfigurationManager - Update completed: 16 sec
2026-10-08 11:48:31,861 [Worker-45: Building] INFO  o.e.m.c.i.embedder.EclipseLogger - Using 'UTF-8' encoding to copy filtered resources.
2026-10-08 11:48:31,861 [Worker-45: Building] INFO  o.e.m.c.i.embedder.EclipseLogger - Using 'UTF-8' encoding to copy filtered properties files.
2026-10-08 11:48:31,872 [Worker-45: Building] INFO  o.e.m.c.i.embedder.EclipseLogger - Copying 0 resource
2026-10-08 11:48:31,873 [Worker-45: Building] INFO  o.e.m.c.i.embedder.EclipseLogger - Copying 0 resource
2026-10-08 11:48:31,877 [Worker-45: Building] INFO  o.e.m.c.i.embedder.EclipseLogger - Using 'UTF-8' encoding to copy filtered resources.
2026-10-08 11:48:31,878 [Worker-45: Building] INFO  o.e.m.c.i.embedder.EclipseLogger - Using 'UTF-8' encoding to copy filtered properties files.
2026-10-08 11:48:31,878 [Worker-45: Building] INFO  o.e.m.c.i.embedder.EclipseLogger - skip non existing resourceDirectory C:\Microservice_Practice_2\CompanyMicorservice\src\test\resources
2026-10-08 11:48:39,236 [Worker-47: Building] INFO  o.e.m.c.i.embedder.EclipseLogger - Using 'UTF-8' encoding to copy filtered resources.
2026-10-08 11:48:39,236 [Worker-47: Building] INFO  o.e.m.c.i.embedder.EclipseLogger - Using 'UTF-8' encoding to copy filtered properties files.
2026-10-08 11:48:39,238 [Worker-47: Building] INFO  o.e.m.c.i.embedder.EclipseLogger - Copying 0 resource
2026-10-08 11:48:39,241 [Worker-47: Building] INFO  o.e.m.c.i.embedder.EclipseLogger - Copying 0 resource
2026-10-08 11:48:39,244 [Worker-47: Building] INFO  o.e.m.c.i.embedder.EclipseLogger - Using 'UTF-8' encoding to copy filtered resources.
2026-10-08 11:48:39,245 [Worker-47: Building] INFO  o.e.m.c.i.embedder.EclipseLogger - Using 'UTF-8' encoding to copy filtered properties files.
2026-10-08 11:48:39,245 [Worker-47: Building] INFO  o.e.m.c.i.embedder.EclipseLogger - skip non existing resourceDirectory C:\Microservice_practice_4\EmployeeMicorservice\src\test\resources
2026-10-08 11:48:41,676 [Worker-47: Building] INFO  o.e.m.c.i.embedder.EclipseLogger - Using 'UTF-8' encoding to copy filtered resources.
2026-10-08 11:48:41,677 [Worker-47: Building] INFO  o.e.m.c.i.embedder.EclipseLogger - Using 'UTF-8' encoding to copy filtered properties files.
2026-10-08 11:48:41,677 [Worker-47: Building] INFO  o.e.m.c.i.embedder.EclipseLogger - Copying 1 resource
2026-10-08 11:48:41,860 [Worker-47: Building] INFO  o.e.m.c.i.embedder.EclipseLogger - Copying 0 resource
2026-10-08 11:48:41,886 [Worker-47: Building] INFO  o.e.m.c.i.embedder.EclipseLogger - Using 'UTF-8' encoding to copy filtered resources.
2026-10-08 11:48:41,890 [Worker-47: Building] INFO  o.e.m.c.i.embedder.EclipseLogger - Using 'UTF-8' encoding to copy filtered properties files.
2026-10-08 11:48:41,894 [Worker-47: Building] INFO  o.e.m.c.i.embedder.EclipseLogger - skip non existing resourceDirectory C:\Microservice_practice_4\MicroserviceGateWay\src\test\resources
2026-10-08 11:49:26,770 [Worker-41: Building] INFO  o.e.m.c.i.l.LifecycleMappingFactory - Using org.eclipse.m2e.jdt.JarLifecycleMapping lifecycle mapping for MavenProject: com.gateway:MicroserviceGateWay:0.0.1-SNAPSHOT @ C:\Microservice_practice_4\MicroserviceGateWay\pom.xml.
2026-10-08 11:49:27,806 [Worker-41: Building] INFO  o.e.m.c.i.embedder.EclipseLogger - Using 'UTF-8' encoding to copy filtered resources.
2026-10-08 11:49:27,806 [Worker-41: Building] INFO  o.e.m.c.i.embedder.EclipseLogger - Using 'UTF-8' encoding to copy filtered properties files.
2026-10-08 11:49:27,807 [Worker-41: Building] INFO  o.e.m.c.i.embedder.EclipseLogger - Copying 0 resource
2026-10-08 11:49:27,807 [Worker-41: Building] INFO  o.e.m.c.i.embedder.EclipseLogger - Copying 0 resource
2026-10-08 11:49:27,810 [Worker-41: Building] INFO  o.e.m.c.i.embedder.EclipseLogger - Using 'UTF-8' encoding to copy filtered resources.
2026-10-08 11:49:27,811 [Worker-41: Building] INFO  o.e.m.c.i.embedder.EclipseLogger - Using 'UTF-8' encoding to copy filtered properties files.
2026-10-08 11:49:27,811 [Worker-41: Building] INFO  o.e.m.c.i.embedder.EclipseLogger - skip non existing resourceDirectory C:\Microservice_practice_4\MicroserviceGateWay\src\test\resources
2026-10-08 11:49:47,248 [Worker-48: Building] INFO  o.e.m.c.i.l.LifecycleMappingFactory - Using org.eclipse.m2e.jdt.JarLifecycleMapping lifecycle mapping for MavenProject: com.gateway:MicroserviceGateWay:0.0.1-SNAPSHOT @ C:\Microservice_practice_4\MicroserviceGateWay\pom.xml.
2026-10-08 11:49:48,621 [Worker-48: Building] INFO  o.e.m.c.i.embedder.EclipseLogger - Using 'UTF-8' encoding to copy filtered resources.
2026-10-08 11:49:48,621 [Worker-48: Building] INFO  o.e.m.c.i.embedder.EclipseLogger - Using 'UTF-8' encoding to copy filtered properties files.
2026-10-08 11:49:48,621 [Worker-48: Building] INFO  o.e.m.c.i.embedder.EclipseLogger - Copying 0 resource
2026-10-08 11:49:48,622 [Worker-48: Building] INFO  o.e.m.c.i.embedder.EclipseLogger - Copying 0 resource
2026-10-08 11:49:48,628 [Worker-48: Building] INFO  o.e.m.c.i.embedder.EclipseLogger - Using 'UTF-8' encoding to copy filtered resources.
2026-10-08 11:49:48,628 [Worker-48: Building] INFO  o.e.m.c.i.embedder.EclipseLogger - Using 'UTF-8' encoding to copy filtered properties files.
2026-10-08 11:49:48,628 [Worker-48: Building] INFO  o.e.m.c.i.embedder.EclipseLogger - skip non existing resourceDirectory C:\Microservice_practice_4\MicroserviceGateWay\src\test\resources
2026-10-08 11:51:39,437 [Worker-45: Building] INFO  o.e.m.c.i.l.LifecycleMappingFactory - Using org.eclipse.m2e.jdt.JarLifecycleMapping lifecycle mapping for MavenProject: com.gateway:MicroserviceGateWay:0.0.1-SNAPSHOT @ C:\Microservice_practice_4\MicroserviceGateWay\pom.xml.
2026-10-08 11:51:40,568 [Worker-45: Building] INFO  o.e.m.c.i.embedder.EclipseLogger - Using 'UTF-8' encoding to copy filtered resources.
2026-10-08 11:51:40,568 [Worker-45: Building] INFO  o.e.m.c.i.embedder.EclipseLogger - Using 'UTF-8' encoding to copy filtered properties files.
2026-10-08 11:51:40,568 [Worker-45: Building] INFO  o.e.m.c.i.embedder.EclipseLogger - Copying 0 resource
2026-10-08 11:51:40,569 [Worker-45: Building] INFO  o.e.m.c.i.embedder.EclipseLogger - Copying 0 resource
2026-10-08 11:51:40,574 [Worker-45: Building] INFO  o.e.m.c.i.embedder.EclipseLogger - Using 'UTF-8' encoding to copy filtered resources.
2026-10-08 11:51:40,574 [Worker-45: Building] INFO  o.e.m.c.i.embedder.EclipseLogger - Using 'UTF-8' encoding to copy filtered properties files.
2026-10-08 11:51:40,575 [Worker-45: Building] INFO  o.e.m.c.i.embedder.EclipseLogger - skip non existing resourceDirectory C:\Microservice_practice_4\MicroserviceGateWay\src\test\resources
2026-10-08 11:53:14,084 [Worker-49: Building] INFO  o.e.m.c.i.l.LifecycleMappingFactory - Using org.eclipse.m2e.jdt.JarLifecycleMapping lifecycle mapping for MavenProject: com.gateway:MicroserviceGateWay:0.0.1-SNAPSHOT @ C:\Microservice_practice_4\MicroserviceGateWay\pom.xml.
2026-10-08 11:53:16,008 [Worker-52: reload maven project] INFO  o.e.m.c.i.e.AbstractTransferListenerAdapter - Downloaded https://repo.maven.apache.org/maven2/org/springframework/cloud/spring-cloud-starter-gateway/2.2.4.RELEASE/spring-cloud-starter-gateway-2.2.4.RELEASE.pom
2026-10-08 11:53:16,011 [Worker-49: Building] INFO  o.e.m.c.i.e.AbstractTransferListenerAdapter - Downloaded https://repo.maven.apache.org/maven2/org/springframework/cloud/spring-cloud-starter-gateway/2.2.4.RELEASE/spring-cloud-starter-gateway-2.2.4.RELEASE.pom
2026-10-08 11:53:16,557 [Worker-52: reload maven project] INFO  o.e.m.c.i.e.AbstractTransferListenerAdapter - Downloaded https://repo.maven.apache.org/maven2/org/springframework/cloud/spring-cloud-gateway/2.2.4.RELEASE/spring-cloud-gateway-2.2.4.RELEASE.pom
2026-10-08 11:53:16,560 [Worker-49: Building] INFO  o.e.m.c.i.e.AbstractTransferListenerAdapter - Downloaded https://repo.maven.apache.org/maven2/org/springframework/cloud/spring-cloud-gateway/2.2.4.RELEASE/spring-cloud-gateway-2.2.4.RELEASE.pom
2026-10-08 11:53:17,331 [Worker-52: reload maven project] INFO  o.e.m.c.i.e.AbstractTransferListenerAdapter - Downloaded https://repo.maven.apache.org/maven2/org/springframework/cloud/spring-cloud-gateway-core/2.2.4.RELEASE/spring-cloud-gateway-core-2.2.4.RELEASE.pom
2026-10-08 11:53:17,335 [Worker-49: Building] INFO  o.e.m.c.i.e.AbstractTransferListenerAdapter - Downloaded https://repo.maven.apache.org/maven2/org/springframework/cloud/spring-cloud-gateway-core/2.2.4.RELEASE/spring-cloud-gateway-core-2.2.4.RELEASE.pom
2026-10-08 11:53:17,635 [Worker-49: Building] INFO  o.e.m.c.i.e.AbstractTransferListenerAdapter - Downloaded https://repo.maven.apache.org/maven2/org/springframework/boot/spring-boot-starter-webflux/2.7.10/spring-boot-starter-webflux-2.7.10.pom
2026-10-08 11:53:17,639 [Worker-52: reload maven project] INFO  o.e.m.c.i.e.AbstractTransferListenerAdapter - Downloaded https://repo.maven.apache.org/maven2/org/springframework/boot/spring-boot-starter-webflux/2.7.10/spring-boot-starter-webflux-2.7.10.pom
2026-10-08 11:53:17,859 [Worker-49: Building] INFO  o.e.m.c.i.e.AbstractTransferListenerAdapter - Downloaded https://repo.maven.apache.org/maven2/org/springframework/boot/spring-boot-starter-reactor-netty/2.7.10/spring-boot-starter-reactor-netty-2.7.10.pom
2026-10-08 11:53:17,873 [Worker-52: reload maven project] INFO  o.e.m.c.i.e.AbstractTransferListenerAdapter - Downloaded https://repo.maven.apache.org/maven2/org/springframework/boot/spring-boot-starter-reactor-netty/2.7.10/spring-boot-starter-reactor-netty-2.7.10.pom
2026-10-08 11:53:18,039 [Worker-49: Building] INFO  o.e.m.c.i.e.AbstractTransferListenerAdapter - Downloaded https://repo.maven.apache.org/maven2/io/projectreactor/netty/reactor-netty-http/1.0.30/reactor-netty-http-1.0.30.pom
2026-10-08 11:53:18,043 [Worker-52: reload maven project] INFO  o.e.m.c.i.e.AbstractTransferListenerAdapter - Downloaded https://repo.maven.apache.org/maven2/io/projectreactor/netty/reactor-netty-http/1.0.30/reactor-netty-http-1.0.30.pom
2026-10-08 11:53:18,306 [Worker-49: Building] INFO  o.e.m.c.i.e.AbstractTransferListenerAdapter - Downloaded https://repo.maven.apache.org/maven2/io/netty/netty-codec-http/4.1.90.Final/netty-codec-http-4.1.90.Final.pom
2026-10-08 11:53:18,311 [Worker-52: reload maven project] INFO  o.e.m.c.i.e.AbstractTransferListenerAdapter - Downloaded https://repo.maven.apache.org/maven2/io/netty/netty-codec-http/4.1.90.Final/netty-codec-http-4.1.90.Final.pom
2026-10-08 11:53:18,565 [Worker-49: Building] INFO  o.e.m.c.i.e.AbstractTransferListenerAdapter - Downloaded https://repo.maven.apache.org/maven2/io/netty/netty-parent/4.1.90.Final/netty-parent-4.1.90.Final.pom
2026-10-08 11:53:18,568 [Worker-52: reload maven project] INFO  o.e.m.c.i.e.AbstractTransferListenerAdapter - Downloaded https://repo.maven.apache.org/maven2/io/netty/netty-parent/4.1.90.Final/netty-parent-4.1.90.Final.pom
2026-10-08 11:53:18,843 [Worker-52: reload maven project] INFO  o.e.m.c.i.e.AbstractTransferListenerAdapter - Downloaded https://repo.maven.apache.org/maven2/io/netty/netty-common/4.1.90.Final/netty-common-4.1.90.Final.pom
2026-10-08 11:53:18,847 [Worker-49: Building] INFO  o.e.m.c.i.e.AbstractTransferListenerAdapter - Downloaded https://repo.maven.apache.org/maven2/io/netty/netty-common/4.1.90.Final/netty-common-4.1.90.Final.pom
2026-10-08 11:53:19,081 [Worker-52: reload maven project] INFO  o.e.m.c.i.e.AbstractTransferListenerAdapter - Downloaded https://repo.maven.apache.org/maven2/io/netty/netty-buffer/4.1.90.Final/netty-buffer-4.1.90.Final.pom
2026-10-08 11:53:19,085 [Worker-49: Building] INFO  o.e.m.c.i.e.AbstractTransferListenerAdapter - Downloaded https://repo.maven.apache.org/maven2/io/netty/netty-buffer/4.1.90.Final/netty-buffer-4.1.90.Final.pom
2026-10-08 11:53:19,292 [Worker-52: reload maven project] INFO  o.e.m.c.i.e.AbstractTransferListenerAdapter - Downloaded https://repo.maven.apache.org/maven2/io/netty/netty-transport/4.1.90.Final/netty-transport-4.1.90.Final.pom
2026-10-08 11:53:19,295 [Worker-49: Building] INFO  o.e.m.c.i.e.AbstractTransferListenerAdapter - Downloaded https://repo.maven.apache.org/maven2/io/netty/netty-transport/4.1.90.Final/netty-transport-4.1.90.Final.pom
2026-10-08 11:53:19,600 [Worker-52: reload maven project] INFO  o.e.m.c.i.e.AbstractTransferListenerAdapter - Downloaded https://repo.maven.apache.org/maven2/io/netty/netty-resolver/4.1.90.Final/netty-resolver-4.1.90.Final.pom
2026-10-08 11:53:19,612 [Worker-49: Building] INFO  o.e.m.c.i.e.AbstractTransferListenerAdapter - Downloaded https://repo.maven.apache.org/maven2/io/netty/netty-resolver/4.1.90.Final/netty-resolver-4.1.90.Final.pom
2026-10-08 11:53:19,845 [Worker-49: Building] INFO  o.e.m.c.i.e.AbstractTransferListenerAdapter - Downloaded https://repo.maven.apache.org/maven2/io/netty/netty-codec/4.1.90.Final/netty-codec-4.1.90.Final.pom
2026-10-08 11:53:19,849 [Worker-52: reload maven project] INFO  o.e.m.c.i.e.AbstractTransferListenerAdapter - Downloaded https://repo.maven.apache.org/maven2/io/netty/netty-codec/4.1.90.Final/netty-codec-4.1.90.Final.pom
2026-10-08 11:53:20,055 [Worker-49: Building] INFO  o.e.m.c.i.e.AbstractTransferListenerAdapter - Downloaded https://repo.maven.apache.org/maven2/io/netty/netty-handler/4.1.90.Final/netty-handler-4.1.90.Final.pom
2026-10-08 11:53:20,058 [Worker-52: reload maven project] INFO  o.e.m.c.i.e.AbstractTransferListenerAdapter - Downloaded https://repo.maven.apache.org/maven2/io/netty/netty-handler/4.1.90.Final/netty-handler-4.1.90.Final.pom
2026-10-08 11:53:20,326 [Worker-49: Building] INFO  o.e.m.c.i.e.AbstractTransferListenerAdapter - Downloaded https://repo.maven.apache.org/maven2/io/netty/netty-transport-native-unix-common/4.1.90.Final/netty-transport-native-unix-common-4.1.90.Final.pom
2026-10-08 11:53:20,329 [Worker-52: reload maven project] INFO  o.e.m.c.i.e.AbstractTransferListenerAdapter - Downloaded https://repo.maven.apache.org/maven2/io/netty/netty-transport-native-unix-common/4.1.90.Final/netty-transport-native-unix-common-4.1.90.Final.pom
2026-10-08 11:53:20,496 [Worker-52: reload maven project] INFO  o.e.m.c.i.e.AbstractTransferListenerAdapter - Downloaded https://repo.maven.apache.org/maven2/io/netty/netty-codec-http2/4.1.90.Final/netty-codec-http2-4.1.90.Final.pom
2026-10-08 11:53:20,501 [Worker-49: Building] INFO  o.e.m.c.i.e.AbstractTransferListenerAdapter - Downloaded https://repo.maven.apache.org/maven2/io/netty/netty-codec-http2/4.1.90.Final/netty-codec-http2-4.1.90.Final.pom
2026-10-08 11:53:20,757 [Worker-52: reload maven project] INFO  o.e.m.c.i.e.AbstractTransferListenerAdapter - Downloaded https://repo.maven.apache.org/maven2/io/netty/netty-resolver-dns/4.1.90.Final/netty-resolver-dns-4.1.90.Final.pom
2026-10-08 11:53:20,760 [Worker-49: Building] INFO  o.e.m.c.i.e.AbstractTransferListenerAdapter - Downloaded https://repo.maven.apache.org/maven2/io/netty/netty-resolver-dns/4.1.90.Final/netty-resolver-dns-4.1.90.Final.pom
2026-10-08 11:53:21,079 [Worker-52: reload maven project] INFO  o.e.m.c.i.e.AbstractTransferListenerAdapter - Downloaded https://repo.maven.apache.org/maven2/io/netty/netty-codec-dns/4.1.90.Final/netty-codec-dns-4.1.90.Final.pom
2026-10-08 11:53:21,082 [Worker-49: Building] INFO  o.e.m.c.i.e.AbstractTransferListenerAdapter - Downloaded https://repo.maven.apache.org/maven2/io/netty/netty-codec-dns/4.1.90.Final/netty-codec-dns-4.1.90.Final.pom
2026-10-08 11:53:21,298 [Worker-52: reload maven project] INFO  o.e.m.c.i.e.AbstractTransferListenerAdapter - Downloaded https://repo.maven.apache.org/maven2/io/netty/netty-resolver-dns-native-macos/4.1.90.Final/netty-resolver-dns-native-macos-4.1.90.Final.pom
2026-10-08 11:53:21,301 [Worker-49: Building] INFO  o.e.m.c.i.e.AbstractTransferListenerAdapter - Downloaded https://repo.maven.apache.org/maven2/io/netty/netty-resolver-dns-native-macos/4.1.90.Final/netty-resolver-dns-native-macos-4.1.90.Final.pom
2026-10-08 11:53:21,548 [Worker-52: reload maven project] INFO  o.e.m.c.i.e.AbstractTransferListenerAdapter - Downloaded https://repo.maven.apache.org/maven2/io/netty/netty-resolver-dns-classes-macos/4.1.90.Final/netty-resolver-dns-classes-macos-4.1.90.Final.pom
2026-10-08 11:53:21,552 [Worker-49: Building] INFO  o.e.m.c.i.e.AbstractTransferListenerAdapter - Downloaded https://repo.maven.apache.org/maven2/io/netty/netty-resolver-dns-classes-macos/4.1.90.Final/netty-resolver-dns-classes-macos-4.1.90.Final.pom
2026-10-08 11:53:21,730 [Worker-49: Building] INFO  o.e.m.c.i.e.AbstractTransferListenerAdapter - Downloaded https://repo.maven.apache.org/maven2/io/netty/netty-transport-native-epoll/4.1.90.Final/netty-transport-native-epoll-4.1.90.Final.pom
2026-10-08 11:53:21,734 [Worker-52: reload maven project] INFO  o.e.m.c.i.e.AbstractTransferListenerAdapter - Downloaded https://repo.maven.apache.org/maven2/io/netty/netty-transport-native-epoll/4.1.90.Final/netty-transport-native-epoll-4.1.90.Final.pom
2026-10-08 11:53:21,955 [Worker-49: Building] INFO  o.e.m.c.i.e.AbstractTransferListenerAdapter - Downloaded https://repo.maven.apache.org/maven2/io/netty/netty-transport-classes-epoll/4.1.90.Final/netty-transport-classes-epoll-4.1.90.Final.pom
2026-10-08 11:53:21,958 [Worker-52: reload maven project] INFO  o.e.m.c.i.e.AbstractTransferListenerAdapter - Downloaded https://repo.maven.apache.org/maven2/io/netty/netty-transport-classes-epoll/4.1.90.Final/netty-transport-classes-epoll-4.1.90.Final.pom
2026-10-08 11:53:22,154 [Worker-49: Building] INFO  o.e.m.c.i.e.AbstractTransferListenerAdapter - Downloaded https://repo.maven.apache.org/maven2/io/projectreactor/netty/reactor-netty-core/1.0.30/reactor-netty-core-1.0.30.pom
2026-10-08 11:53:22,158 [Worker-52: reload maven project] INFO  o.e.m.c.i.e.AbstractTransferListenerAdapter - Downloaded https://repo.maven.apache.org/maven2/io/projectreactor/netty/reactor-netty-core/1.0.30/reactor-netty-core-1.0.30.pom
2026-10-08 11:53:22,408 [Worker-52: reload maven project] INFO  o.e.m.c.i.e.AbstractTransferListenerAdapter - Downloaded https://repo.maven.apache.org/maven2/io/netty/netty-handler-proxy/4.1.90.Final/netty-handler-proxy-4.1.90.Final.pom
2026-10-08 11:53:22,411 [Worker-49: Building] INFO  o.e.m.c.i.e.AbstractTransferListenerAdapter - Downloaded https://repo.maven.apache.org/maven2/io/netty/netty-handler-proxy/4.1.90.Final/netty-handler-proxy-4.1.90.Final.pom
2026-10-08 11:53:22,597 [Worker-49: Building] INFO  o.e.m.c.i.e.AbstractTransferListenerAdapter - Downloaded https://repo.maven.apache.org/maven2/io/netty/netty-codec-socks/4.1.90.Final/netty-codec-socks-4.1.90.Final.pom
2026-10-08 11:53:22,601 [Worker-52: reload maven project] INFO  o.e.m.c.i.e.AbstractTransferListenerAdapter - Downloaded https://repo.maven.apache.org/maven2/io/netty/netty-codec-socks/4.1.90.Final/netty-codec-socks-4.1.90.Final.pom
2026-10-08 11:53:22,790 [Worker-52: reload maven project] INFO  o.e.m.c.i.e.AbstractTransferListenerAdapter - Downloaded https://repo.maven.apache.org/maven2/org/springframework/spring-webflux/5.3.26/spring-webflux-5.3.26.pom
2026-10-08 11:53:22,793 [Worker-49: Building] INFO  o.e.m.c.i.e.AbstractTransferListenerAdapter - Downloaded https://repo.maven.apache.org/maven2/org/springframework/spring-webflux/5.3.26/spring-webflux-5.3.26.pom
2026-10-08 11:53:23,300 [AetherRepositoryConnector-repo.maven.apache.org-0-2] INFO  o.e.m.c.i.e.AbstractTransferListenerAdapter - Downloading https://repo.maven.apache.org/maven2/org/springframework/boot/spring-boot-starter-webflux/2.7.10/spring-boot-starter-webflux-2.7.10.jar
2026-10-08 11:53:23,301 [AetherRepositoryConnector-repo.maven.apache.org-1-2] INFO  o.e.m.c.i.e.AbstractTransferListenerAdapter - Downloading https://repo.maven.apache.org/maven2/org/springframework/boot/spring-boot-starter-webflux/2.7.10/spring-boot-starter-webflux-2.7.10.jar
2026-10-08 11:53:23,308 [AetherRepositoryConnector-repo.maven.apache.org-0-3] INFO  o.e.m.c.i.e.AbstractTransferListenerAdapter - Downloading https://repo.maven.apache.org/maven2/org/springframework/boot/spring-boot-starter-reactor-netty/2.7.10/spring-boot-starter-reactor-netty-2.7.10.jar
2026-10-08 11:53:23,309 [AetherRepositoryConnector-repo.maven.apache.org-1-3] INFO  o.e.m.c.i.e.AbstractTransferListenerAdapter - Downloading https://repo.maven.apache.org/maven2/org/springframework/boot/spring-boot-starter-reactor-netty/2.7.10/spring-boot-starter-reactor-netty-2.7.10.jar
2026-10-08 11:53:23,320 [AetherRepositoryConnector-repo.maven.apache.org-0-4] INFO  o.e.m.c.i.e.AbstractTransferListenerAdapter - Downloading https://repo.maven.apache.org/maven2/io/projectreactor/netty/reactor-netty-http/1.0.30/reactor-netty-http-1.0.30.jar
2026-10-08 11:53:23,325 [AetherRepositoryConnector-repo.maven.apache.org-1-4] INFO  o.e.m.c.i.e.AbstractTransferListenerAdapter - Downloading https://repo.maven.apache.org/maven2/io/projectreactor/netty/reactor-netty-http/1.0.30/reactor-netty-http-1.0.30.jar
2026-10-08 11:53:23,435 [AetherRepositoryConnector-repo.maven.apache.org-0-2] INFO  o.e.m.c.i.e.AbstractTransferListenerAdapter - Downloaded https://repo.maven.apache.org/maven2/org/springframework/boot/spring-boot-starter-webflux/2.7.10/spring-boot-starter-webflux-2.7.10.jar
2026-10-08 11:53:23,439 [AetherRepositoryConnector-repo.maven.apache.org-0-3] INFO  o.e.m.c.i.e.AbstractTransferListenerAdapter - Downloaded https://repo.maven.apache.org/maven2/org/springframework/boot/spring-boot-starter-reactor-netty/2.7.10/spring-boot-starter-reactor-netty-2.7.10.jar
2026-10-08 11:53:23,456 [AetherRepositoryConnector-repo.maven.apache.org-1-3] INFO  o.e.m.c.i.e.AbstractTransferListenerAdapter - Downloaded https://repo.maven.apache.org/maven2/org/springframework/boot/spring-boot-starter-reactor-netty/2.7.10/spring-boot-starter-reactor-netty-2.7.10.jar
2026-10-08 11:53:23,456 [AetherRepositoryConnector-repo.maven.apache.org-1-2] INFO  o.e.m.c.i.e.AbstractTransferListenerAdapter - Downloaded https://repo.maven.apache.org/maven2/org/springframework/boot/spring-boot-starter-webflux/2.7.10/spring-boot-starter-webflux-2.7.10.jar
2026-10-08 11:53:23,471 [AetherRepositoryConnector-repo.maven.apache.org-0-1] INFO  o.e.m.c.i.e.AbstractTransferListenerAdapter - Downloading https://repo.maven.apache.org/maven2/org/springframework/cloud/spring-cloud-gateway-core/2.2.4.RELEASE/spring-cloud-gateway-core-2.2.4.RELEASE.jar
2026-10-08 11:53:23,474 [AetherRepositoryConnector-repo.maven.apache.org-1-1] INFO  o.e.m.c.i.e.AbstractTransferListenerAdapter - Downloading https://repo.maven.apache.org/maven2/org/springframework/cloud/spring-cloud-gateway-core/2.2.4.RELEASE/spring-cloud-gateway-core-2.2.4.RELEASE.jar
2026-10-08 11:53:23,493 [AetherRepositoryConnector-repo.maven.apache.org-0-0] INFO  o.e.m.c.i.e.AbstractTransferListenerAdapter - Downloading https://repo.maven.apache.org/maven2/org/springframework/cloud/spring-cloud-starter-gateway/2.2.4.RELEASE/spring-cloud-starter-gateway-2.2.4.RELEASE.jar
2026-10-08 11:53:23,517 [AetherRepositoryConnector-repo.maven.apache.org-1-0] INFO  o.e.m.c.i.e.AbstractTransferListenerAdapter - Downloading https://repo.maven.apache.org/maven2/org/springframework/cloud/spring-cloud-starter-gateway/2.2.4.RELEASE/spring-cloud-starter-gateway-2.2.4.RELEASE.jar
2026-10-08 11:53:23,552 [AetherRepositoryConnector-repo.maven.apache.org-1-3] INFO  o.e.m.c.i.e.AbstractTransferListenerAdapter - Downloading https://repo.maven.apache.org/maven2/io/netty/netty-codec-http/4.1.90.Final/netty-codec-http-4.1.90.Final.jar
2026-10-08 11:53:23,554 [AetherRepositoryConnector-repo.maven.apache.org-0-2] INFO  o.e.m.c.i.e.AbstractTransferListenerAdapter - Downloading https://repo.maven.apache.org/maven2/io/netty/netty-codec-http/4.1.90.Final/netty-codec-http-4.1.90.Final.jar
2026-10-08 11:53:23,758 [AetherRepositoryConnector-repo.maven.apache.org-0-3] INFO  o.e.m.c.i.e.AbstractTransferListenerAdapter - Downloading https://repo.maven.apache.org/maven2/io/netty/netty-common/4.1.90.Final/netty-common-4.1.90.Final.jar
2026-10-08 11:53:23,790 [AetherRepositoryConnector-repo.maven.apache.org-1-2] INFO  o.e.m.c.i.e.AbstractTransferListenerAdapter - Downloading https://repo.maven.apache.org/maven2/io/netty/netty-common/4.1.90.Final/netty-common-4.1.90.Final.jar
2026-10-08 11:53:23,794 [AetherRepositoryConnector-repo.maven.apache.org-0-4] INFO  o.e.m.c.i.e.AbstractTransferListenerAdapter - Downloaded https://repo.maven.apache.org/maven2/io/projectreactor/netty/reactor-netty-http/1.0.30/reactor-netty-http-1.0.30.jar
2026-10-08 11:53:23,900 [AetherRepositoryConnector-repo.maven.apache.org-1-4] INFO  o.e.m.c.i.e.AbstractTransferListenerAdapter - Downloaded https://repo.maven.apache.org/maven2/io/projectreactor/netty/reactor-netty-http/1.0.30/reactor-netty-http-1.0.30.jar
2026-10-08 11:53:23,919 [AetherRepositoryConnector-repo.maven.apache.org-0-0] INFO  o.e.m.c.i.e.AbstractTransferListenerAdapter - Downloaded https://repo.maven.apache.org/maven2/org/springframework/cloud/spring-cloud-starter-gateway/2.2.4.RELEASE/spring-cloud-starter-gateway-2.2.4.RELEASE.jar
2026-10-08 11:53:23,921 [AetherRepositoryConnector-repo.maven.apache.org-0-4] INFO  o.e.m.c.i.e.AbstractTransferListenerAdapter - Downloading https://repo.maven.apache.org/maven2/io/netty/netty-buffer/4.1.90.Final/netty-buffer-4.1.90.Final.jar
2026-10-08 11:53:24,025 [AetherRepositoryConnector-repo.maven.apache.org-1-4] INFO  o.e.m.c.i.e.AbstractTransferListenerAdapter - Downloading https://repo.maven.apache.org/maven2/io/netty/netty-buffer/4.1.90.Final/netty-buffer-4.1.90.Final.jar
2026-10-08 11:53:24,065 [AetherRepositoryConnector-repo.maven.apache.org-0-1] INFO  o.e.m.c.i.e.AbstractTransferListenerAdapter - Downloaded https://repo.maven.apache.org/maven2/org/springframework/cloud/spring-cloud-gateway-core/2.2.4.RELEASE/spring-cloud-gateway-core-2.2.4.RELEASE.jar
2026-10-08 11:53:24,073 [AetherRepositoryConnector-repo.maven.apache.org-0-0] INFO  o.e.m.c.i.e.AbstractTransferListenerAdapter - Downloading https://repo.maven.apache.org/maven2/io/netty/netty-transport/4.1.90.Final/netty-transport-4.1.90.Final.jar
2026-10-08 11:53:24,188 [AetherRepositoryConnector-repo.maven.apache.org-1-0] INFO  o.e.m.c.i.e.AbstractTransferListenerAdapter - Downloaded https://repo.maven.apache.org/maven2/org/springframework/cloud/spring-cloud-starter-gateway/2.2.4.RELEASE/spring-cloud-starter-gateway-2.2.4.RELEASE.jar
2026-10-08 11:53:24,239 [AetherRepositoryConnector-repo.maven.apache.org-0-2] INFO  o.e.m.c.i.e.AbstractTransferListenerAdapter - Downloaded https://repo.maven.apache.org/maven2/io/netty/netty-codec-http/4.1.90.Final/netty-codec-http-4.1.90.Final.jar
2026-10-08 11:53:24,251 [AetherRepositoryConnector-repo.maven.apache.org-0-1] INFO  o.e.m.c.i.e.AbstractTransferListenerAdapter - Downloading https://repo.maven.apache.org/maven2/io/netty/netty-codec/4.1.90.Final/netty-codec-4.1.90.Final.jar
2026-10-08 11:53:24,253 [AetherRepositoryConnector-repo.maven.apache.org-1-0] INFO  o.e.m.c.i.e.AbstractTransferListenerAdapter - Downloading https://repo.maven.apache.org/maven2/io/netty/netty-transport/4.1.90.Final/netty-transport-4.1.90.Final.jar
2026-10-08 11:53:24,255 [AetherRepositoryConnector-repo.maven.apache.org-0-4] INFO  o.e.m.c.i.e.AbstractTransferListenerAdapter - Downloaded https://repo.maven.apache.org/maven2/io/netty/netty-buffer/4.1.90.Final/netty-buffer-4.1.90.Final.jar
2026-10-08 11:53:24,259 [AetherRepositoryConnector-repo.maven.apache.org-0-3] INFO  o.e.m.c.i.e.AbstractTransferListenerAdapter - Downloaded https://repo.maven.apache.org/maven2/io/netty/netty-common/4.1.90.Final/netty-common-4.1.90.Final.jar
2026-10-08 11:53:24,393 [AetherRepositoryConnector-repo.maven.apache.org-0-0] INFO  o.e.m.c.i.e.AbstractTransferListenerAdapter - Downloaded https://repo.maven.apache.org/maven2/io/netty/netty-transport/4.1.90.Final/netty-transport-4.1.90.Final.jar
2026-10-08 11:53:24,394 [AetherRepositoryConnector-repo.maven.apache.org-0-4] INFO  o.e.m.c.i.e.AbstractTransferListenerAdapter - Downloading https://repo.maven.apache.org/maven2/io/netty/netty-codec-http2/4.1.90.Final/netty-codec-http2-4.1.90.Final.jar
2026-10-08 11:53:24,397 [AetherRepositoryConnector-repo.maven.apache.org-0-3] INFO  o.e.m.c.i.e.AbstractTransferListenerAdapter - Downloading https://repo.maven.apache.org/maven2/io/netty/netty-resolver-dns/4.1.90.Final/netty-resolver-dns-4.1.90.Final.jar
2026-10-08 11:53:24,398 [AetherRepositoryConnector-repo.maven.apache.org-0-2] INFO  o.e.m.c.i.e.AbstractTransferListenerAdapter - Downloading https://repo.maven.apache.org/maven2/io/netty/netty-handler/4.1.90.Final/netty-handler-4.1.90.Final.jar
2026-10-08 11:53:24,411 [AetherRepositoryConnector-repo.maven.apache.org-1-1] INFO  o.e.m.c.i.e.AbstractTransferListenerAdapter - Downloaded https://repo.maven.apache.org/maven2/org/springframework/cloud/spring-cloud-gateway-core/2.2.4.RELEASE/spring-cloud-gateway-core-2.2.4.RELEASE.jar
2026-10-08 11:53:24,460 [AetherRepositoryConnector-repo.maven.apache.org-1-1] INFO  o.e.m.c.i.e.AbstractTransferListenerAdapter - Downloading https://repo.maven.apache.org/maven2/io/netty/netty-codec/4.1.90.Final/netty-codec-4.1.90.Final.jar
2026-10-08 11:53:24,579 [AetherRepositoryConnector-repo.maven.apache.org-0-0] INFO  o.e.m.c.i.e.AbstractTransferListenerAdapter - Downloading https://repo.maven.apache.org/maven2/io/netty/netty-resolver/4.1.90.Final/netty-resolver-4.1.90.Final.jar
2026-10-08 11:53:24,706 [AetherRepositoryConnector-repo.maven.apache.org-0-1] INFO  o.e.m.c.i.e.AbstractTransferListenerAdapter - Downloaded https://repo.maven.apache.org/maven2/io/netty/netty-codec/4.1.90.Final/netty-codec-4.1.90.Final.jar
2026-10-08 11:53:24,721 [AetherRepositoryConnector-repo.maven.apache.org-1-4] INFO  o.e.m.c.i.e.AbstractTransferListenerAdapter - Downloaded https://repo.maven.apache.org/maven2/io/netty/netty-buffer/4.1.90.Final/netty-buffer-4.1.90.Final.jar
2026-10-08 11:53:24,728 [AetherRepositoryConnector-repo.maven.apache.org-1-2] INFO  o.e.m.c.i.e.AbstractTransferListenerAdapter - Downloaded https://repo.maven.apache.org/maven2/io/netty/netty-common/4.1.90.Final/netty-common-4.1.90.Final.jar
2026-10-08 11:53:24,735 [AetherRepositoryConnector-repo.maven.apache.org-1-3] INFO  o.e.m.c.i.e.AbstractTransferListenerAdapter - Downloaded https://repo.maven.apache.org/maven2/io/netty/netty-codec-http/4.1.90.Final/netty-codec-http-4.1.90.Final.jar
2026-10-08 11:53:24,743 [AetherRepositoryConnector-repo.maven.apache.org-1-1] INFO  o.e.m.c.i.e.AbstractTransferListenerAdapter - Downloaded https://repo.maven.apache.org/maven2/io/netty/netty-codec/4.1.90.Final/netty-codec-4.1.90.Final.jar
2026-10-08 11:53:24,751 [AetherRepositoryConnector-repo.maven.apache.org-1-4] INFO  o.e.m.c.i.e.AbstractTransferListenerAdapter - Downloading https://repo.maven.apache.org/maven2/io/netty/netty-handler/4.1.90.Final/netty-handler-4.1.90.Final.jar
2026-10-08 11:53:24,868 [AetherRepositoryConnector-repo.maven.apache.org-0-1] INFO  o.e.m.c.i.e.AbstractTransferListenerAdapter - Downloading https://repo.maven.apache.org/maven2/io/netty/netty-codec-dns/4.1.90.Final/netty-codec-dns-4.1.90.Final.jar
2026-10-08 11:53:24,871 [AetherRepositoryConnector-repo.maven.apache.org-1-2] INFO  o.e.m.c.i.e.AbstractTransferListenerAdapter - Downloading https://repo.maven.apache.org/maven2/io/netty/netty-codec-http2/4.1.90.Final/netty-codec-http2-4.1.90.Final.jar
2026-10-08 11:53:24,871 [AetherRepositoryConnector-repo.maven.apache.org-0-0] INFO  o.e.m.c.i.e.AbstractTransferListenerAdapter - Downloaded https://repo.maven.apache.org/maven2/io/netty/netty-resolver/4.1.90.Final/netty-resolver-4.1.90.Final.jar
2026-10-08 11:53:24,873 [AetherRepositoryConnector-repo.maven.apache.org-1-3] INFO  o.e.m.c.i.e.AbstractTransferListenerAdapter - Downloading https://repo.maven.apache.org/maven2/io/netty/netty-resolver-dns/4.1.90.Final/netty-resolver-dns-4.1.90.Final.jar
2026-10-08 11:53:24,874 [AetherRepositoryConnector-repo.maven.apache.org-1-1] INFO  o.e.m.c.i.e.AbstractTransferListenerAdapter - Downloading https://repo.maven.apache.org/maven2/io/netty/netty-resolver/4.1.90.Final/netty-resolver-4.1.90.Final.jar
2026-10-08 11:53:24,888 [AetherRepositoryConnector-repo.maven.apache.org-0-2] INFO  o.e.m.c.i.e.AbstractTransferListenerAdapter - Downloaded https://repo.maven.apache.org/maven2/io/netty/netty-handler/4.1.90.Final/netty-handler-4.1.90.Final.jar
2026-10-08 11:53:24,891 [AetherRepositoryConnector-repo.maven.apache.org-0-3] INFO  o.e.m.c.i.e.AbstractTransferListenerAdapter - Downloaded https://repo.maven.apache.org/maven2/io/netty/netty-resolver-dns/4.1.90.Final/netty-resolver-dns-4.1.90.Final.jar
2026-10-08 11:53:24,928 [AetherRepositoryConnector-repo.maven.apache.org-1-0] INFO  o.e.m.c.i.e.AbstractTransferListenerAdapter - Downloaded https://repo.maven.apache.org/maven2/io/netty/netty-transport/4.1.90.Final/netty-transport-4.1.90.Final.jar
2026-10-08 11:53:24,950 [AetherRepositoryConnector-repo.maven.apache.org-0-4] INFO  o.e.m.c.i.e.AbstractTransferListenerAdapter - Downloaded https://repo.maven.apache.org/maven2/io/netty/netty-codec-http2/4.1.90.Final/netty-codec-http2-4.1.90.Final.jar
2026-10-08 11:53:24,967 [AetherRepositoryConnector-repo.maven.apache.org-1-0] INFO  o.e.m.c.i.e.AbstractTransferListenerAdapter - Downloading https://repo.maven.apache.org/maven2/io/netty/netty-codec-dns/4.1.90.Final/netty-codec-dns-4.1.90.Final.jar
2026-10-08 11:53:25,004 [AetherRepositoryConnector-repo.maven.apache.org-0-0] INFO  o.e.m.c.i.e.AbstractTransferListenerAdapter - Downloading https://repo.maven.apache.org/maven2/io/netty/netty-resolver-dns-native-macos/4.1.90.Final/netty-resolver-dns-native-macos-4.1.90.Final-osx-x86_64.jar
2026-10-08 11:53:25,030 [AetherRepositoryConnector-repo.maven.apache.org-1-1] INFO  o.e.m.c.i.e.AbstractTransferListenerAdapter - Downloaded https://repo.maven.apache.org/maven2/io/netty/netty-resolver/4.1.90.Final/netty-resolver-4.1.90.Final.jar
2026-10-08 11:53:25,033 [AetherRepositoryConnector-repo.maven.apache.org-0-2] INFO  o.e.m.c.i.e.AbstractTransferListenerAdapter - Downloading https://repo.maven.apache.org/maven2/io/netty/netty-resolver-dns-classes-macos/4.1.90.Final/netty-resolver-dns-classes-macos-4.1.90.Final.jar
2026-10-08 11:53:25,043 [AetherRepositoryConnector-repo.maven.apache.org-1-3] INFO  o.e.m.c.i.e.AbstractTransferListenerAdapter - Downloaded https://repo.maven.apache.org/maven2/io/netty/netty-resolver-dns/4.1.90.Final/netty-resolver-dns-4.1.90.Final.jar
2026-10-08 11:53:25,044 [AetherRepositoryConnector-repo.maven.apache.org-0-3] INFO  o.e.m.c.i.e.AbstractTransferListenerAdapter - Downloading https://repo.maven.apache.org/maven2/io/netty/netty-transport-native-epoll/4.1.90.Final/netty-transport-native-epoll-4.1.90.Final-linux-x86_64.jar
2026-10-08 11:53:25,052 [AetherRepositoryConnector-repo.maven.apache.org-1-0] INFO  o.e.m.c.i.e.AbstractTransferListenerAdapter - Downloaded https://repo.maven.apache.org/maven2/io/netty/netty-codec-dns/4.1.90.Final/netty-codec-dns-4.1.90.Final.jar
2026-10-08 11:53:25,060 [AetherRepositoryConnector-repo.maven.apache.org-0-1] INFO  o.e.m.c.i.e.AbstractTransferListenerAdapter - Downloaded https://repo.maven.apache.org/maven2/io/netty/netty-codec-dns/4.1.90.Final/netty-codec-dns-4.1.90.Final.jar
2026-10-08 11:53:25,062 [AetherRepositoryConnector-repo.maven.apache.org-1-1] INFO  o.e.m.c.i.e.AbstractTransferListenerAdapter - Downloading https://repo.maven.apache.org/maven2/io/netty/netty-resolver-dns-native-macos/4.1.90.Final/netty-resolver-dns-native-macos-4.1.90.Final-osx-x86_64.jar
2026-10-08 11:53:25,068 [AetherRepositoryConnector-repo.maven.apache.org-1-3] INFO  o.e.m.c.i.e.AbstractTransferListenerAdapter - Downloading https://repo.maven.apache.org/maven2/io/netty/netty-resolver-dns-classes-macos/4.1.90.Final/netty-resolver-dns-classes-macos-4.1.90.Final.jar
2026-10-08 11:53:25,076 [AetherRepositoryConnector-repo.maven.apache.org-1-2] INFO  o.e.m.c.i.e.AbstractTransferListenerAdapter - Downloaded https://repo.maven.apache.org/maven2/io/netty/netty-codec-http2/4.1.90.Final/netty-codec-http2-4.1.90.Final.jar
2026-10-08 11:53:25,078 [AetherRepositoryConnector-repo.maven.apache.org-1-4] INFO  o.e.m.c.i.e.AbstractTransferListenerAdapter - Downloaded https://repo.maven.apache.org/maven2/io/netty/netty-handler/4.1.90.Final/netty-handler-4.1.90.Final.jar
2026-10-08 11:53:25,079 [AetherRepositoryConnector-repo.maven.apache.org-1-0] INFO  o.e.m.c.i.e.AbstractTransferListenerAdapter - Downloading https://repo.maven.apache.org/maven2/io/netty/netty-transport-native-epoll/4.1.90.Final/netty-transport-native-epoll-4.1.90.Final-linux-x86_64.jar
2026-10-08 11:53:25,094 [AetherRepositoryConnector-repo.maven.apache.org-0-0] INFO  o.e.m.c.i.e.AbstractTransferListenerAdapter - Downloaded https://repo.maven.apache.org/maven2/io/netty/netty-resolver-dns-native-macos/4.1.90.Final/netty-resolver-dns-native-macos-4.1.90.Final-osx-x86_64.jar
2026-10-08 11:53:25,104 [AetherRepositoryConnector-repo.maven.apache.org-1-1] INFO  o.e.m.c.i.e.AbstractTransferListenerAdapter - Downloaded https://repo.maven.apache.org/maven2/io/netty/netty-resolver-dns-native-macos/4.1.90.Final/netty-resolver-dns-native-macos-4.1.90.Final-osx-x86_64.jar
2026-10-08 11:53:25,108 [AetherRepositoryConnector-repo.maven.apache.org-1-2] INFO  o.e.m.c.i.e.AbstractTransferListenerAdapter - Downloading https://repo.maven.apache.org/maven2/io/netty/netty-transport-native-unix-common/4.1.90.Final/netty-transport-native-unix-common-4.1.90.Final.jar
2026-10-08 11:53:25,109 [AetherRepositoryConnector-repo.maven.apache.org-0-4] INFO  o.e.m.c.i.e.AbstractTransferListenerAdapter - Downloading https://repo.maven.apache.org/maven2/io/netty/netty-transport-native-unix-common/4.1.90.Final/netty-transport-native-unix-common-4.1.90.Final.jar
2026-10-08 11:53:25,148 [AetherRepositoryConnector-repo.maven.apache.org-0-2] INFO  o.e.m.c.i.e.AbstractTransferListenerAdapter - Downloaded https://repo.maven.apache.org/maven2/io/netty/netty-resolver-dns-classes-macos/4.1.90.Final/netty-resolver-dns-classes-macos-4.1.90.Final.jar
2026-10-08 11:53:25,152 [AetherRepositoryConnector-repo.maven.apache.org-1-3] INFO  o.e.m.c.i.e.AbstractTransferListenerAdapter - Downloaded https://repo.maven.apache.org/maven2/io/netty/netty-resolver-dns-classes-macos/4.1.90.Final/netty-resolver-dns-classes-macos-4.1.90.Final.jar
2026-10-08 11:53:25,165 [AetherRepositoryConnector-repo.maven.apache.org-0-1] INFO  o.e.m.c.i.e.AbstractTransferListenerAdapter - Downloading https://repo.maven.apache.org/maven2/io/netty/netty-transport-classes-epoll/4.1.90.Final/netty-transport-classes-epoll-4.1.90.Final.jar
2026-10-08 11:53:25,165 [AetherRepositoryConnector-repo.maven.apache.org-1-4] INFO  o.e.m.c.i.e.AbstractTransferListenerAdapter - Downloading https://repo.maven.apache.org/maven2/io/netty/netty-transport-classes-epoll/4.1.90.Final/netty-transport-classes-epoll-4.1.90.Final.jar
2026-10-08 11:53:25,218 [AetherRepositoryConnector-repo.maven.apache.org-1-0] INFO  o.e.m.c.i.e.AbstractTransferListenerAdapter - Downloaded https://repo.maven.apache.org/maven2/io/netty/netty-transport-native-epoll/4.1.90.Final/netty-transport-native-epoll-4.1.90.Final-linux-x86_64.jar
2026-10-08 11:53:25,221 [AetherRepositoryConnector-repo.maven.apache.org-1-1] INFO  o.e.m.c.i.e.AbstractTransferListenerAdapter - Downloading https://repo.maven.apache.org/maven2/io/projectreactor/netty/reactor-netty-core/1.0.30/reactor-netty-core-1.0.30.jar
2026-10-08 11:53:25,224 [AetherRepositoryConnector-repo.maven.apache.org-0-0] INFO  o.e.m.c.i.e.AbstractTransferListenerAdapter - Downloading https://repo.maven.apache.org/maven2/io/projectreactor/netty/reactor-netty-core/1.0.30/reactor-netty-core-1.0.30.jar
2026-10-08 11:53:25,231 [AetherRepositoryConnector-repo.maven.apache.org-0-3] INFO  o.e.m.c.i.e.AbstractTransferListenerAdapter - Downloaded https://repo.maven.apache.org/maven2/io/netty/netty-transport-native-epoll/4.1.90.Final/netty-transport-native-epoll-4.1.90.Final-linux-x86_64.jar
2026-10-08 11:53:25,307 [AetherRepositoryConnector-repo.maven.apache.org-0-3] INFO  o.e.m.c.i.e.AbstractTransferListenerAdapter - Downloading https://repo.maven.apache.org/maven2/io/netty/netty-codec-socks/4.1.90.Final/netty-codec-socks-4.1.90.Final.jar
2026-10-08 11:53:25,328 [AetherRepositoryConnector-repo.maven.apache.org-0-2] INFO  o.e.m.c.i.e.AbstractTransferListenerAdapter - Downloading https://repo.maven.apache.org/maven2/io/netty/netty-handler-proxy/4.1.90.Final/netty-handler-proxy-4.1.90.Final.jar
2026-10-08 11:53:25,344 [AetherRepositoryConnector-repo.maven.apache.org-0-4] INFO  o.e.m.c.i.e.AbstractTransferListenerAdapter - Downloaded https://repo.maven.apache.org/maven2/io/netty/netty-transport-native-unix-common/4.1.90.Final/netty-transport-native-unix-common-4.1.90.Final.jar
2026-10-08 11:53:25,353 [AetherRepositoryConnector-repo.maven.apache.org-1-0] INFO  o.e.m.c.i.e.AbstractTransferListenerAdapter - Downloading https://repo.maven.apache.org/maven2/io/netty/netty-codec-socks/4.1.90.Final/netty-codec-socks-4.1.90.Final.jar
2026-10-08 11:53:25,353 [AetherRepositoryConnector-repo.maven.apache.org-1-3] INFO  o.e.m.c.i.e.AbstractTransferListenerAdapter - Downloading https://repo.maven.apache.org/maven2/io/netty/netty-handler-proxy/4.1.90.Final/netty-handler-proxy-4.1.90.Final.jar
2026-10-08 11:53:25,360 [AetherRepositoryConnector-repo.maven.apache.org-1-2] INFO  o.e.m.c.i.e.AbstractTransferListenerAdapter - Downloaded https://repo.maven.apache.org/maven2/io/netty/netty-transport-native-unix-common/4.1.90.Final/netty-transport-native-unix-common-4.1.90.Final.jar
2026-10-08 11:53:25,420 [AetherRepositoryConnector-repo.maven.apache.org-1-4] INFO  o.e.m.c.i.e.AbstractTransferListenerAdapter - Downloaded https://repo.maven.apache.org/maven2/io/netty/netty-transport-classes-epoll/4.1.90.Final/netty-transport-classes-epoll-4.1.90.Final.jar
2026-10-08 11:53:25,435 [AetherRepositoryConnector-repo.maven.apache.org-0-1] INFO  o.e.m.c.i.e.AbstractTransferListenerAdapter - Downloaded https://repo.maven.apache.org/maven2/io/netty/netty-transport-classes-epoll/4.1.90.Final/netty-transport-classes-epoll-4.1.90.Final.jar
2026-10-08 11:53:25,486 [AetherRepositoryConnector-repo.maven.apache.org-0-4] INFO  o.e.m.c.i.e.AbstractTransferListenerAdapter - Downloading https://repo.maven.apache.org/maven2/org/springframework/spring-webflux/5.3.26/spring-webflux-5.3.26.jar
2026-10-08 11:53:25,487 [AetherRepositoryConnector-repo.maven.apache.org-1-2] INFO  o.e.m.c.i.e.AbstractTransferListenerAdapter - Downloading https://repo.maven.apache.org/maven2/org/springframework/spring-webflux/5.3.26/spring-webflux-5.3.26.jar
2026-10-08 11:53:25,591 [AetherRepositoryConnector-repo.maven.apache.org-1-0] INFO  o.e.m.c.i.e.AbstractTransferListenerAdapter - Downloaded https://repo.maven.apache.org/maven2/io/netty/netty-codec-socks/4.1.90.Final/netty-codec-socks-4.1.90.Final.jar
2026-10-08 11:53:25,603 [AetherRepositoryConnector-repo.maven.apache.org-0-3] INFO  o.e.m.c.i.e.AbstractTransferListenerAdapter - Downloaded https://repo.maven.apache.org/maven2/io/netty/netty-codec-socks/4.1.90.Final/netty-codec-socks-4.1.90.Final.jar
2026-10-08 11:53:25,642 [AetherRepositoryConnector-repo.maven.apache.org-1-3] INFO  o.e.m.c.i.e.AbstractTransferListenerAdapter - Downloaded https://repo.maven.apache.org/maven2/io/netty/netty-handler-proxy/4.1.90.Final/netty-handler-proxy-4.1.90.Final.jar
2026-10-08 11:53:25,647 [AetherRepositoryConnector-repo.maven.apache.org-0-2] INFO  o.e.m.c.i.e.AbstractTransferListenerAdapter - Downloaded https://repo.maven.apache.org/maven2/io/netty/netty-handler-proxy/4.1.90.Final/netty-handler-proxy-4.1.90.Final.jar
2026-10-08 11:53:25,737 [AetherRepositoryConnector-repo.maven.apache.org-1-1] INFO  o.e.m.c.i.e.AbstractTransferListenerAdapter - Downloaded https://repo.maven.apache.org/maven2/io/projectreactor/netty/reactor-netty-core/1.0.30/reactor-netty-core-1.0.30.jar
2026-10-08 11:53:25,743 [AetherRepositoryConnector-repo.maven.apache.org-0-0] INFO  o.e.m.c.i.e.AbstractTransferListenerAdapter - Downloaded https://repo.maven.apache.org/maven2/io/projectreactor/netty/reactor-netty-core/1.0.30/reactor-netty-core-1.0.30.jar
2026-10-08 11:53:25,914 [AetherRepositoryConnector-repo.maven.apache.org-1-2] INFO  o.e.m.c.i.e.AbstractTransferListenerAdapter - Downloaded https://repo.maven.apache.org/maven2/org/springframework/spring-webflux/5.3.26/spring-webflux-5.3.26.jar
2026-10-08 11:53:25,922 [AetherRepositoryConnector-repo.maven.apache.org-0-4] INFO  o.e.m.c.i.e.AbstractTransferListenerAdapter - Downloaded https://repo.maven.apache.org/maven2/org/springframework/spring-webflux/5.3.26/spring-webflux-5.3.26.jar
2026-10-08 11:53:30,212 [Worker-49: Building] INFO  o.e.m.c.i.embedder.EclipseLogger - Using 'UTF-8' encoding to copy filtered resources.
2026-10-08 11:53:30,212 [Worker-49: Building] INFO  o.e.m.c.i.embedder.EclipseLogger - Using 'UTF-8' encoding to copy filtered properties files.
2026-10-08 11:53:30,229 [Worker-49: Building] INFO  o.e.m.c.i.embedder.EclipseLogger - Copying 0 resource
2026-10-08 11:53:30,230 [Worker-49: Building] INFO  o.e.m.c.i.embedder.EclipseLogger - Copying 0 resource
2026-10-08 11:53:30,233 [Worker-49: Building] INFO  o.e.m.c.i.embedder.EclipseLogger - Using 'UTF-8' encoding to copy filtered resources.
2026-10-08 11:53:30,233 [Worker-49: Building] INFO  o.e.m.c.i.embedder.EclipseLogger - Using 'UTF-8' encoding to copy filtered properties files.
2026-10-08 11:53:30,234 [Worker-49: Building] INFO  o.e.m.c.i.embedder.EclipseLogger - skip non existing resourceDirectory C:\Microservice_practice_4\MicroserviceGateWay\src\test\resources
2026-10-08 11:53:32,671 [Worker-51: Download sources and javadoc] INFO  o.e.m.c.i.e.AbstractTransferListenerAdapter - Downloaded https://repo.maven.apache.org/maven2/org/springframework/cloud/spring-cloud-starter-gateway/2.2.4.RELEASE/spring-cloud-starter-gateway-2.2.4.RELEASE-sources.jar
2026-10-08 11:53:32,675 [Worker-51: Download sources and javadoc] ERROR o.e.m.j.internal.DownloadSourcesJob - Could not download sources for org.springframework.cloud:spring-cloud-starter-gateway:2.2.4.RELEASE
org.eclipse.core.runtime.CoreException: Could not resolve artifact org.springframework.cloud:spring-cloud-starter-gateway:jar:sources:2.2.4.RELEASE
	at org.eclipse.m2e.core.internal.embedder.MavenImpl.lambda$4(MavenImpl.java:803) ~[org.eclipse.m2e.core_1.15.0.20200305-1308.jar:na]
	at org.eclipse.m2e.core.internal.embedder.MavenExecutionContext.executeBare(MavenExecutionContext.java:179) ~[org.eclipse.m2e.core_1.15.0.20200305-1308.jar:na]
	at org.eclipse.m2e.core.internal.embedder.MavenExecutionContext.execute(MavenExecutionContext.java:114) ~[org.eclipse.m2e.core_1.15.0.20200305-1308.jar:na]
	at org.eclipse.m2e.core.internal.embedder.MavenExecutionContext.execute(MavenExecutionContext.java:101) ~[org.eclipse.m2e.core_1.15.0.20200305-1308.jar:na]
	at org.eclipse.m2e.core.internal.embedder.MavenImpl.resolve(MavenImpl.java:771) ~[org.eclipse.m2e.core_1.15.0.20200305-1308.jar:na]
	at org.eclipse.m2e.core.internal.embedder.MavenImpl.resolve(MavenImpl.java:748) ~[org.eclipse.m2e.core_1.15.0.20200305-1308.jar:na]
	at org.eclipse.m2e.jdt.internal.DownloadSourcesJob.download(DownloadSourcesJob.java:330) [org.eclipse.m2e.jdt_1.15.0.20200226-1722.jar:na]
	at org.eclipse.m2e.jdt.internal.DownloadSourcesJob.downloadAttachments(DownloadSourcesJob.java:304) [org.eclipse.m2e.jdt_1.15.0.20200226-1722.jar:na]
	at org.eclipse.m2e.jdt.internal.DownloadSourcesJob.downloadMaven(DownloadSourcesJob.java:269) [org.eclipse.m2e.jdt_1.15.0.20200226-1722.jar:na]
	at org.eclipse.m2e.jdt.internal.DownloadSourcesJob.downloadFilesAndPopulateToUpdate(DownloadSourcesJob.java:233) [org.eclipse.m2e.jdt_1.15.0.20200226-1722.jar:na]
	at org.eclipse.m2e.jdt.internal.DownloadSourcesJob.lambda$0(DownloadSourcesJob.java:161) [org.eclipse.m2e.jdt_1.15.0.20200226-1722.jar:na]
	at org.eclipse.m2e.core.internal.embedder.MavenExecutionContext.executeBare(MavenExecutionContext.java:179) ~[org.eclipse.m2e.core_1.15.0.20200305-1308.jar:na]
	at org.eclipse.m2e.core.internal.embedder.MavenExecutionContext.execute(MavenExecutionContext.java:153) ~[org.eclipse.m2e.core_1.15.0.20200305-1308.jar:na]
	at org.eclipse.m2e.core.internal.embedder.MavenExecutionContext.execute(MavenExecutionContext.java:101) ~[org.eclipse.m2e.core_1.15.0.20200305-1308.jar:na]
	at org.eclipse.m2e.core.internal.embedder.MavenImpl.execute(MavenImpl.java:1373) ~[org.eclipse.m2e.core_1.15.0.20200305-1308.jar:na]
	at org.eclipse.m2e.jdt.internal.DownloadSourcesJob.run(DownloadSourcesJob.java:161) [org.eclipse.m2e.jdt_1.15.0.20200226-1722.jar:na]
	at org.eclipse.core.internal.jobs.Worker.run(Worker.java:63) ~[org.eclipse.core.jobs_3.10.700.v20200106-1020.jar:na]
2026-10-08 11:53:33,022 [Worker-51: Download sources and javadoc] INFO  o.e.m.c.i.e.AbstractTransferListenerAdapter - Downloading https://repo.maven.apache.org/maven2/org/springframework/cloud/spring-cloud-gateway-core/2.2.4.RELEASE/spring-cloud-gateway-core-2.2.4.RELEASE-sources.jar
2026-10-08 11:53:33,480 [Worker-51: Download sources and javadoc] INFO  o.e.m.c.i.e.AbstractTransferListenerAdapter - Downloaded https://repo.maven.apache.org/maven2/org/springframework/cloud/spring-cloud-gateway-core/2.2.4.RELEASE/spring-cloud-gateway-core-2.2.4.RELEASE-sources.jar
2026-10-08 11:53:33,621 [Worker-51: Download sources and javadoc] INFO  o.e.m.j.internal.DownloadSourcesJob - Downloaded sources for org.springframework.cloud:spring-cloud-gateway-core:2.2.4.RELEASE
2026-10-08 11:53:33,808 [Worker-51: Download sources and javadoc] INFO  o.e.m.c.i.e.AbstractTransferListenerAdapter - Downloading https://repo.maven.apache.org/maven2/org/springframework/boot/spring-boot-starter-webflux/2.7.10/spring-boot-starter-webflux-2.7.10-sources.jar
2026-10-08 11:53:33,883 [Worker-51: Download sources and javadoc] INFO  o.e.m.c.i.e.AbstractTransferListenerAdapter - Downloaded https://repo.maven.apache.org/maven2/org/springframework/boot/spring-boot-starter-webflux/2.7.10/spring-boot-starter-webflux-2.7.10-sources.jar
2026-10-08 11:53:33,992 [Worker-51: Download sources and javadoc] INFO  o.e.m.j.internal.DownloadSourcesJob - Downloaded sources for org.springframework.boot:spring-boot-starter-webflux:2.7.10
2026-10-08 11:53:34,221 [Worker-51: Download sources and javadoc] INFO  o.e.m.c.i.e.AbstractTransferListenerAdapter - Downloading https://repo.maven.apache.org/maven2/org/springframework/boot/spring-boot-starter-reactor-netty/2.7.10/spring-boot-starter-reactor-netty-2.7.10-sources.jar
2026-10-08 11:53:34,311 [Worker-51: Download sources and javadoc] INFO  o.e.m.c.i.e.AbstractTransferListenerAdapter - Downloaded https://repo.maven.apache.org/maven2/org/springframework/boot/spring-boot-starter-reactor-netty/2.7.10/spring-boot-starter-reactor-netty-2.7.10-sources.jar
2026-10-08 11:53:34,518 [Worker-51: Download sources and javadoc] INFO  o.e.m.j.internal.DownloadSourcesJob - Downloaded sources for org.springframework.boot:spring-boot-starter-reactor-netty:2.7.10
2026-10-08 11:53:34,693 [Worker-51: Download sources and javadoc] INFO  o.e.m.c.i.e.AbstractTransferListenerAdapter - Downloading https://repo.maven.apache.org/maven2/io/projectreactor/netty/reactor-netty-http/1.0.30/reactor-netty-http-1.0.30-sources.jar
2026-10-08 11:53:34,853 [Worker-51: Download sources and javadoc] INFO  o.e.m.c.i.e.AbstractTransferListenerAdapter - Downloaded https://repo.maven.apache.org/maven2/io/projectreactor/netty/reactor-netty-http/1.0.30/reactor-netty-http-1.0.30-sources.jar
2026-10-08 11:53:34,958 [Worker-51: Download sources and javadoc] INFO  o.e.m.j.internal.DownloadSourcesJob - Downloaded sources for io.projectreactor.netty:reactor-netty-http:1.0.30
2026-10-08 11:53:35,204 [Worker-51: Download sources and javadoc] INFO  o.e.m.c.i.e.AbstractTransferListenerAdapter - Downloading https://repo.maven.apache.org/maven2/io/netty/netty-codec-http/4.1.90.Final/netty-codec-http-4.1.90.Final-sources.jar
2026-10-08 11:53:35,448 [Worker-51: Download sources and javadoc] INFO  o.e.m.c.i.e.AbstractTransferListenerAdapter - Downloaded https://repo.maven.apache.org/maven2/io/netty/netty-codec-http/4.1.90.Final/netty-codec-http-4.1.90.Final-sources.jar
2026-10-08 11:53:35,558 [Worker-51: Download sources and javadoc] INFO  o.e.m.j.internal.DownloadSourcesJob - Downloaded sources for io.netty:netty-codec-http:4.1.90.Final
2026-10-08 11:53:35,790 [Worker-51: Download sources and javadoc] INFO  o.e.m.c.i.e.AbstractTransferListenerAdapter - Downloading https://repo.maven.apache.org/maven2/io/netty/netty-common/4.1.90.Final/netty-common-4.1.90.Final-sources.jar
2026-10-08 11:53:35,978 [Worker-51: Download sources and javadoc] INFO  o.e.m.c.i.e.AbstractTransferListenerAdapter - Downloaded https://repo.maven.apache.org/maven2/io/netty/netty-common/4.1.90.Final/netty-common-4.1.90.Final-sources.jar
2026-10-08 11:53:36,068 [Worker-51: Download sources and javadoc] INFO  o.e.m.j.internal.DownloadSourcesJob - Downloaded sources for io.netty:netty-common:4.1.90.Final
2026-10-08 11:53:36,252 [Worker-51: Download sources and javadoc] INFO  o.e.m.c.i.e.AbstractTransferListenerAdapter - Downloading https://repo.maven.apache.org/maven2/io/netty/netty-buffer/4.1.90.Final/netty-buffer-4.1.90.Final-sources.jar
2026-10-08 11:53:36,440 [Worker-51: Download sources and javadoc] INFO  o.e.m.c.i.e.AbstractTransferListenerAdapter - Downloaded https://repo.maven.apache.org/maven2/io/netty/netty-buffer/4.1.90.Final/netty-buffer-4.1.90.Final-sources.jar
2026-10-08 11:53:36,556 [Worker-51: Download sources and javadoc] INFO  o.e.m.j.internal.DownloadSourcesJob - Downloaded sources for io.netty:netty-buffer:4.1.90.Final
2026-10-08 11:53:36,743 [Worker-51: Download sources and javadoc] INFO  o.e.m.c.i.e.AbstractTransferListenerAdapter - Downloading https://repo.maven.apache.org/maven2/io/netty/netty-transport/4.1.90.Final/netty-transport-4.1.90.Final-sources.jar
2026-10-08 11:53:36,883 [Worker-51: Download sources and javadoc] INFO  o.e.m.c.i.e.AbstractTransferListenerAdapter - Downloaded https://repo.maven.apache.org/maven2/io/netty/netty-transport/4.1.90.Final/netty-transport-4.1.90.Final-sources.jar
2026-10-08 11:53:37,011 [Worker-51: Download sources and javadoc] INFO  o.e.m.j.internal.DownloadSourcesJob - Downloaded sources for io.netty:netty-transport:4.1.90.Final
2026-10-08 11:53:37,222 [Worker-51: Download sources and javadoc] INFO  o.e.m.c.i.e.AbstractTransferListenerAdapter - Downloading https://repo.maven.apache.org/maven2/io/netty/netty-codec/4.1.90.Final/netty-codec-4.1.90.Final-sources.jar
2026-10-08 11:53:37,446 [Worker-51: Download sources and javadoc] INFO  o.e.m.c.i.e.AbstractTransferListenerAdapter - Downloaded https://repo.maven.apache.org/maven2/io/netty/netty-codec/4.1.90.Final/netty-codec-4.1.90.Final-sources.jar
2026-10-08 11:53:37,568 [Worker-51: Download sources and javadoc] INFO  o.e.m.j.internal.DownloadSourcesJob - Downloaded sources for io.netty:netty-codec:4.1.90.Final
2026-10-08 11:53:37,742 [Worker-51: Download sources and javadoc] INFO  o.e.m.c.i.e.AbstractTransferListenerAdapter - Downloading https://repo.maven.apache.org/maven2/io/netty/netty-handler/4.1.90.Final/netty-handler-4.1.90.Final-sources.jar
2026-10-08 11:53:37,971 [Worker-51: Download sources and javadoc] INFO  o.e.m.c.i.e.AbstractTransferListenerAdapter - Downloaded https://repo.maven.apache.org/maven2/io/netty/netty-handler/4.1.90.Final/netty-handler-4.1.90.Final-sources.jar
2026-10-08 11:53:38,260 [Worker-51: Download sources and javadoc] INFO  o.e.m.j.internal.DownloadSourcesJob - Downloaded sources for io.netty:netty-handler:4.1.90.Final
2026-10-08 11:53:38,433 [Worker-51: Download sources and javadoc] INFO  o.e.m.c.i.e.AbstractTransferListenerAdapter - Downloading https://repo.maven.apache.org/maven2/io/netty/netty-codec-http2/4.1.90.Final/netty-codec-http2-4.1.90.Final-sources.jar
2026-10-08 11:53:38,667 [Worker-51: Download sources and javadoc] INFO  o.e.m.c.i.e.AbstractTransferListenerAdapter - Downloaded https://repo.maven.apache.org/maven2/io/netty/netty-codec-http2/4.1.90.Final/netty-codec-http2-4.1.90.Final-sources.jar
2026-10-08 11:53:38,830 [Worker-51: Download sources and javadoc] INFO  o.e.m.j.internal.DownloadSourcesJob - Downloaded sources for io.netty:netty-codec-http2:4.1.90.Final
2026-10-08 11:53:39,005 [Worker-51: Download sources and javadoc] INFO  o.e.m.c.i.e.AbstractTransferListenerAdapter - Downloading https://repo.maven.apache.org/maven2/io/netty/netty-resolver-dns/4.1.90.Final/netty-resolver-dns-4.1.90.Final-sources.jar
2026-10-08 11:53:39,096 [Worker-51: Download sources and javadoc] INFO  o.e.m.c.i.e.AbstractTransferListenerAdapter - Downloaded https://repo.maven.apache.org/maven2/io/netty/netty-resolver-dns/4.1.90.Final/netty-resolver-dns-4.1.90.Final-sources.jar
2026-10-08 11:53:39,199 [Worker-51: Download sources and javadoc] INFO  o.e.m.j.internal.DownloadSourcesJob - Downloaded sources for io.netty:netty-resolver-dns:4.1.90.Final
2026-10-08 11:53:39,371 [Worker-51: Download sources and javadoc] INFO  o.e.m.c.i.e.AbstractTransferListenerAdapter - Downloading https://repo.maven.apache.org/maven2/io/netty/netty-resolver/4.1.90.Final/netty-resolver-4.1.90.Final-sources.jar
2026-10-08 11:53:39,486 [Worker-51: Download sources and javadoc] INFO  o.e.m.c.i.e.AbstractTransferListenerAdapter - Downloaded https://repo.maven.apache.org/maven2/io/netty/netty-resolver/4.1.90.Final/netty-resolver-4.1.90.Final-sources.jar
2026-10-08 11:53:39,575 [Worker-51: Download sources and javadoc] INFO  o.e.m.j.internal.DownloadSourcesJob - Downloaded sources for io.netty:netty-resolver:4.1.90.Final
2026-10-08 11:53:39,750 [Worker-51: Download sources and javadoc] INFO  o.e.m.c.i.e.AbstractTransferListenerAdapter - Downloading https://repo.maven.apache.org/maven2/io/netty/netty-codec-dns/4.1.90.Final/netty-codec-dns-4.1.90.Final-sources.jar
2026-10-08 11:53:39,896 [Worker-51: Download sources and javadoc] INFO  o.e.m.c.i.e.AbstractTransferListenerAdapter - Downloaded https://repo.maven.apache.org/maven2/io/netty/netty-codec-dns/4.1.90.Final/netty-codec-dns-4.1.90.Final-sources.jar
2026-10-08 11:53:40,064 [Worker-51: Download sources and javadoc] INFO  o.e.m.j.internal.DownloadSourcesJob - Downloaded sources for io.netty:netty-codec-dns:4.1.90.Final
2026-10-08 11:53:40,304 [Worker-51: Download sources and javadoc] INFO  o.e.m.c.i.e.AbstractTransferListenerAdapter - Downloaded https://repo.maven.apache.org/maven2/io/netty/netty-resolver-dns-native-macos/4.1.90.Final/netty-resolver-dns-native-macos-4.1.90.Final-sources.jar
2026-10-08 11:53:40,307 [Worker-51: Download sources and javadoc] ERROR o.e.m.j.internal.DownloadSourcesJob - Could not download sources for io.netty:netty-resolver-dns-native-macos:4.1.90.Final:osx-x86_64
org.eclipse.core.runtime.CoreException: Could not resolve artifact io.netty:netty-resolver-dns-native-macos:jar:sources:4.1.90.Final
	at org.eclipse.m2e.core.internal.embedder.MavenImpl.lambda$4(MavenImpl.java:803) ~[org.eclipse.m2e.core_1.15.0.20200305-1308.jar:na]
	at org.eclipse.m2e.core.internal.embedder.MavenExecutionContext.executeBare(MavenExecutionContext.java:179) ~[org.eclipse.m2e.core_1.15.0.20200305-1308.jar:na]
	at org.eclipse.m2e.core.internal.embedder.MavenExecutionContext.execute(MavenExecutionContext.java:114) ~[org.eclipse.m2e.core_1.15.0.20200305-1308.jar:na]
	at org.eclipse.m2e.core.internal.embedder.MavenExecutionContext.execute(MavenExecutionContext.java:101) ~[org.eclipse.m2e.core_1.15.0.20200305-1308.jar:na]
	at org.eclipse.m2e.core.internal.embedder.MavenImpl.resolve(MavenImpl.java:771) ~[org.eclipse.m2e.core_1.15.0.20200305-1308.jar:na]
	at org.eclipse.m2e.core.internal.embedder.MavenImpl.resolve(MavenImpl.java:748) ~[org.eclipse.m2e.core_1.15.0.20200305-1308.jar:na]
	at org.eclipse.m2e.jdt.internal.DownloadSourcesJob.download(DownloadSourcesJob.java:330) [org.eclipse.m2e.jdt_1.15.0.20200226-1722.jar:na]
	at org.eclipse.m2e.jdt.internal.DownloadSourcesJob.downloadAttachments(DownloadSourcesJob.java:304) [org.eclipse.m2e.jdt_1.15.0.20200226-1722.jar:na]
	at org.eclipse.m2e.jdt.internal.DownloadSourcesJob.downloadMaven(DownloadSourcesJob.java:269) [org.eclipse.m2e.jdt_1.15.0.20200226-1722.jar:na]
	at org.eclipse.m2e.jdt.internal.DownloadSourcesJob.downloadFilesAndPopulateToUpdate(DownloadSourcesJob.java:233) [org.eclipse.m2e.jdt_1.15.0.20200226-1722.jar:na]
	at org.eclipse.m2e.jdt.internal.DownloadSourcesJob.lambda$0(DownloadSourcesJob.java:161) [org.eclipse.m2e.jdt_1.15.0.20200226-1722.jar:na]
	at org.eclipse.m2e.core.internal.embedder.MavenExecutionContext.executeBare(MavenExecutionContext.java:179) ~[org.eclipse.m2e.core_1.15.0.20200305-1308.jar:na]
	at org.eclipse.m2e.core.internal.embedder.MavenExecutionContext.execute(MavenExecutionContext.java:153) ~[org.eclipse.m2e.core_1.15.0.20200305-1308.jar:na]
	at org.eclipse.m2e.core.internal.embedder.MavenExecutionContext.execute(MavenExecutionContext.java:101) ~[org.eclipse.m2e.core_1.15.0.20200305-1308.jar:na]
	at org.eclipse.m2e.core.internal.embedder.MavenImpl.execute(MavenImpl.java:1373) ~[org.eclipse.m2e.core_1.15.0.20200305-1308.jar:na]
	at org.eclipse.m2e.jdt.internal.DownloadSourcesJob.run(DownloadSourcesJob.java:161) [org.eclipse.m2e.jdt_1.15.0.20200226-1722.jar:na]
	at org.eclipse.core.internal.jobs.Worker.run(Worker.java:63) ~[org.eclipse.core.jobs_3.10.700.v20200106-1020.jar:na]
2026-10-08 11:53:40,464 [Worker-51: Download sources and javadoc] INFO  o.e.m.c.i.e.AbstractTransferListenerAdapter - Downloading https://repo.maven.apache.org/maven2/io/netty/netty-resolver-dns-classes-macos/4.1.90.Final/netty-resolver-dns-classes-macos-4.1.90.Final-sources.jar
2026-10-08 11:53:40,538 [Worker-51: Download sources and javadoc] INFO  o.e.m.c.i.e.AbstractTransferListenerAdapter - Downloaded https://repo.maven.apache.org/maven2/io/netty/netty-resolver-dns-classes-macos/4.1.90.Final/netty-resolver-dns-classes-macos-4.1.90.Final-sources.jar
2026-10-08 11:53:40,684 [Worker-51: Download sources and javadoc] INFO  o.e.m.j.internal.DownloadSourcesJob - Downloaded sources for io.netty:netty-resolver-dns-classes-macos:4.1.90.Final
2026-10-08 11:53:40,851 [Worker-51: Download sources and javadoc] INFO  o.e.m.c.i.e.AbstractTransferListenerAdapter - Downloading https://repo.maven.apache.org/maven2/io/netty/netty-transport-native-epoll/4.1.90.Final/netty-transport-native-epoll-4.1.90.Final-sources.jar
2026-10-08 11:53:41,008 [Worker-51: Download sources and javadoc] INFO  o.e.m.c.i.e.AbstractTransferListenerAdapter - Downloaded https://repo.maven.apache.org/maven2/io/netty/netty-transport-native-epoll/4.1.90.Final/netty-transport-native-epoll-4.1.90.Final-sources.jar
2026-10-08 11:53:41,129 [Worker-51: Download sources and javadoc] INFO  o.e.m.j.internal.DownloadSourcesJob - Downloaded sources for io.netty:netty-transport-native-epoll:4.1.90.Final:linux-x86_64
2026-10-08 11:53:41,305 [Worker-51: Download sources and javadoc] INFO  o.e.m.c.i.e.AbstractTransferListenerAdapter - Downloading https://repo.maven.apache.org/maven2/io/netty/netty-transport-native-unix-common/4.1.90.Final/netty-transport-native-unix-common-4.1.90.Final-sources.jar
2026-10-08 11:53:41,392 [Worker-51: Download sources and javadoc] INFO  o.e.m.c.i.e.AbstractTransferListenerAdapter - Downloaded https://repo.maven.apache.org/maven2/io/netty/netty-transport-native-unix-common/4.1.90.Final/netty-transport-native-unix-common-4.1.90.Final-sources.jar
2026-10-08 11:53:41,807 [Worker-51: Download sources and javadoc] INFO  o.e.m.j.internal.DownloadSourcesJob - Downloaded sources for io.netty:netty-transport-native-unix-common:4.1.90.Final
2026-10-08 11:53:42,067 [Worker-51: Download sources and javadoc] INFO  o.e.m.c.i.e.AbstractTransferListenerAdapter - Downloading https://repo.maven.apache.org/maven2/io/netty/netty-transport-classes-epoll/4.1.90.Final/netty-transport-classes-epoll-4.1.90.Final-sources.jar
2026-10-08 11:53:42,239 [Worker-51: Download sources and javadoc] INFO  o.e.m.c.i.e.AbstractTransferListenerAdapter - Downloaded https://repo.maven.apache.org/maven2/io/netty/netty-transport-classes-epoll/4.1.90.Final/netty-transport-classes-epoll-4.1.90.Final-sources.jar
2026-10-08 11:53:42,428 [Worker-51: Download sources and javadoc] INFO  o.e.m.j.internal.DownloadSourcesJob - Downloaded sources for io.netty:netty-transport-classes-epoll:4.1.90.Final
2026-10-08 11:53:42,639 [Worker-51: Download sources and javadoc] INFO  o.e.m.c.i.e.AbstractTransferListenerAdapter - Downloading https://repo.maven.apache.org/maven2/io/projectreactor/netty/reactor-netty-core/1.0.30/reactor-netty-core-1.0.30-sources.jar
2026-10-08 11:53:42,823 [Worker-51: Download sources and javadoc] INFO  o.e.m.c.i.e.AbstractTransferListenerAdapter - Downloaded https://repo.maven.apache.org/maven2/io/projectreactor/netty/reactor-netty-core/1.0.30/reactor-netty-core-1.0.30-sources.jar
2026-10-08 11:53:43,034 [Worker-51: Download sources and javadoc] INFO  o.e.m.j.internal.DownloadSourcesJob - Downloaded sources for io.projectreactor.netty:reactor-netty-core:1.0.30
2026-10-08 11:53:43,238 [Worker-51: Download sources and javadoc] INFO  o.e.m.c.i.e.AbstractTransferListenerAdapter - Downloading https://repo.maven.apache.org/maven2/io/netty/netty-handler-proxy/4.1.90.Final/netty-handler-proxy-4.1.90.Final-sources.jar
2026-10-08 11:53:43,320 [Worker-51: Download sources and javadoc] INFO  o.e.m.c.i.e.AbstractTransferListenerAdapter - Downloaded https://repo.maven.apache.org/maven2/io/netty/netty-handler-proxy/4.1.90.Final/netty-handler-proxy-4.1.90.Final-sources.jar
2026-10-08 11:53:43,492 [Worker-51: Download sources and javadoc] INFO  o.e.m.j.internal.DownloadSourcesJob - Downloaded sources for io.netty:netty-handler-proxy:4.1.90.Final
2026-10-08 11:53:43,734 [Worker-51: Download sources and javadoc] INFO  o.e.m.c.i.e.AbstractTransferListenerAdapter - Downloading https://repo.maven.apache.org/maven2/io/netty/netty-codec-socks/4.1.90.Final/netty-codec-socks-4.1.90.Final-sources.jar
2026-10-08 11:53:43,890 [Worker-51: Download sources and javadoc] INFO  o.e.m.c.i.e.AbstractTransferListenerAdapter - Downloaded https://repo.maven.apache.org/maven2/io/netty/netty-codec-socks/4.1.90.Final/netty-codec-socks-4.1.90.Final-sources.jar
2026-10-08 11:53:44,014 [Worker-51: Download sources and javadoc] INFO  o.e.m.j.internal.DownloadSourcesJob - Downloaded sources for io.netty:netty-codec-socks:4.1.90.Final
2026-10-08 11:53:44,273 [Worker-51: Download sources and javadoc] INFO  o.e.m.c.i.e.AbstractTransferListenerAdapter - Downloading https://repo.maven.apache.org/maven2/org/springframework/spring-webflux/5.3.26/spring-webflux-5.3.26-sources.jar
2026-10-08 11:53:45,217 [Worker-51: Download sources and javadoc] INFO  o.e.m.c.i.e.AbstractTransferListenerAdapter - Downloaded https://repo.maven.apache.org/maven2/org/springframework/spring-webflux/5.3.26/spring-webflux-5.3.26-sources.jar
2026-10-08 11:53:45,475 [Worker-51: Download sources and javadoc] INFO  o.e.m.j.internal.DownloadSourcesJob - Downloaded sources for org.springframework:spring-webflux:5.3.26
2026-10-08 11:53:48,368 [Worker-54: Building] INFO  o.e.m.c.i.embedder.EclipseLogger - Using 'UTF-8' encoding to copy filtered resources.
2026-10-08 11:53:48,369 [Worker-54: Building] INFO  o.e.m.c.i.embedder.EclipseLogger - Using 'UTF-8' encoding to copy filtered properties files.
2026-10-08 11:53:48,369 [Worker-54: Building] INFO  o.e.m.c.i.embedder.EclipseLogger - Copying 0 resource
2026-10-08 11:53:48,370 [Worker-54: Building] INFO  o.e.m.c.i.embedder.EclipseLogger - Copying 0 resource
2026-10-08 11:53:48,379 [Worker-54: Building] INFO  o.e.m.c.i.embedder.EclipseLogger - Using 'UTF-8' encoding to copy filtered resources.
2026-10-08 11:53:48,380 [Worker-54: Building] INFO  o.e.m.c.i.embedder.EclipseLogger - Using 'UTF-8' encoding to copy filtered properties files.
2026-10-08 11:53:48,380 [Worker-54: Building] INFO  o.e.m.c.i.embedder.EclipseLogger - skip non existing resourceDirectory C:\Microservice_practice_4\MicroserviceGateWay\src\test\resources
2026-10-08 11:53:49,148 [Worker-54: Download sources and javadoc] INFO  o.e.m.c.i.e.AbstractTransferListenerAdapter - Downloading https://repo.maven.apache.org/maven2/org/springframework/cloud/spring-cloud-starter-gateway/2.2.4.RELEASE/spring-cloud-starter-gateway-2.2.4.RELEASE-javadoc.jar
2026-10-08 11:53:49,572 [Worker-54: Download sources and javadoc] INFO  o.e.m.c.i.e.AbstractTransferListenerAdapter - Downloaded https://repo.maven.apache.org/maven2/org/springframework/cloud/spring-cloud-starter-gateway/2.2.4.RELEASE/spring-cloud-starter-gateway-2.2.4.RELEASE-javadoc.jar
2026-10-08 11:53:49,943 [Worker-54: Download sources and javadoc] INFO  o.e.m.j.internal.DownloadSourcesJob - Downloaded javadoc for org.springframework.cloud:spring-cloud-starter-gateway:2.2.4.RELEASE
2026-10-08 11:53:50,165 [Worker-54: Download sources and javadoc] INFO  o.e.m.c.i.e.AbstractTransferListenerAdapter - Downloaded https://repo.maven.apache.org/maven2/io/netty/netty-resolver-dns-native-macos/4.1.90.Final/netty-resolver-dns-native-macos-4.1.90.Final-javadoc.jar
2026-10-08 11:53:50,178 [Worker-54: Download sources and javadoc] ERROR o.e.m.j.internal.DownloadSourcesJob - Could not download javadoc for io.netty:netty-resolver-dns-native-macos:4.1.90.Final:osx-x86_64
org.eclipse.core.runtime.CoreException: Could not resolve artifact io.netty:netty-resolver-dns-native-macos:jar:javadoc:4.1.90.Final
	at org.eclipse.m2e.core.internal.embedder.MavenImpl.lambda$4(MavenImpl.java:803) ~[org.eclipse.m2e.core_1.15.0.20200305-1308.jar:na]
	at org.eclipse.m2e.core.internal.embedder.MavenExecutionContext.executeBare(MavenExecutionContext.java:179) ~[org.eclipse.m2e.core_1.15.0.20200305-1308.jar:na]
	at org.eclipse.m2e.core.internal.embedder.MavenExecutionContext.execute(MavenExecutionContext.java:114) ~[org.eclipse.m2e.core_1.15.0.20200305-1308.jar:na]
	at org.eclipse.m2e.core.internal.embedder.MavenExecutionContext.execute(MavenExecutionContext.java:101) ~[org.eclipse.m2e.core_1.15.0.20200305-1308.jar:na]
	at org.eclipse.m2e.core.internal.embedder.MavenImpl.resolve(MavenImpl.java:771) ~[org.eclipse.m2e.core_1.15.0.20200305-1308.jar:na]
	at org.eclipse.m2e.core.internal.embedder.MavenImpl.resolve(MavenImpl.java:748) ~[org.eclipse.m2e.core_1.15.0.20200305-1308.jar:na]
	at org.eclipse.m2e.jdt.internal.DownloadSourcesJob.download(DownloadSourcesJob.java:330) [org.eclipse.m2e.jdt_1.15.0.20200226-1722.jar:na]
	at org.eclipse.m2e.jdt.internal.DownloadSourcesJob.downloadAttachments(DownloadSourcesJob.java:316) [org.eclipse.m2e.jdt_1.15.0.20200226-1722.jar:na]
	at org.eclipse.m2e.jdt.internal.DownloadSourcesJob.downloadMaven(DownloadSourcesJob.java:269) [org.eclipse.m2e.jdt_1.15.0.20200226-1722.jar:na]
	at org.eclipse.m2e.jdt.internal.DownloadSourcesJob.downloadFilesAndPopulateToUpdate(DownloadSourcesJob.java:233) [org.eclipse.m2e.jdt_1.15.0.20200226-1722.jar:na]
	at org.eclipse.m2e.jdt.internal.DownloadSourcesJob.lambda$0(DownloadSourcesJob.java:161) [org.eclipse.m2e.jdt_1.15.0.20200226-1722.jar:na]
	at org.eclipse.m2e.core.internal.embedder.MavenExecutionContext.executeBare(MavenExecutionContext.java:179) ~[org.eclipse.m2e.core_1.15.0.20200305-1308.jar:na]
	at org.eclipse.m2e.core.internal.embedder.MavenExecutionContext.execute(MavenExecutionContext.java:153) ~[org.eclipse.m2e.core_1.15.0.20200305-1308.jar:na]
	at org.eclipse.m2e.core.internal.embedder.MavenExecutionContext.execute(MavenExecutionContext.java:101) ~[org.eclipse.m2e.core_1.15.0.20200305-1308.jar:na]
	at org.eclipse.m2e.core.internal.embedder.MavenImpl.execute(MavenImpl.java:1373) ~[org.eclipse.m2e.core_1.15.0.20200305-1308.jar:na]
	at org.eclipse.m2e.jdt.internal.DownloadSourcesJob.run(DownloadSourcesJob.java:161) [org.eclipse.m2e.jdt_1.15.0.20200226-1722.jar:na]
	at org.eclipse.core.internal.jobs.Worker.run(Worker.java:63) ~[org.eclipse.core.jobs_3.10.700.v20200106-1020.jar:na]
2026-10-08 11:53:53,129 [Worker-51: Building] INFO  o.e.m.c.i.embedder.EclipseLogger - Using 'UTF-8' encoding to copy filtered resources.
2026-10-08 11:53:53,130 [Worker-51: Building] INFO  o.e.m.c.i.embedder.EclipseLogger - Using 'UTF-8' encoding to copy filtered properties files.
2026-10-08 11:53:53,130 [Worker-51: Building] INFO  o.e.m.c.i.embedder.EclipseLogger - Copying 0 resource
2026-10-08 11:53:53,131 [Worker-51: Building] INFO  o.e.m.c.i.embedder.EclipseLogger - Copying 0 resource
2026-10-08 11:53:53,139 [Worker-51: Building] INFO  o.e.m.c.i.embedder.EclipseLogger - Using 'UTF-8' encoding to copy filtered resources.
2026-10-08 11:53:53,140 [Worker-51: Building] INFO  o.e.m.c.i.embedder.EclipseLogger - Using 'UTF-8' encoding to copy filtered properties files.
2026-10-08 11:53:53,140 [Worker-51: Building] INFO  o.e.m.c.i.embedder.EclipseLogger - skip non existing resourceDirectory C:\Microservice_practice_4\MicroserviceGateWay\src\test\resources
2026-10-08 11:56:02,132 [Worker-54: Building] INFO  o.e.m.c.i.l.LifecycleMappingFactory - Using org.eclipse.m2e.jdt.JarLifecycleMapping lifecycle mapping for MavenProject: com.gateway:MicroserviceGateWay:0.0.1-SNAPSHOT @ C:\Microservice_practice_4\MicroserviceGateWay\pom.xml.
2026-10-08 11:56:03,435 [Worker-54: Building] INFO  o.e.m.c.i.embedder.EclipseLogger - Using 'UTF-8' encoding to copy filtered resources.
2026-10-08 11:56:03,435 [Worker-54: Building] INFO  o.e.m.c.i.embedder.EclipseLogger - Using 'UTF-8' encoding to copy filtered properties files.
2026-10-08 11:56:03,436 [Worker-54: Building] INFO  o.e.m.c.i.embedder.EclipseLogger - Copying 0 resource
2026-10-08 11:56:03,436 [Worker-54: Building] INFO  o.e.m.c.i.embedder.EclipseLogger - Copying 0 resource
2026-10-08 11:56:03,439 [Worker-54: Building] INFO  o.e.m.c.i.embedder.EclipseLogger - Using 'UTF-8' encoding to copy filtered resources.
2026-10-08 11:56:03,440 [Worker-54: Building] INFO  o.e.m.c.i.embedder.EclipseLogger - Using 'UTF-8' encoding to copy filtered properties files.
2026-10-08 11:56:03,440 [Worker-54: Building] INFO  o.e.m.c.i.embedder.EclipseLogger - skip non existing resourceDirectory C:\Microservice_practice_4\MicroserviceGateWay\src\test\resources
2026-10-08 11:56:08,830 [Worker-49: Building] INFO  o.e.m.c.i.l.LifecycleMappingFactory - Using org.eclipse.m2e.jdt.JarLifecycleMapping lifecycle mapping for MavenProject: com.gateway:MicroserviceGateWay:0.0.1-SNAPSHOT @ C:\Microservice_practice_4\MicroserviceGateWay\pom.xml.
2026-10-08 11:56:11,832 [Worker-49: Building] INFO  o.e.m.c.i.embedder.EclipseLogger - Using 'UTF-8' encoding to copy filtered resources.
2026-10-08 11:56:11,832 [Worker-49: Building] INFO  o.e.m.c.i.embedder.EclipseLogger - Using 'UTF-8' encoding to copy filtered properties files.
2026-10-08 11:56:11,833 [Worker-49: Building] INFO  o.e.m.c.i.embedder.EclipseLogger - Copying 0 resource
2026-10-08 11:56:11,833 [Worker-49: Building] INFO  o.e.m.c.i.embedder.EclipseLogger - Copying 0 resource
2026-10-08 11:56:11,836 [Worker-49: Building] INFO  o.e.m.c.i.embedder.EclipseLogger - Using 'UTF-8' encoding to copy filtered resources.
2026-10-08 11:56:11,836 [Worker-49: Building] INFO  o.e.m.c.i.embedder.EclipseLogger - Using 'UTF-8' encoding to copy filtered properties files.
2026-10-08 11:56:11,836 [Worker-49: Building] INFO  o.e.m.c.i.embedder.EclipseLogger - skip non existing resourceDirectory C:\Microservice_practice_4\MicroserviceGateWay\src\test\resources
2026-10-08 11:56:22,178 [Worker-56: Updating Maven Project] INFO  o.e.m.c.i.p.ProjectConfigurationManager - Update started
2026-10-08 11:56:22,715 [Worker-56: Updating Maven Project] INFO  o.e.m.c.i.l.LifecycleMappingFactory - Using org.eclipse.m2e.jdt.JarLifecycleMapping lifecycle mapping for MavenProject: com.gateway:MicroserviceGateWay:0.0.1-SNAPSHOT @ C:\Microservice_practice_4\MicroserviceGateWay\pom.xml.
2026-10-08 11:56:23,754 [Worker-56: Updating Maven Project] INFO  o.e.m.j.i.AbstractJavaProjectConfigurator - Adding source folder /MicroserviceGateWay/src/main/java
2026-10-08 11:56:23,756 [Worker-56: Updating Maven Project] INFO  o.e.m.j.i.AbstractJavaProjectConfigurator - Adding resource folder /MicroserviceGateWay/src/main/resources
2026-10-08 11:56:23,756 [Worker-56: Updating Maven Project] INFO  o.e.m.j.i.AbstractJavaProjectConfigurator - Adding resource folder /MicroserviceGateWay/src/main/resources
2026-10-08 11:56:23,757 [Worker-56: Updating Maven Project] INFO  o.e.m.j.i.AbstractJavaProjectConfigurator - Adding source folder /MicroserviceGateWay/src/test/java
2026-10-08 11:56:24,678 [Worker-56: Updating Maven Project] INFO  o.e.m.c.i.p.ProjectConfigurationManager - Update completed: 2 sec
2026-10-08 11:56:26,481 [Worker-48: Building] INFO  o.e.m.c.i.embedder.EclipseLogger - Using 'UTF-8' encoding to copy filtered resources.
2026-10-08 11:56:26,481 [Worker-48: Building] INFO  o.e.m.c.i.embedder.EclipseLogger - Using 'UTF-8' encoding to copy filtered properties files.
2026-10-08 11:56:26,482 [Worker-48: Building] INFO  o.e.m.c.i.embedder.EclipseLogger - Copying 1 resource
2026-10-08 11:56:26,485 [Worker-48: Building] INFO  o.e.m.c.i.embedder.EclipseLogger - Copying 0 resource
2026-10-08 11:56:26,488 [Worker-48: Building] INFO  o.e.m.c.i.embedder.EclipseLogger - Using 'UTF-8' encoding to copy filtered resources.
2026-10-08 11:56:26,488 [Worker-48: Building] INFO  o.e.m.c.i.embedder.EclipseLogger - Using 'UTF-8' encoding to copy filtered properties files.
2026-10-08 11:56:26,488 [Worker-48: Building] INFO  o.e.m.c.i.embedder.EclipseLogger - skip non existing resourceDirectory C:\Microservice_practice_4\MicroserviceGateWay\src\test\resources
2026-10-08 11:57:07,627 [Worker-55: Building] INFO  o.e.m.c.i.embedder.EclipseLogger - Using 'UTF-8' encoding to copy filtered resources.
2026-10-08 11:57:07,627 [Worker-55: Building] INFO  o.e.m.c.i.embedder.EclipseLogger - Using 'UTF-8' encoding to copy filtered properties files.
2026-10-08 11:57:07,631 [Worker-55: Building] INFO  o.e.m.c.i.embedder.EclipseLogger - Copying 0 resource
2026-10-08 11:57:07,632 [Worker-55: Building] INFO  o.e.m.c.i.embedder.EclipseLogger - Copying 1 resource
2026-10-08 11:57:07,642 [Worker-55: Building] INFO  o.e.m.c.i.embedder.EclipseLogger - Using 'UTF-8' encoding to copy filtered resources.
2026-10-08 11:57:07,642 [Worker-55: Building] INFO  o.e.m.c.i.embedder.EclipseLogger - Using 'UTF-8' encoding to copy filtered properties files.
2026-10-08 11:57:07,642 [Worker-55: Building] INFO  o.e.m.c.i.embedder.EclipseLogger - skip non existing resourceDirectory C:\Microservice_practice_4\MicroserviceGateWay\src\test\resources
2026-10-08 11:58:38,154 [Worker-54: Building] INFO  o.e.m.c.i.embedder.EclipseLogger - Using 'UTF-8' encoding to copy filtered resources.
2026-10-08 11:58:38,155 [Worker-54: Building] INFO  o.e.m.c.i.embedder.EclipseLogger - Using 'UTF-8' encoding to copy filtered properties files.
2026-10-08 11:58:38,155 [Worker-54: Building] INFO  o.e.m.c.i.embedder.EclipseLogger - Copying 0 resource
2026-10-08 11:58:38,156 [Worker-54: Building] INFO  o.e.m.c.i.embedder.EclipseLogger - Copying 1 resource
2026-10-08 11:58:38,163 [Worker-54: Building] INFO  o.e.m.c.i.embedder.EclipseLogger - Using 'UTF-8' encoding to copy filtered resources.
2026-10-08 11:58:38,163 [Worker-54: Building] INFO  o.e.m.c.i.embedder.EclipseLogger - Using 'UTF-8' encoding to copy filtered properties files.
2026-10-08 11:58:38,164 [Worker-54: Building] INFO  o.e.m.c.i.embedder.EclipseLogger - skip non existing resourceDirectory C:\Microservice_practice_4\MicroserviceGateWay\src\test\resources
2026-10-08 11:58:52,920 [Worker-54: Building] INFO  o.e.m.c.i.embedder.EclipseLogger - Using 'UTF-8' encoding to copy filtered resources.
2026-10-08 11:58:52,920 [Worker-54: Building] INFO  o.e.m.c.i.embedder.EclipseLogger - Using 'UTF-8' encoding to copy filtered properties files.
2026-10-08 11:58:52,921 [Worker-54: Building] INFO  o.e.m.c.i.embedder.EclipseLogger - Copying 0 resource
2026-10-08 11:58:52,921 [Worker-54: Building] INFO  o.e.m.c.i.embedder.EclipseLogger - Copying 1 resource
2026-10-08 11:58:52,927 [Worker-54: Building] INFO  o.e.m.c.i.embedder.EclipseLogger - Using 'UTF-8' encoding to copy filtered resources.
2026-10-08 11:58:52,927 [Worker-54: Building] INFO  o.e.m.c.i.embedder.EclipseLogger - Using 'UTF-8' encoding to copy filtered properties files.
2026-10-08 11:58:52,927 [Worker-54: Building] INFO  o.e.m.c.i.embedder.EclipseLogger - skip non existing resourceDirectory C:\Microservice_practice_4\MicroserviceGateWay\src\test\resources
2026-10-08 11:59:34,607 [Worker-57: Building] INFO  o.e.m.c.i.embedder.EclipseLogger - Using 'UTF-8' encoding to copy filtered resources.
2026-10-08 11:59:34,607 [Worker-57: Building] INFO  o.e.m.c.i.embedder.EclipseLogger - Using 'UTF-8' encoding to copy filtered properties files.
2026-10-08 11:59:34,608 [Worker-57: Building] INFO  o.e.m.c.i.embedder.EclipseLogger - Copying 1 resource
2026-10-08 11:59:34,618 [Worker-57: Building] INFO  o.e.m.c.i.embedder.EclipseLogger - Copying 0 resource
2026-10-08 11:59:34,625 [Worker-57: Building] INFO  o.e.m.c.i.embedder.EclipseLogger - Using 'UTF-8' encoding to copy filtered resources.
2026-10-08 11:59:34,625 [Worker-57: Building] INFO  o.e.m.c.i.embedder.EclipseLogger - Using 'UTF-8' encoding to copy filtered properties files.
2026-10-08 11:59:34,626 [Worker-57: Building] INFO  o.e.m.c.i.embedder.EclipseLogger - skip non existing resourceDirectory C:\Microservice_practice_4\MicroserviceGateWay\src\test\resources
2026-10-08 12:01:50,293 [Worker-55: Building] INFO  o.e.m.c.i.embedder.EclipseLogger - Using 'UTF-8' encoding to copy filtered resources.
2026-10-08 12:01:50,293 [Worker-55: Building] INFO  o.e.m.c.i.embedder.EclipseLogger - Using 'UTF-8' encoding to copy filtered properties files.
2026-10-08 12:01:50,294 [Worker-55: Building] INFO  o.e.m.c.i.embedder.EclipseLogger - Copying 1 resource
2026-10-08 12:01:50,315 [Worker-55: Building] INFO  o.e.m.c.i.embedder.EclipseLogger - Using 'UTF-8' encoding to copy filtered resources.
2026-10-08 12:01:50,315 [Worker-55: Building] INFO  o.e.m.c.i.embedder.EclipseLogger - Using 'UTF-8' encoding to copy filtered properties files.
2026-10-08 12:01:50,315 [Worker-55: Building] INFO  o.e.m.c.i.embedder.EclipseLogger - skip non existing resourceDirectory C:\Microservice_practice_4\MicroserviceGateWay\src\test\resources
2026-10-08 12:01:53,440 [Worker-48: Building] INFO  o.e.m.c.i.embedder.EclipseLogger - Using 'UTF-8' encoding to copy filtered resources.
2026-10-08 12:01:53,440 [Worker-48: Building] INFO  o.e.m.c.i.embedder.EclipseLogger - Using 'UTF-8' encoding to copy filtered properties files.
2026-10-08 12:01:53,441 [Worker-48: Building] INFO  o.e.m.c.i.embedder.EclipseLogger - Copying 1 resource
2026-10-08 12:01:53,456 [Worker-48: Building] INFO  o.e.m.c.i.embedder.EclipseLogger - Using 'UTF-8' encoding to copy filtered resources.
2026-10-08 12:01:53,456 [Worker-48: Building] INFO  o.e.m.c.i.embedder.EclipseLogger - Using 'UTF-8' encoding to copy filtered properties files.
2026-10-08 12:01:53,456 [Worker-48: Building] INFO  o.e.m.c.i.embedder.EclipseLogger - skip non existing resourceDirectory C:\Microservice_practice_4\MicroserviceGateWay\src\test\resources
2026-10-08 12:07:29,634 [Worker-58: Building] INFO  o.e.m.c.i.embedder.EclipseLogger - Using 'UTF-8' encoding to copy filtered resources.
2026-10-08 12:07:29,634 [Worker-58: Building] INFO  o.e.m.c.i.embedder.EclipseLogger - Using 'UTF-8' encoding to copy filtered properties files.
2026-10-08 12:07:29,634 [Worker-58: Building] INFO  o.e.m.c.i.embedder.EclipseLogger - Copying 1 resource
2026-10-08 12:07:29,650 [Worker-58: Building] INFO  o.e.m.c.i.embedder.EclipseLogger - Using 'UTF-8' encoding to copy filtered resources.
2026-10-08 12:07:29,650 [Worker-58: Building] INFO  o.e.m.c.i.embedder.EclipseLogger - Using 'UTF-8' encoding to copy filtered properties files.
2026-10-08 12:07:29,650 [Worker-58: Building] INFO  o.e.m.c.i.embedder.EclipseLogger - skip non existing resourceDirectory C:\Microservice_practice_4\MicroserviceGateWay\src\test\resources
2026-10-08 12:08:42,875 [Worker-56: Building] INFO  o.e.m.c.i.embedder.EclipseLogger - Using 'UTF-8' encoding to copy filtered resources.
2026-10-08 12:08:42,875 [Worker-56: Building] INFO  o.e.m.c.i.embedder.EclipseLogger - Using 'UTF-8' encoding to copy filtered properties files.
2026-10-08 12:08:42,876 [Worker-56: Building] INFO  o.e.m.c.i.embedder.EclipseLogger - Copying 1 resource
2026-10-08 12:08:42,897 [Worker-56: Building] INFO  o.e.m.c.i.embedder.EclipseLogger - Using 'UTF-8' encoding to copy filtered resources.
2026-10-08 12:08:42,897 [Worker-56: Building] INFO  o.e.m.c.i.embedder.EclipseLogger - Using 'UTF-8' encoding to copy filtered properties files.
2026-10-08 12:08:42,897 [Worker-56: Building] INFO  o.e.m.c.i.embedder.EclipseLogger - skip non existing resourceDirectory C:\Microservice_practice_4\MicroserviceGateWay\src\test\resources
2026-10-08 12:14:15,832 [Worker-51: Building] INFO  o.e.m.c.i.l.LifecycleMappingFactory - Using org.eclipse.m2e.jdt.JarLifecycleMapping lifecycle mapping for MavenProject: com.gateway:MicroserviceGateWay:0.0.1-SNAPSHOT @ C:\Microservice_practice_4\MicroserviceGateWay\pom.xml.
2026-10-08 12:14:16,981 [Worker-51: Building] INFO  o.e.m.c.i.embedder.EclipseLogger - Using 'UTF-8' encoding to copy filtered resources.
2026-10-08 12:14:16,982 [Worker-51: Building] INFO  o.e.m.c.i.embedder.EclipseLogger - Using 'UTF-8' encoding to copy filtered properties files.
2026-10-08 12:14:16,982 [Worker-51: Building] INFO  o.e.m.c.i.embedder.EclipseLogger - Copying 0 resource
2026-10-08 12:14:16,982 [Worker-51: Building] INFO  o.e.m.c.i.embedder.EclipseLogger - Copying 0 resource
2026-10-08 12:14:16,986 [Worker-51: Building] INFO  o.e.m.c.i.embedder.EclipseLogger - Using 'UTF-8' encoding to copy filtered resources.
2026-10-08 12:14:16,986 [Worker-51: Building] INFO  o.e.m.c.i.embedder.EclipseLogger - Using 'UTF-8' encoding to copy filtered properties files.
2026-10-08 12:14:16,987 [Worker-51: Building] INFO  o.e.m.c.i.embedder.EclipseLogger - skip non existing resourceDirectory C:\Microservice_practice_4\MicroserviceGateWay\src\test\resources
2026-10-08 12:14:55,377 [Worker-55: reload maven project] INFO  o.e.m.c.i.e.AbstractTransferListenerAdapter - Downloaded https://repo.maven.apache.org/maven2/org/springframework/cloud/spring-cloud-dependencies/2021.0.8/spring-cloud-dependencies-2021.0.8.pom
2026-10-08 12:14:55,508 [Worker-51: Building] INFO  o.e.m.c.i.e.AbstractTransferListenerAdapter - Downloaded https://repo.maven.apache.org/maven2/org/springframework/cloud/spring-cloud-dependencies/2021.0.8/spring-cloud-dependencies-2021.0.8.pom
2026-10-08 12:14:55,519 [Worker-55: reload maven project] INFO  o.e.m.c.i.e.AbstractTransferListenerAdapter - Downloaded https://repo.maven.apache.org/maven2/org/springframework/cloud/spring-cloud-dependencies-parent/3.1.8/spring-cloud-dependencies-parent-3.1.8.pom
2026-10-08 12:14:55,590 [Worker-51: Building] INFO  o.e.m.c.i.e.AbstractTransferListenerAdapter - Downloaded https://repo.maven.apache.org/maven2/org/springframework/cloud/spring-cloud-dependencies-parent/3.1.8/spring-cloud-dependencies-parent-3.1.8.pom
2026-10-08 12:14:55,612 [Worker-55: reload maven project] INFO  o.e.m.c.i.e.AbstractTransferListenerAdapter - Downloaded https://repo.maven.apache.org/maven2/org/springframework/cloud/spring-cloud-commons-dependencies/3.1.7/spring-cloud-commons-dependencies-3.1.7.pom
2026-10-08 12:14:55,646 [Worker-51: Building] INFO  o.e.m.c.i.e.AbstractTransferListenerAdapter - Downloaded https://repo.maven.apache.org/maven2/org/springframework/cloud/spring-cloud-commons-dependencies/3.1.7/spring-cloud-commons-dependencies-3.1.7.pom
2026-10-08 12:14:55,676 [Worker-55: reload maven project] INFO  o.e.m.c.i.e.AbstractTransferListenerAdapter - Downloaded https://repo.maven.apache.org/maven2/org/springframework/cloud/spring-cloud-netflix-dependencies/3.1.7/spring-cloud-netflix-dependencies-3.1.7.pom
2026-10-08 12:14:55,701 [Worker-51: Building] INFO  o.e.m.c.i.e.AbstractTransferListenerAdapter - Downloaded https://repo.maven.apache.org/maven2/org/springframework/cloud/spring-cloud-netflix-dependencies/3.1.7/spring-cloud-netflix-dependencies-3.1.7.pom
2026-10-08 12:14:55,737 [Worker-55: reload maven project] INFO  o.e.m.c.i.e.AbstractTransferListenerAdapter - Downloaded https://repo.maven.apache.org/maven2/org/springframework/cloud/spring-cloud-stream-dependencies/3.2.9/spring-cloud-stream-dependencies-3.2.9.pom
2026-10-08 12:14:55,751 [Worker-51: Building] INFO  o.e.m.c.i.e.AbstractTransferListenerAdapter - Downloaded https://repo.maven.apache.org/maven2/org/springframework/cloud/spring-cloud-stream-dependencies/3.2.9/spring-cloud-stream-dependencies-3.2.9.pom
2026-10-08 12:14:55,886 [Worker-51: Building] INFO  o.e.m.c.i.e.AbstractTransferListenerAdapter - Downloaded https://repo.maven.apache.org/maven2/org/springframework/cloud/spring-cloud-task-dependencies/2.4.6/spring-cloud-task-dependencies-2.4.6.pom
2026-10-08 12:14:55,889 [Worker-55: reload maven project] INFO  o.e.m.c.i.e.AbstractTransferListenerAdapter - Downloaded https://repo.maven.apache.org/maven2/org/springframework/cloud/spring-cloud-task-dependencies/2.4.6/spring-cloud-task-dependencies-2.4.6.pom
2026-10-08 12:14:55,938 [Worker-51: Building] INFO  o.e.m.c.i.e.AbstractTransferListenerAdapter - Downloaded https://repo.maven.apache.org/maven2/org/springframework/cloud/spring-cloud-dependencies-parent/3.1.6/spring-cloud-dependencies-parent-3.1.6.pom
2026-10-08 12:14:55,945 [Worker-55: reload maven project] INFO  o.e.m.c.i.e.AbstractTransferListenerAdapter - Downloaded https://repo.maven.apache.org/maven2/org/springframework/cloud/spring-cloud-dependencies-parent/3.1.6/spring-cloud-dependencies-parent-3.1.6.pom
2026-10-08 12:14:55,991 [Worker-51: Building] INFO  o.e.m.c.i.e.AbstractTransferListenerAdapter - Downloaded https://repo.maven.apache.org/maven2/org/springframework/cloud/spring-cloud-circuitbreaker-dependencies/2.1.7/spring-cloud-circuitbreaker-dependencies-2.1.7.pom
2026-10-08 12:14:56,018 [Worker-55: reload maven project] INFO  o.e.m.c.i.e.AbstractTransferListenerAdapter - Downloaded https://repo.maven.apache.org/maven2/org/springframework/cloud/spring-cloud-circuitbreaker-dependencies/2.1.7/spring-cloud-circuitbreaker-dependencies-2.1.7.pom
2026-10-08 12:14:56,060 [Worker-51: Building] INFO  o.e.m.c.i.e.AbstractTransferListenerAdapter - Downloaded https://repo.maven.apache.org/maven2/org/springframework/cloud/spring-cloud-dependencies-parent/3.1.7/spring-cloud-dependencies-parent-3.1.7.pom
2026-10-08 12:14:56,079 [Worker-55: reload maven project] INFO  o.e.m.c.i.e.AbstractTransferListenerAdapter - Downloaded https://repo.maven.apache.org/maven2/org/springframework/cloud/spring-cloud-dependencies-parent/3.1.7/spring-cloud-dependencies-parent-3.1.7.pom
2026-10-08 12:14:56,269 [Worker-51: Building] INFO  o.e.m.c.i.e.AbstractTransferListenerAdapter - Downloaded https://repo.maven.apache.org/maven2/io/github/resilience4j/resilience4j-bom/1.7.0/resilience4j-bom-1.7.0.pom
2026-10-08 12:14:56,273 [Worker-55: reload maven project] INFO  o.e.m.c.i.e.AbstractTransferListenerAdapter - Downloaded https://repo.maven.apache.org/maven2/io/github/resilience4j/resilience4j-bom/1.7.0/resilience4j-bom-1.7.0.pom
2026-10-08 12:14:56,322 [Worker-51: Building] INFO  o.e.m.c.i.e.AbstractTransferListenerAdapter - Downloaded https://repo.maven.apache.org/maven2/org/springframework/cloud/spring-cloud-config-dependencies/3.1.8/spring-cloud-config-dependencies-3.1.8.pom
2026-10-08 12:14:56,330 [Worker-55: reload maven project] INFO  o.e.m.c.i.e.AbstractTransferListenerAdapter - Downloaded https://repo.maven.apache.org/maven2/org/springframework/cloud/spring-cloud-config-dependencies/3.1.8/spring-cloud-config-dependencies-3.1.8.pom
2026-10-08 12:14:56,374 [Worker-51: Building] INFO  o.e.m.c.i.e.AbstractTransferListenerAdapter - Downloaded https://repo.maven.apache.org/maven2/org/springframework/cloud/spring-cloud-function-dependencies/3.2.11/spring-cloud-function-dependencies-3.2.11.pom
2026-10-08 12:14:56,387 [Worker-55: reload maven project] INFO  o.e.m.c.i.e.AbstractTransferListenerAdapter - Downloaded https://repo.maven.apache.org/maven2/org/springframework/cloud/spring-cloud-function-dependencies/3.2.11/spring-cloud-function-dependencies-3.2.11.pom
2026-10-08 12:14:56,426 [Worker-51: Building] INFO  o.e.m.c.i.e.AbstractTransferListenerAdapter - Downloaded https://repo.maven.apache.org/maven2/org/springframework/cloud/spring-cloud-gateway-dependencies/3.1.8/spring-cloud-gateway-dependencies-3.1.8.pom
2026-10-08 12:14:56,444 [Worker-55: reload maven project] INFO  o.e.m.c.i.e.AbstractTransferListenerAdapter - Downloaded https://repo.maven.apache.org/maven2/org/springframework/cloud/spring-cloud-gateway-dependencies/3.1.8/spring-cloud-gateway-dependencies-3.1.8.pom
2026-10-08 12:14:56,569 [Worker-51: Building] INFO  o.e.m.c.i.e.AbstractTransferListenerAdapter - Downloaded https://repo.maven.apache.org/maven2/org/springframework/cloud/spring-cloud-consul-dependencies/3.1.4/spring-cloud-consul-dependencies-3.1.4.pom
2026-10-08 12:14:56,574 [Worker-55: reload maven project] INFO  o.e.m.c.i.e.AbstractTransferListenerAdapter - Downloaded https://repo.maven.apache.org/maven2/org/springframework/cloud/spring-cloud-consul-dependencies/3.1.4/spring-cloud-consul-dependencies-3.1.4.pom
2026-10-08 12:14:56,624 [Worker-51: Building] INFO  o.e.m.c.i.e.AbstractTransferListenerAdapter - Downloaded https://repo.maven.apache.org/maven2/org/springframework/cloud/spring-cloud-sleuth-dependencies/3.1.9/spring-cloud-sleuth-dependencies-3.1.9.pom
2026-10-08 12:14:56,630 [Worker-55: reload maven project] INFO  o.e.m.c.i.e.AbstractTransferListenerAdapter - Downloaded https://repo.maven.apache.org/maven2/org/springframework/cloud/spring-cloud-sleuth-dependencies/3.1.9/spring-cloud-sleuth-dependencies-3.1.9.pom
2026-10-08 12:14:56,800 [Worker-51: Building] INFO  o.e.m.c.i.e.AbstractTransferListenerAdapter - Downloaded https://repo.maven.apache.org/maven2/io/zipkin/brave/brave-bom/5.13.9/brave-bom-5.13.9.pom
2026-10-08 12:14:56,808 [Worker-55: reload maven project] INFO  o.e.m.c.i.e.AbstractTransferListenerAdapter - Downloaded https://repo.maven.apache.org/maven2/io/zipkin/brave/brave-bom/5.13.9/brave-bom-5.13.9.pom
2026-10-08 12:14:56,855 [Worker-51: Building] INFO  o.e.m.c.i.e.AbstractTransferListenerAdapter - Downloaded https://repo.maven.apache.org/maven2/org/springframework/cloud/spring-cloud-vault-dependencies/3.1.3/spring-cloud-vault-dependencies-3.1.3.pom
2026-10-08 12:14:56,906 [Worker-55: reload maven project] INFO  o.e.m.c.i.e.AbstractTransferListenerAdapter - Downloaded https://repo.maven.apache.org/maven2/org/springframework/cloud/spring-cloud-vault-dependencies/3.1.3/spring-cloud-vault-dependencies-3.1.3.pom
2026-10-08 12:14:56,918 [Worker-51: Building] INFO  o.e.m.c.i.e.AbstractTransferListenerAdapter - Downloaded https://repo.maven.apache.org/maven2/org/springframework/cloud/spring-cloud-zookeeper-dependencies/3.1.4/spring-cloud-zookeeper-dependencies-3.1.4.pom
2026-10-08 12:14:56,965 [Worker-55: reload maven project] INFO  o.e.m.c.i.e.AbstractTransferListenerAdapter - Downloaded https://repo.maven.apache.org/maven2/org/springframework/cloud/spring-cloud-zookeeper-dependencies/3.1.4/spring-cloud-zookeeper-dependencies-3.1.4.pom
2026-10-08 12:14:56,975 [Worker-51: Building] INFO  o.e.m.c.i.e.AbstractTransferListenerAdapter - Downloaded https://repo.maven.apache.org/maven2/org/springframework/cloud/spring-cloud-cloudfoundry-dependencies/3.1.3/spring-cloud-cloudfoundry-dependencies-3.1.3.pom
2026-10-08 12:14:57,021 [Worker-55: reload maven project] INFO  o.e.m.c.i.e.AbstractTransferListenerAdapter - Downloaded https://repo.maven.apache.org/maven2/org/springframework/cloud/spring-cloud-cloudfoundry-dependencies/3.1.3/spring-cloud-cloudfoundry-dependencies-3.1.3.pom
2026-10-08 12:14:57,025 [Worker-51: Building] INFO  o.e.m.c.i.e.AbstractTransferListenerAdapter - Downloaded https://repo.maven.apache.org/maven2/org/springframework/cloud/spring-cloud-bus-dependencies/3.1.2/spring-cloud-bus-dependencies-3.1.2.pom
2026-10-08 12:14:57,080 [Worker-51: Building] INFO  o.e.m.c.i.e.AbstractTransferListenerAdapter - Downloaded https://repo.maven.apache.org/maven2/org/springframework/cloud/spring-cloud-dependencies-parent/3.1.3/spring-cloud-dependencies-parent-3.1.3.pom
2026-10-08 12:14:57,084 [Worker-55: reload maven project] INFO  o.e.m.c.i.e.AbstractTransferListenerAdapter - Downloaded https://repo.maven.apache.org/maven2/org/springframework/cloud/spring-cloud-dependencies-parent/3.1.3/spring-cloud-dependencies-parent-3.1.3.pom
2026-10-08 12:14:57,135 [Worker-51: Building] INFO  o.e.m.c.i.e.AbstractTransferListenerAdapter - Downloaded https://repo.maven.apache.org/maven2/org/springframework/cloud/spring-cloud-contract-dependencies/3.1.8/spring-cloud-contract-dependencies-3.1.8.pom
2026-10-08 12:14:57,150 [Worker-55: reload maven project] INFO  o.e.m.c.i.e.AbstractTransferListenerAdapter - Downloaded https://repo.maven.apache.org/maven2/org/springframework/cloud/spring-cloud-contract-dependencies/3.1.8/spring-cloud-contract-dependencies-3.1.8.pom
2026-10-08 12:14:57,209 [Worker-51: Building] INFO  o.e.m.c.i.e.AbstractTransferListenerAdapter - Downloaded https://repo.maven.apache.org/maven2/org/springframework/cloud/spring-cloud-openfeign-dependencies/3.1.8/spring-cloud-openfeign-dependencies-3.1.8.pom
2026-10-08 12:14:57,213 [Worker-55: reload maven project] INFO  o.e.m.c.i.e.AbstractTransferListenerAdapter - Downloaded https://repo.maven.apache.org/maven2/org/springframework/cloud/spring-cloud-openfeign-dependencies/3.1.8/spring-cloud-openfeign-dependencies-3.1.8.pom
2026-10-08 12:14:57,268 [Worker-55: reload maven project] INFO  o.e.m.c.i.e.AbstractTransferListenerAdapter - Downloaded https://repo.maven.apache.org/maven2/io/github/openfeign/feign-bom/11.10/feign-bom-11.10.pom
2026-10-08 12:14:57,271 [Worker-51: Building] INFO  o.e.m.c.i.e.AbstractTransferListenerAdapter - Downloaded https://repo.maven.apache.org/maven2/io/github/openfeign/feign-bom/11.10/feign-bom-11.10.pom
2026-10-08 12:14:57,330 [Worker-51: Building] INFO  o.e.m.c.i.e.AbstractTransferListenerAdapter - Downloaded https://repo.maven.apache.org/maven2/org/springframework/cloud/spring-cloud-kubernetes-dependencies/2.1.8/spring-cloud-kubernetes-dependencies-2.1.8.pom
2026-10-08 12:14:57,340 [Worker-55: reload maven project] INFO  o.e.m.c.i.e.AbstractTransferListenerAdapter - Downloaded https://repo.maven.apache.org/maven2/org/springframework/cloud/spring-cloud-kubernetes-dependencies/2.1.8/spring-cloud-kubernetes-dependencies-2.1.8.pom
2026-10-08 12:14:57,383 [Worker-51: Building] INFO  o.e.m.c.i.e.AbstractTransferListenerAdapter - Downloaded https://repo.maven.apache.org/maven2/io/fabric8/kubernetes-client-bom/5.10.2/kubernetes-client-bom-5.10.2.pom
2026-10-08 12:14:57,462 [Worker-55: reload maven project] INFO  o.e.m.c.i.e.AbstractTransferListenerAdapter - Downloaded https://repo.maven.apache.org/maven2/io/fabric8/kubernetes-client-bom/5.10.2/kubernetes-client-bom-5.10.2.pom
2026-10-08 12:14:58,064 [Worker-55: reload maven project] INFO  o.e.m.c.i.e.AbstractTransferListenerAdapter - Downloaded https://repo.maven.apache.org/maven2/org/springframework/cloud/spring-cloud-starter-gateway/3.1.8/spring-cloud-starter-gateway-3.1.8.pom
2026-10-08 12:14:58,077 [Worker-51: Building] INFO  o.e.m.c.i.l.LifecycleMappingFactory - Using org.eclipse.m2e.jdt.JarLifecycleMapping lifecycle mapping for MavenProject: com.gateway:MicroserviceGateWay:0.0.1-SNAPSHOT @ C:\Microservice_practice_4\MicroserviceGateWay\pom.xml.
2026-10-08 12:14:58,223 [Worker-55: reload maven project] INFO  o.e.m.c.i.e.AbstractTransferListenerAdapter - Downloaded https://repo.maven.apache.org/maven2/org/springframework/cloud/spring-cloud-gateway/3.1.8/spring-cloud-gateway-3.1.8.pom
2026-10-08 12:14:58,758 [Worker-55: reload maven project] INFO  o.e.m.c.i.e.AbstractTransferListenerAdapter - Downloaded https://repo.maven.apache.org/maven2/org/springframework/cloud/spring-cloud-gateway-server/3.1.8/spring-cloud-gateway-server-3.1.8.pom
2026-10-08 12:14:59,637 [Worker-55: reload maven project] INFO  o.e.m.c.i.e.AbstractTransferListenerAdapter - Downloaded https://repo.maven.apache.org/maven2/org/springframework/cloud/spring-cloud-starter-consul-discovery/3.1.4/spring-cloud-starter-consul-discovery-3.1.4.pom
2026-10-08 12:14:59,907 [Worker-55: reload maven project] INFO  o.e.m.c.i.e.AbstractTransferListenerAdapter - Downloaded https://repo.maven.apache.org/maven2/org/springframework/cloud/spring-cloud-consul/3.1.4/spring-cloud-consul-3.1.4.pom
2026-10-08 12:15:00,148 [Worker-55: reload maven project] INFO  o.e.m.c.i.e.AbstractTransferListenerAdapter - Downloaded https://repo.maven.apache.org/maven2/org/springframework/cloud/spring-cloud-starter-consul/3.1.4/spring-cloud-starter-consul-3.1.4.pom
2026-10-08 12:15:00,423 [Worker-55: reload maven project] INFO  o.e.m.c.i.e.AbstractTransferListenerAdapter - Downloaded https://repo.maven.apache.org/maven2/org/springframework/cloud/spring-cloud-consul-core/3.1.4/spring-cloud-consul-core-3.1.4.pom
2026-10-08 12:15:00,663 [Worker-55: reload maven project] INFO  o.e.m.c.i.e.AbstractTransferListenerAdapter - Downloaded https://repo.maven.apache.org/maven2/org/springframework/cloud/spring-cloud-consul-discovery/3.1.4/spring-cloud-consul-discovery-3.1.4.pom
2026-10-08 12:15:01,474 [AetherRepositoryConnector-repo.maven.apache.org-2-1] INFO  o.e.m.c.i.e.AbstractTransferListenerAdapter - Downloading https://repo.maven.apache.org/maven2/org/springframework/cloud/spring-cloud-starter/3.1.7/spring-cloud-starter-3.1.7.jar
2026-10-08 12:15:01,480 [AetherRepositoryConnector-repo.maven.apache.org-2-2] INFO  o.e.m.c.i.e.AbstractTransferListenerAdapter - Downloading https://repo.maven.apache.org/maven2/org/springframework/cloud/spring-cloud-context/3.1.7/spring-cloud-context-3.1.7.jar
2026-10-08 12:15:01,513 [AetherRepositoryConnector-repo.maven.apache.org-2-3] INFO  o.e.m.c.i.e.AbstractTransferListenerAdapter - Downloading https://repo.maven.apache.org/maven2/org/springframework/cloud/spring-cloud-commons/3.1.7/spring-cloud-commons-3.1.7.jar
2026-10-08 12:15:01,595 [AetherRepositoryConnector-repo.maven.apache.org-2-0] INFO  o.e.m.c.i.e.AbstractTransferListenerAdapter - Downloading https://repo.maven.apache.org/maven2/org/springframework/cloud/spring-cloud-starter-gateway/3.1.8/spring-cloud-starter-gateway-3.1.8.jar
2026-10-08 12:15:01,606 [AetherRepositoryConnector-repo.maven.apache.org-2-4] INFO  o.e.m.c.i.e.AbstractTransferListenerAdapter - Downloading https://repo.maven.apache.org/maven2/org/springframework/cloud/spring-cloud-gateway-server/3.1.8/spring-cloud-gateway-server-3.1.8.jar
2026-10-08 12:15:01,675 [AetherRepositoryConnector-repo.maven.apache.org-2-1] INFO  o.e.m.c.i.e.AbstractTransferListenerAdapter - Downloaded https://repo.maven.apache.org/maven2/org/springframework/cloud/spring-cloud-starter/3.1.7/spring-cloud-starter-3.1.7.jar
2026-10-08 12:15:01,708 [AetherRepositoryConnector-repo.maven.apache.org-2-3] INFO  o.e.m.c.i.e.AbstractTransferListenerAdapter - Downloaded https://repo.maven.apache.org/maven2/org/springframework/cloud/spring-cloud-commons/3.1.7/spring-cloud-commons-3.1.7.jar
2026-10-08 12:15:01,709 [AetherRepositoryConnector-repo.maven.apache.org-2-2] INFO  o.e.m.c.i.e.AbstractTransferListenerAdapter - Downloaded https://repo.maven.apache.org/maven2/org/springframework/cloud/spring-cloud-context/3.1.7/spring-cloud-context-3.1.7.jar
2026-10-08 12:15:01,744 [AetherRepositoryConnector-repo.maven.apache.org-2-0] INFO  o.e.m.c.i.e.AbstractTransferListenerAdapter - Downloaded https://repo.maven.apache.org/maven2/org/springframework/cloud/spring-cloud-starter-gateway/3.1.8/spring-cloud-starter-gateway-3.1.8.jar
2026-10-08 12:15:01,792 [AetherRepositoryConnector-repo.maven.apache.org-2-3] INFO  o.e.m.c.i.e.AbstractTransferListenerAdapter - Downloading https://repo.maven.apache.org/maven2/org/springframework/cloud/spring-cloud-starter-consul/3.1.4/spring-cloud-starter-consul-3.1.4.jar
2026-10-08 12:15:01,814 [AetherRepositoryConnector-repo.maven.apache.org-2-1] INFO  o.e.m.c.i.e.AbstractTransferListenerAdapter - Downloading https://repo.maven.apache.org/maven2/org/springframework/cloud/spring-cloud-starter-consul-discovery/3.1.4/spring-cloud-starter-consul-discovery-3.1.4.jar
2026-10-08 12:15:01,830 [AetherRepositoryConnector-repo.maven.apache.org-2-4] INFO  o.e.m.c.i.e.AbstractTransferListenerAdapter - Downloaded https://repo.maven.apache.org/maven2/org/springframework/cloud/spring-cloud-gateway-server/3.1.8/spring-cloud-gateway-server-3.1.8.jar
2026-10-08 12:15:01,878 [AetherRepositoryConnector-repo.maven.apache.org-2-2] INFO  o.e.m.c.i.e.AbstractTransferListenerAdapter - Downloading https://repo.maven.apache.org/maven2/org/springframework/cloud/spring-cloud-consul-core/3.1.4/spring-cloud-consul-core-3.1.4.jar
2026-10-08 12:15:01,887 [AetherRepositoryConnector-repo.maven.apache.org-2-3] INFO  o.e.m.c.i.e.AbstractTransferListenerAdapter - Downloaded https://repo.maven.apache.org/maven2/org/springframework/cloud/spring-cloud-starter-consul/3.1.4/spring-cloud-starter-consul-3.1.4.jar
2026-10-08 12:15:01,905 [AetherRepositoryConnector-repo.maven.apache.org-2-1] INFO  o.e.m.c.i.e.AbstractTransferListenerAdapter - Downloaded https://repo.maven.apache.org/maven2/org/springframework/cloud/spring-cloud-starter-consul-discovery/3.1.4/spring-cloud-starter-consul-discovery-3.1.4.jar
2026-10-08 12:15:01,923 [AetherRepositoryConnector-repo.maven.apache.org-2-0] INFO  o.e.m.c.i.e.AbstractTransferListenerAdapter - Downloading https://repo.maven.apache.org/maven2/org/springframework/cloud/spring-cloud-consul-discovery/3.1.4/spring-cloud-consul-discovery-3.1.4.jar
2026-10-08 12:15:01,955 [AetherRepositoryConnector-repo.maven.apache.org-2-2] INFO  o.e.m.c.i.e.AbstractTransferListenerAdapter - Downloaded https://repo.maven.apache.org/maven2/org/springframework/cloud/spring-cloud-consul-core/3.1.4/spring-cloud-consul-core-3.1.4.jar
2026-10-08 12:15:02,012 [AetherRepositoryConnector-repo.maven.apache.org-2-0] INFO  o.e.m.c.i.e.AbstractTransferListenerAdapter - Downloaded https://repo.maven.apache.org/maven2/org/springframework/cloud/spring-cloud-consul-discovery/3.1.4/spring-cloud-consul-discovery-3.1.4.jar
2026-10-08 12:15:03,840 [Worker-60: Building] INFO  o.e.m.c.i.embedder.EclipseLogger - Using 'UTF-8' encoding to copy filtered resources.
2026-10-08 12:15:03,840 [Worker-60: Building] INFO  o.e.m.c.i.embedder.EclipseLogger - Using 'UTF-8' encoding to copy filtered properties files.
2026-10-08 12:15:03,842 [Worker-60: Building] INFO  o.e.m.c.i.embedder.EclipseLogger - Copying 2 resources
2026-10-08 12:15:03,850 [Worker-60: Building] INFO  o.e.m.c.i.embedder.EclipseLogger - Copying 1 resource
2026-10-08 12:15:03,858 [Worker-60: Building] INFO  o.e.m.c.i.embedder.EclipseLogger - Using 'UTF-8' encoding to copy filtered resources.
2026-10-08 12:15:03,858 [Worker-60: Building] INFO  o.e.m.c.i.embedder.EclipseLogger - Using 'UTF-8' encoding to copy filtered properties files.
2026-10-08 12:15:03,858 [Worker-60: Building] INFO  o.e.m.c.i.embedder.EclipseLogger - skip non existing resourceDirectory C:\Microservice_practice_4\MicroserviceGateWay\src\test\resources
2026-10-08 12:15:28,825 [Worker-60: Updating Maven Project] INFO  o.e.m.c.i.p.ProjectConfigurationManager - Update started
2026-10-08 12:15:30,341 [Worker-60: Updating Maven Project] INFO  o.e.m.c.i.l.LifecycleMappingFactory - Using org.eclipse.m2e.jdt.JarLifecycleMapping lifecycle mapping for MavenProject: com.gateway:MicroserviceGateWay:0.0.1-SNAPSHOT @ C:\Microservice_practice_4\MicroserviceGateWay\pom.xml.
2026-10-08 12:15:31,424 [Worker-60: Updating Maven Project] INFO  o.e.m.c.i.l.LifecycleMappingFactory - Using org.eclipse.m2e.jdt.JarLifecycleMapping lifecycle mapping for MavenProject: com.gaurav:CompanyMicorservice:0.0.1-SNAPSHOT @ C:\Microservice_Practice_2\CompanyMicorservice\pom.xml.
2026-10-08 12:15:32,326 [Worker-60: Updating Maven Project] INFO  o.e.m.c.i.l.LifecycleMappingFactory - Using org.eclipse.m2e.jdt.JarLifecycleMapping lifecycle mapping for MavenProject: com.gaurav:EmployeeMicorservice:0.0.1-SNAPSHOT @ C:\Microservice_practice_4\EmployeeMicorservice\pom.xml.
2026-10-08 12:15:34,296 [Worker-60: Updating Maven Project] INFO  o.e.m.j.i.AbstractJavaProjectConfigurator - Adding source folder /MicroserviceGateWay/src/main/java
2026-10-08 12:15:34,297 [Worker-60: Updating Maven Project] INFO  o.e.m.j.i.AbstractJavaProjectConfigurator - Adding resource folder /MicroserviceGateWay/src/main/resources
2026-10-08 12:15:34,297 [Worker-60: Updating Maven Project] INFO  o.e.m.j.i.AbstractJavaProjectConfigurator - Adding resource folder /MicroserviceGateWay/src/main/resources
2026-10-08 12:15:34,298 [Worker-60: Updating Maven Project] INFO  o.e.m.j.i.AbstractJavaProjectConfigurator - Adding source folder /MicroserviceGateWay/src/test/java
2026-10-08 12:15:35,577 [Worker-60: Updating Maven Project] INFO  o.e.m.c.i.p.ProjectConfigurationManager - Update completed: 6 sec
2026-10-08 12:15:36,172 [Worker-55: Download sources and javadoc] INFO  o.e.m.c.i.e.AbstractTransferListenerAdapter - Downloaded https://repo.maven.apache.org/maven2/org/springframework/cloud/spring-cloud-starter-gateway/3.1.8/spring-cloud-starter-gateway-3.1.8-sources.jar
2026-10-08 12:15:36,177 [Worker-55: Download sources and javadoc] ERROR o.e.m.j.internal.DownloadSourcesJob - Could not download sources for org.springframework.cloud:spring-cloud-starter-gateway:3.1.8
org.eclipse.core.runtime.CoreException: Could not resolve artifact org.springframework.cloud:spring-cloud-starter-gateway:jar:sources:3.1.8
	at org.eclipse.m2e.core.internal.embedder.MavenImpl.lambda$4(MavenImpl.java:803) ~[org.eclipse.m2e.core_1.15.0.20200305-1308.jar:na]
	at org.eclipse.m2e.core.internal.embedder.MavenExecutionContext.executeBare(MavenExecutionContext.java:179) ~[org.eclipse.m2e.core_1.15.0.20200305-1308.jar:na]
	at org.eclipse.m2e.core.internal.embedder.MavenExecutionContext.execute(MavenExecutionContext.java:114) ~[org.eclipse.m2e.core_1.15.0.20200305-1308.jar:na]
	at org.eclipse.m2e.core.internal.embedder.MavenExecutionContext.execute(MavenExecutionContext.java:101) ~[org.eclipse.m2e.core_1.15.0.20200305-1308.jar:na]
	at org.eclipse.m2e.core.internal.embedder.MavenImpl.resolve(MavenImpl.java:771) ~[org.eclipse.m2e.core_1.15.0.20200305-1308.jar:na]
	at org.eclipse.m2e.core.internal.embedder.MavenImpl.resolve(MavenImpl.java:748) ~[org.eclipse.m2e.core_1.15.0.20200305-1308.jar:na]
	at org.eclipse.m2e.jdt.internal.DownloadSourcesJob.download(DownloadSourcesJob.java:330) [org.eclipse.m2e.jdt_1.15.0.20200226-1722.jar:na]
	at org.eclipse.m2e.jdt.internal.DownloadSourcesJob.downloadAttachments(DownloadSourcesJob.java:304) [org.eclipse.m2e.jdt_1.15.0.20200226-1722.jar:na]
	at org.eclipse.m2e.jdt.internal.DownloadSourcesJob.downloadMaven(DownloadSourcesJob.java:269) [org.eclipse.m2e.jdt_1.15.0.20200226-1722.jar:na]
	at org.eclipse.m2e.jdt.internal.DownloadSourcesJob.downloadFilesAndPopulateToUpdate(DownloadSourcesJob.java:233) [org.eclipse.m2e.jdt_1.15.0.20200226-1722.jar:na]
	at org.eclipse.m2e.jdt.internal.DownloadSourcesJob.lambda$0(DownloadSourcesJob.java:161) [org.eclipse.m2e.jdt_1.15.0.20200226-1722.jar:na]
	at org.eclipse.m2e.core.internal.embedder.MavenExecutionContext.executeBare(MavenExecutionContext.java:179) ~[org.eclipse.m2e.core_1.15.0.20200305-1308.jar:na]
	at org.eclipse.m2e.core.internal.embedder.MavenExecutionContext.execute(MavenExecutionContext.java:153) ~[org.eclipse.m2e.core_1.15.0.20200305-1308.jar:na]
	at org.eclipse.m2e.core.internal.embedder.MavenExecutionContext.execute(MavenExecutionContext.java:101) ~[org.eclipse.m2e.core_1.15.0.20200305-1308.jar:na]
	at org.eclipse.m2e.core.internal.embedder.MavenImpl.execute(MavenImpl.java:1373) ~[org.eclipse.m2e.core_1.15.0.20200305-1308.jar:na]
	at org.eclipse.m2e.jdt.internal.DownloadSourcesJob.run(DownloadSourcesJob.java:161) [org.eclipse.m2e.jdt_1.15.0.20200226-1722.jar:na]
	at org.eclipse.core.internal.jobs.Worker.run(Worker.java:63) ~[org.eclipse.core.jobs_3.10.700.v20200106-1020.jar:na]
2026-10-08 12:15:36,404 [Worker-55: Download sources and javadoc] INFO  o.e.m.c.i.e.AbstractTransferListenerAdapter - Downloaded https://repo.maven.apache.org/maven2/org/springframework/cloud/spring-cloud-starter/3.1.7/spring-cloud-starter-3.1.7-sources.jar
2026-10-08 12:15:36,408 [Worker-55: Download sources and javadoc] ERROR o.e.m.j.internal.DownloadSourcesJob - Could not download sources for org.springframework.cloud:spring-cloud-starter:3.1.7
org.eclipse.core.runtime.CoreException: Could not resolve artifact org.springframework.cloud:spring-cloud-starter:jar:sources:3.1.7
	at org.eclipse.m2e.core.internal.embedder.MavenImpl.lambda$4(MavenImpl.java:803) ~[org.eclipse.m2e.core_1.15.0.20200305-1308.jar:na]
	at org.eclipse.m2e.core.internal.embedder.MavenExecutionContext.executeBare(MavenExecutionContext.java:179) ~[org.eclipse.m2e.core_1.15.0.20200305-1308.jar:na]
	at org.eclipse.m2e.core.internal.embedder.MavenExecutionContext.execute(MavenExecutionContext.java:114) ~[org.eclipse.m2e.core_1.15.0.20200305-1308.jar:na]
	at org.eclipse.m2e.core.internal.embedder.MavenExecutionContext.execute(MavenExecutionContext.java:101) ~[org.eclipse.m2e.core_1.15.0.20200305-1308.jar:na]
	at org.eclipse.m2e.core.internal.embedder.MavenImpl.resolve(MavenImpl.java:771) ~[org.eclipse.m2e.core_1.15.0.20200305-1308.jar:na]
	at org.eclipse.m2e.core.internal.embedder.MavenImpl.resolve(MavenImpl.java:748) ~[org.eclipse.m2e.core_1.15.0.20200305-1308.jar:na]
	at org.eclipse.m2e.jdt.internal.DownloadSourcesJob.download(DownloadSourcesJob.java:330) [org.eclipse.m2e.jdt_1.15.0.20200226-1722.jar:na]
	at org.eclipse.m2e.jdt.internal.DownloadSourcesJob.downloadAttachments(DownloadSourcesJob.java:304) [org.eclipse.m2e.jdt_1.15.0.20200226-1722.jar:na]
	at org.eclipse.m2e.jdt.internal.DownloadSourcesJob.downloadMaven(DownloadSourcesJob.java:269) [org.eclipse.m2e.jdt_1.15.0.20200226-1722.jar:na]
	at org.eclipse.m2e.jdt.internal.DownloadSourcesJob.downloadFilesAndPopulateToUpdate(DownloadSourcesJob.java:233) [org.eclipse.m2e.jdt_1.15.0.20200226-1722.jar:na]
	at org.eclipse.m2e.jdt.internal.DownloadSourcesJob.lambda$0(DownloadSourcesJob.java:161) [org.eclipse.m2e.jdt_1.15.0.20200226-1722.jar:na]
	at org.eclipse.m2e.core.internal.embedder.MavenExecutionContext.executeBare(MavenExecutionContext.java:179) ~[org.eclipse.m2e.core_1.15.0.20200305-1308.jar:na]
	at org.eclipse.m2e.core.internal.embedder.MavenExecutionContext.execute(MavenExecutionContext.java:153) ~[org.eclipse.m2e.core_1.15.0.20200305-1308.jar:na]
	at org.eclipse.m2e.core.internal.embedder.MavenExecutionContext.execute(MavenExecutionContext.java:101) ~[org.eclipse.m2e.core_1.15.0.20200305-1308.jar:na]
	at org.eclipse.m2e.core.internal.embedder.MavenImpl.execute(MavenImpl.java:1373) ~[org.eclipse.m2e.core_1.15.0.20200305-1308.jar:na]
	at org.eclipse.m2e.jdt.internal.DownloadSourcesJob.run(DownloadSourcesJob.java:161) [org.eclipse.m2e.jdt_1.15.0.20200226-1722.jar:na]
	at org.eclipse.core.internal.jobs.Worker.run(Worker.java:63) ~[org.eclipse.core.jobs_3.10.700.v20200106-1020.jar:na]
2026-10-08 12:15:36,566 [Worker-55: Download sources and javadoc] INFO  o.e.m.c.i.e.AbstractTransferListenerAdapter - Downloading https://repo.maven.apache.org/maven2/org/springframework/cloud/spring-cloud-context/3.1.7/spring-cloud-context-3.1.7-sources.jar
2026-10-08 12:15:36,670 [Worker-55: Download sources and javadoc] INFO  o.e.m.c.i.e.AbstractTransferListenerAdapter - Downloaded https://repo.maven.apache.org/maven2/org/springframework/cloud/spring-cloud-context/3.1.7/spring-cloud-context-3.1.7-sources.jar
2026-10-08 12:15:38,173 [Worker-60: Building] INFO  o.e.m.c.i.embedder.EclipseLogger - Using 'UTF-8' encoding to copy filtered resources.
2026-10-08 12:15:38,175 [Worker-60: Building] INFO  o.e.m.c.i.embedder.EclipseLogger - Using 'UTF-8' encoding to copy filtered properties files.
2026-10-08 12:15:38,183 [Worker-60: Building] INFO  o.e.m.c.i.embedder.EclipseLogger - Copying 0 resource
2026-10-08 12:15:38,185 [Worker-60: Building] INFO  o.e.m.c.i.embedder.EclipseLogger - Copying 0 resource
2026-10-08 12:15:38,189 [Worker-60: Building] INFO  o.e.m.c.i.embedder.EclipseLogger - Using 'UTF-8' encoding to copy filtered resources.
2026-10-08 12:15:38,189 [Worker-60: Building] INFO  o.e.m.c.i.embedder.EclipseLogger - Using 'UTF-8' encoding to copy filtered properties files.
2026-10-08 12:15:38,189 [Worker-60: Building] INFO  o.e.m.c.i.embedder.EclipseLogger - skip non existing resourceDirectory C:\Microservice_Practice_2\CompanyMicorservice\src\test\resources
2026-10-08 12:15:38,208 [Worker-55: Download sources and javadoc] INFO  o.e.m.j.internal.DownloadSourcesJob - Downloaded sources for org.springframework.cloud:spring-cloud-context:3.1.7
2026-10-08 12:15:38,586 [Worker-55: Download sources and javadoc] INFO  o.e.m.c.i.e.AbstractTransferListenerAdapter - Downloading https://repo.maven.apache.org/maven2/org/springframework/cloud/spring-cloud-commons/3.1.7/spring-cloud-commons-3.1.7-sources.jar
2026-10-08 12:15:38,702 [Worker-55: Download sources and javadoc] INFO  o.e.m.c.i.e.AbstractTransferListenerAdapter - Downloaded https://repo.maven.apache.org/maven2/org/springframework/cloud/spring-cloud-commons/3.1.7/spring-cloud-commons-3.1.7-sources.jar
2026-10-08 12:15:38,840 [Worker-55: Download sources and javadoc] INFO  o.e.m.j.internal.DownloadSourcesJob - Downloaded sources for org.springframework.cloud:spring-cloud-commons:3.1.7
2026-10-08 12:15:40,041 [Worker-55: Download sources and javadoc] INFO  o.e.m.c.i.e.AbstractTransferListenerAdapter - Downloading https://repo.maven.apache.org/maven2/org/springframework/cloud/spring-cloud-gateway-server/3.1.8/spring-cloud-gateway-server-3.1.8-sources.jar
2026-10-08 12:15:40,257 [Worker-55: Download sources and javadoc] INFO  o.e.m.c.i.e.AbstractTransferListenerAdapter - Downloaded https://repo.maven.apache.org/maven2/org/springframework/cloud/spring-cloud-gateway-server/3.1.8/spring-cloud-gateway-server-3.1.8-sources.jar
2026-10-08 12:15:40,392 [Worker-55: Download sources and javadoc] INFO  o.e.m.j.internal.DownloadSourcesJob - Downloaded sources for org.springframework.cloud:spring-cloud-gateway-server:3.1.8
2026-10-08 12:15:40,706 [Worker-55: Download sources and javadoc] INFO  o.e.m.c.i.e.AbstractTransferListenerAdapter - Downloaded https://repo.maven.apache.org/maven2/org/springframework/cloud/spring-cloud-starter-consul-discovery/3.1.4/spring-cloud-starter-consul-discovery-3.1.4-sources.jar
2026-10-08 12:15:40,709 [Worker-55: Download sources and javadoc] ERROR o.e.m.j.internal.DownloadSourcesJob - Could not download sources for org.springframework.cloud:spring-cloud-starter-consul-discovery:3.1.4
org.eclipse.core.runtime.CoreException: Could not resolve artifact org.springframework.cloud:spring-cloud-starter-consul-discovery:jar:sources:3.1.4
	at org.eclipse.m2e.core.internal.embedder.MavenImpl.lambda$4(MavenImpl.java:803) ~[org.eclipse.m2e.core_1.15.0.20200305-1308.jar:na]
	at org.eclipse.m2e.core.internal.embedder.MavenExecutionContext.executeBare(MavenExecutionContext.java:179) ~[org.eclipse.m2e.core_1.15.0.20200305-1308.jar:na]
	at org.eclipse.m2e.core.internal.embedder.MavenExecutionContext.execute(MavenExecutionContext.java:114) ~[org.eclipse.m2e.core_1.15.0.20200305-1308.jar:na]
	at org.eclipse.m2e.core.internal.embedder.MavenExecutionContext.execute(MavenExecutionContext.java:101) ~[org.eclipse.m2e.core_1.15.0.20200305-1308.jar:na]
	at org.eclipse.m2e.core.internal.embedder.MavenImpl.resolve(MavenImpl.java:771) ~[org.eclipse.m2e.core_1.15.0.20200305-1308.jar:na]
	at org.eclipse.m2e.core.internal.embedder.MavenImpl.resolve(MavenImpl.java:748) ~[org.eclipse.m2e.core_1.15.0.20200305-1308.jar:na]
	at org.eclipse.m2e.jdt.internal.DownloadSourcesJob.download(DownloadSourcesJob.java:330) [org.eclipse.m2e.jdt_1.15.0.20200226-1722.jar:na]
	at org.eclipse.m2e.jdt.internal.DownloadSourcesJob.downloadAttachments(DownloadSourcesJob.java:304) [org.eclipse.m2e.jdt_1.15.0.20200226-1722.jar:na]
	at org.eclipse.m2e.jdt.internal.DownloadSourcesJob.downloadMaven(DownloadSourcesJob.java:269) [org.eclipse.m2e.jdt_1.15.0.20200226-1722.jar:na]
	at org.eclipse.m2e.jdt.internal.DownloadSourcesJob.downloadFilesAndPopulateToUpdate(DownloadSourcesJob.java:233) [org.eclipse.m2e.jdt_1.15.0.20200226-1722.jar:na]
	at org.eclipse.m2e.jdt.internal.DownloadSourcesJob.lambda$0(DownloadSourcesJob.java:161) [org.eclipse.m2e.jdt_1.15.0.20200226-1722.jar:na]
	at org.eclipse.m2e.core.internal.embedder.MavenExecutionContext.executeBare(MavenExecutionContext.java:179) ~[org.eclipse.m2e.core_1.15.0.20200305-1308.jar:na]
	at org.eclipse.m2e.core.internal.embedder.MavenExecutionContext.execute(MavenExecutionContext.java:153) ~[org.eclipse.m2e.core_1.15.0.20200305-1308.jar:na]
	at org.eclipse.m2e.core.internal.embedder.MavenExecutionContext.execute(MavenExecutionContext.java:101) ~[org.eclipse.m2e.core_1.15.0.20200305-1308.jar:na]
	at org.eclipse.m2e.core.internal.embedder.MavenImpl.execute(MavenImpl.java:1373) ~[org.eclipse.m2e.core_1.15.0.20200305-1308.jar:na]
	at org.eclipse.m2e.jdt.internal.DownloadSourcesJob.run(DownloadSourcesJob.java:161) [org.eclipse.m2e.jdt_1.15.0.20200226-1722.jar:na]
	at org.eclipse.core.internal.jobs.Worker.run(Worker.java:63) ~[org.eclipse.core.jobs_3.10.700.v20200106-1020.jar:na]
2026-10-08 12:15:40,932 [Worker-60: Building] INFO  o.e.m.c.i.embedder.EclipseLogger - Using 'UTF-8' encoding to copy filtered resources.
2026-10-08 12:15:40,938 [Worker-60: Building] INFO  o.e.m.c.i.embedder.EclipseLogger - Using 'UTF-8' encoding to copy filtered properties files.
2026-10-08 12:15:40,939 [Worker-60: Building] INFO  o.e.m.c.i.embedder.EclipseLogger - Copying 0 resource
2026-10-08 12:15:40,939 [Worker-60: Building] INFO  o.e.m.c.i.embedder.EclipseLogger - Copying 0 resource
2026-10-08 12:15:40,941 [Worker-60: Building] INFO  o.e.m.c.i.embedder.EclipseLogger - Using 'UTF-8' encoding to copy filtered resources.
2026-10-08 12:15:40,942 [Worker-60: Building] INFO  o.e.m.c.i.embedder.EclipseLogger - Using 'UTF-8' encoding to copy filtered properties files.
2026-10-08 12:15:40,942 [Worker-60: Building] INFO  o.e.m.c.i.embedder.EclipseLogger - skip non existing resourceDirectory C:\Microservice_practice_4\EmployeeMicorservice\src\test\resources
2026-10-08 12:15:41,052 [Worker-55: Download sources and javadoc] INFO  o.e.m.c.i.e.AbstractTransferListenerAdapter - Downloaded https://repo.maven.apache.org/maven2/org/springframework/cloud/spring-cloud-starter-consul/3.1.4/spring-cloud-starter-consul-3.1.4-sources.jar
2026-10-08 12:15:41,056 [Worker-55: Download sources and javadoc] ERROR o.e.m.j.internal.DownloadSourcesJob - Could not download sources for org.springframework.cloud:spring-cloud-starter-consul:3.1.4
org.eclipse.core.runtime.CoreException: Could not resolve artifact org.springframework.cloud:spring-cloud-starter-consul:jar:sources:3.1.4
	at org.eclipse.m2e.core.internal.embedder.MavenImpl.lambda$4(MavenImpl.java:803) ~[org.eclipse.m2e.core_1.15.0.20200305-1308.jar:na]
	at org.eclipse.m2e.core.internal.embedder.MavenExecutionContext.executeBare(MavenExecutionContext.java:179) ~[org.eclipse.m2e.core_1.15.0.20200305-1308.jar:na]
	at org.eclipse.m2e.core.internal.embedder.MavenExecutionContext.execute(MavenExecutionContext.java:114) ~[org.eclipse.m2e.core_1.15.0.20200305-1308.jar:na]
	at org.eclipse.m2e.core.internal.embedder.MavenExecutionContext.execute(MavenExecutionContext.java:101) ~[org.eclipse.m2e.core_1.15.0.20200305-1308.jar:na]
	at org.eclipse.m2e.core.internal.embedder.MavenImpl.resolve(MavenImpl.java:771) ~[org.eclipse.m2e.core_1.15.0.20200305-1308.jar:na]
	at org.eclipse.m2e.core.internal.embedder.MavenImpl.resolve(MavenImpl.java:748) ~[org.eclipse.m2e.core_1.15.0.20200305-1308.jar:na]
	at org.eclipse.m2e.jdt.internal.DownloadSourcesJob.download(DownloadSourcesJob.java:330) [org.eclipse.m2e.jdt_1.15.0.20200226-1722.jar:na]
	at org.eclipse.m2e.jdt.internal.DownloadSourcesJob.downloadAttachments(DownloadSourcesJob.java:304) [org.eclipse.m2e.jdt_1.15.0.20200226-1722.jar:na]
	at org.eclipse.m2e.jdt.internal.DownloadSourcesJob.downloadMaven(DownloadSourcesJob.java:269) [org.eclipse.m2e.jdt_1.15.0.20200226-1722.jar:na]
	at org.eclipse.m2e.jdt.internal.DownloadSourcesJob.downloadFilesAndPopulateToUpdate(DownloadSourcesJob.java:233) [org.eclipse.m2e.jdt_1.15.0.20200226-1722.jar:na]
	at org.eclipse.m2e.jdt.internal.DownloadSourcesJob.lambda$0(DownloadSourcesJob.java:161) [org.eclipse.m2e.jdt_1.15.0.20200226-1722.jar:na]
	at org.eclipse.m2e.core.internal.embedder.MavenExecutionContext.executeBare(MavenExecutionContext.java:179) ~[org.eclipse.m2e.core_1.15.0.20200305-1308.jar:na]
	at org.eclipse.m2e.core.internal.embedder.MavenExecutionContext.execute(MavenExecutionContext.java:153) ~[org.eclipse.m2e.core_1.15.0.20200305-1308.jar:na]
	at org.eclipse.m2e.core.internal.embedder.MavenExecutionContext.execute(MavenExecutionContext.java:101) ~[org.eclipse.m2e.core_1.15.0.20200305-1308.jar:na]
	at org.eclipse.m2e.core.internal.embedder.MavenImpl.execute(MavenImpl.java:1373) ~[org.eclipse.m2e.core_1.15.0.20200305-1308.jar:na]
	at org.eclipse.m2e.jdt.internal.DownloadSourcesJob.run(DownloadSourcesJob.java:161) [org.eclipse.m2e.jdt_1.15.0.20200226-1722.jar:na]
	at org.eclipse.core.internal.jobs.Worker.run(Worker.java:63) ~[org.eclipse.core.jobs_3.10.700.v20200106-1020.jar:na]
2026-10-08 12:15:41,208 [Worker-55: Download sources and javadoc] INFO  o.e.m.c.i.e.AbstractTransferListenerAdapter - Downloading https://repo.maven.apache.org/maven2/org/springframework/cloud/spring-cloud-consul-core/3.1.4/spring-cloud-consul-core-3.1.4-sources.jar
2026-10-08 12:15:41,380 [Worker-61: Building] INFO  o.e.m.c.i.embedder.EclipseLogger - Using 'UTF-8' encoding to copy filtered resources.
2026-10-08 12:15:41,380 [Worker-61: Building] INFO  o.e.m.c.i.embedder.EclipseLogger - Using 'UTF-8' encoding to copy filtered properties files.
2026-10-08 12:15:41,381 [Worker-61: Building] INFO  o.e.m.c.i.embedder.EclipseLogger - Copying 2 resources
2026-10-08 12:15:41,427 [Worker-61: Building] INFO  o.e.m.c.i.embedder.EclipseLogger - Copying 1 resource
2026-10-08 12:15:41,435 [Worker-61: Building] INFO  o.e.m.c.i.embedder.EclipseLogger - Using 'UTF-8' encoding to copy filtered resources.
2026-10-08 12:15:41,435 [Worker-61: Building] INFO  o.e.m.c.i.embedder.EclipseLogger - Using 'UTF-8' encoding to copy filtered properties files.
2026-10-08 12:15:41,435 [Worker-61: Building] INFO  o.e.m.c.i.embedder.EclipseLogger - skip non existing resourceDirectory C:\Microservice_practice_4\MicroserviceGateWay\src\test\resources
2026-10-08 12:15:41,649 [Worker-55: Download sources and javadoc] INFO  o.e.m.c.i.e.AbstractTransferListenerAdapter - Downloaded https://repo.maven.apache.org/maven2/org/springframework/cloud/spring-cloud-consul-core/3.1.4/spring-cloud-consul-core-3.1.4-sources.jar
2026-10-08 12:15:42,290 [Worker-55: Download sources and javadoc] INFO  o.e.m.j.internal.DownloadSourcesJob - Downloaded sources for org.springframework.cloud:spring-cloud-consul-core:3.1.4
2026-10-08 12:15:42,468 [Worker-55: Download sources and javadoc] INFO  o.e.m.c.i.e.AbstractTransferListenerAdapter - Downloading https://repo.maven.apache.org/maven2/org/springframework/cloud/spring-cloud-consul-discovery/3.1.4/spring-cloud-consul-discovery-3.1.4-sources.jar
2026-10-08 12:15:42,874 [Worker-55: Download sources and javadoc] INFO  o.e.m.c.i.e.AbstractTransferListenerAdapter - Downloaded https://repo.maven.apache.org/maven2/org/springframework/cloud/spring-cloud-consul-discovery/3.1.4/spring-cloud-consul-discovery-3.1.4-sources.jar
2026-10-08 12:15:43,158 [Worker-55: Download sources and javadoc] INFO  o.e.m.j.internal.DownloadSourcesJob - Downloaded sources for org.springframework.cloud:spring-cloud-consul-discovery:3.1.4
2026-10-08 12:15:43,314 [Worker-55: Download sources and javadoc] INFO  o.e.m.c.i.e.AbstractTransferListenerAdapter - Downloading https://repo.maven.apache.org/maven2/org/springframework/cloud/spring-cloud-starter-gateway/3.1.8/spring-cloud-starter-gateway-3.1.8-javadoc.jar
2026-10-08 12:15:43,690 [Worker-55: Download sources and javadoc] INFO  o.e.m.c.i.e.AbstractTransferListenerAdapter - Downloaded https://repo.maven.apache.org/maven2/org/springframework/cloud/spring-cloud-starter-gateway/3.1.8/spring-cloud-starter-gateway-3.1.8-javadoc.jar
2026-10-08 12:15:44,822 [Worker-55: Download sources and javadoc] INFO  o.e.m.j.internal.DownloadSourcesJob - Downloaded javadoc for org.springframework.cloud:spring-cloud-starter-gateway:3.1.8
2026-10-08 12:15:44,931 [Worker-55: Download sources and javadoc] INFO  o.e.m.c.i.e.AbstractTransferListenerAdapter - Downloading https://repo.maven.apache.org/maven2/org/springframework/cloud/spring-cloud-starter/3.1.7/spring-cloud-starter-3.1.7-javadoc.jar
2026-10-08 12:15:45,036 [Worker-55: Download sources and javadoc] INFO  o.e.m.c.i.e.AbstractTransferListenerAdapter - Downloaded https://repo.maven.apache.org/maven2/org/springframework/cloud/spring-cloud-starter/3.1.7/spring-cloud-starter-3.1.7-javadoc.jar
2026-10-08 12:15:45,151 [Worker-55: Download sources and javadoc] INFO  o.e.m.j.internal.DownloadSourcesJob - Downloaded javadoc for org.springframework.cloud:spring-cloud-starter:3.1.7
2026-10-08 12:15:45,157 [Worker-55: Download sources and javadoc] INFO  o.e.m.j.internal.DownloadSourcesJob - Downloaded sources for org.springframework.cloud:spring-cloud-context:3.1.7
2026-10-08 12:15:45,162 [Worker-55: Download sources and javadoc] INFO  o.e.m.j.internal.DownloadSourcesJob - Downloaded sources for org.springframework.cloud:spring-cloud-commons:3.1.7
2026-10-08 12:15:45,169 [Worker-55: Download sources and javadoc] INFO  o.e.m.j.internal.DownloadSourcesJob - Downloaded sources for org.springframework.cloud:spring-cloud-gateway-server:3.1.8
2026-10-08 12:15:45,557 [Worker-55: Download sources and javadoc] INFO  o.e.m.c.i.e.AbstractTransferListenerAdapter - Downloaded https://repo.maven.apache.org/maven2/org/springframework/cloud/spring-cloud-starter-consul-discovery/3.1.4/spring-cloud-starter-consul-discovery-3.1.4-javadoc.jar
2026-10-08 12:15:45,560 [Worker-55: Download sources and javadoc] ERROR o.e.m.j.internal.DownloadSourcesJob - Could not download javadoc for org.springframework.cloud:spring-cloud-starter-consul-discovery:3.1.4
org.eclipse.core.runtime.CoreException: Could not resolve artifact org.springframework.cloud:spring-cloud-starter-consul-discovery:jar:javadoc:3.1.4
	at org.eclipse.m2e.core.internal.embedder.MavenImpl.lambda$4(MavenImpl.java:803) ~[org.eclipse.m2e.core_1.15.0.20200305-1308.jar:na]
	at org.eclipse.m2e.core.internal.embedder.MavenExecutionContext.executeBare(MavenExecutionContext.java:179) ~[org.eclipse.m2e.core_1.15.0.20200305-1308.jar:na]
	at org.eclipse.m2e.core.internal.embedder.MavenExecutionContext.execute(MavenExecutionContext.java:114) ~[org.eclipse.m2e.core_1.15.0.20200305-1308.jar:na]
	at org.eclipse.m2e.core.internal.embedder.MavenExecutionContext.execute(MavenExecutionContext.java:101) ~[org.eclipse.m2e.core_1.15.0.20200305-1308.jar:na]
	at org.eclipse.m2e.core.internal.embedder.MavenImpl.resolve(MavenImpl.java:771) ~[org.eclipse.m2e.core_1.15.0.20200305-1308.jar:na]
	at org.eclipse.m2e.core.internal.embedder.MavenImpl.resolve(MavenImpl.java:748) ~[org.eclipse.m2e.core_1.15.0.20200305-1308.jar:na]
	at org.eclipse.m2e.jdt.internal.DownloadSourcesJob.download(DownloadSourcesJob.java:330) [org.eclipse.m2e.jdt_1.15.0.20200226-1722.jar:na]
	at org.eclipse.m2e.jdt.internal.DownloadSourcesJob.downloadAttachments(DownloadSourcesJob.java:316) [org.eclipse.m2e.jdt_1.15.0.20200226-1722.jar:na]
	at org.eclipse.m2e.jdt.internal.DownloadSourcesJob.downloadMaven(DownloadSourcesJob.java:269) [org.eclipse.m2e.jdt_1.15.0.20200226-1722.jar:na]
	at org.eclipse.m2e.jdt.internal.DownloadSourcesJob.downloadFilesAndPopulateToUpdate(DownloadSourcesJob.java:233) [org.eclipse.m2e.jdt_1.15.0.20200226-1722.jar:na]
	at org.eclipse.m2e.jdt.internal.DownloadSourcesJob.lambda$0(DownloadSourcesJob.java:161) [org.eclipse.m2e.jdt_1.15.0.20200226-1722.jar:na]
	at org.eclipse.m2e.core.internal.embedder.MavenExecutionContext.executeBare(MavenExecutionContext.java:179) ~[org.eclipse.m2e.core_1.15.0.20200305-1308.jar:na]
	at org.eclipse.m2e.core.internal.embedder.MavenExecutionContext.execute(MavenExecutionContext.java:153) ~[org.eclipse.m2e.core_1.15.0.20200305-1308.jar:na]
	at org.eclipse.m2e.core.internal.embedder.MavenExecutionContext.execute(MavenExecutionContext.java:101) ~[org.eclipse.m2e.core_1.15.0.20200305-1308.jar:na]
	at org.eclipse.m2e.core.internal.embedder.MavenImpl.execute(MavenImpl.java:1373) ~[org.eclipse.m2e.core_1.15.0.20200305-1308.jar:na]
	at org.eclipse.m2e.jdt.internal.DownloadSourcesJob.run(DownloadSourcesJob.java:161) [org.eclipse.m2e.jdt_1.15.0.20200226-1722.jar:na]
	at org.eclipse.core.internal.jobs.Worker.run(Worker.java:63) ~[org.eclipse.core.jobs_3.10.700.v20200106-1020.jar:na]
2026-10-08 12:15:45,970 [Worker-55: Download sources and javadoc] INFO  o.e.m.c.i.e.AbstractTransferListenerAdapter - Downloaded https://repo.maven.apache.org/maven2/org/springframework/cloud/spring-cloud-starter-consul/3.1.4/spring-cloud-starter-consul-3.1.4-javadoc.jar
2026-10-08 12:15:45,973 [Worker-55: Download sources and javadoc] ERROR o.e.m.j.internal.DownloadSourcesJob - Could not download javadoc for org.springframework.cloud:spring-cloud-starter-consul:3.1.4
org.eclipse.core.runtime.CoreException: Could not resolve artifact org.springframework.cloud:spring-cloud-starter-consul:jar:javadoc:3.1.4
	at org.eclipse.m2e.core.internal.embedder.MavenImpl.lambda$4(MavenImpl.java:803) ~[org.eclipse.m2e.core_1.15.0.20200305-1308.jar:na]
	at org.eclipse.m2e.core.internal.embedder.MavenExecutionContext.executeBare(MavenExecutionContext.java:179) ~[org.eclipse.m2e.core_1.15.0.20200305-1308.jar:na]
	at org.eclipse.m2e.core.internal.embedder.MavenExecutionContext.execute(MavenExecutionContext.java:114) ~[org.eclipse.m2e.core_1.15.0.20200305-1308.jar:na]
	at org.eclipse.m2e.core.internal.embedder.MavenExecutionContext.execute(MavenExecutionContext.java:101) ~[org.eclipse.m2e.core_1.15.0.20200305-1308.jar:na]
	at org.eclipse.m2e.core.internal.embedder.MavenImpl.resolve(MavenImpl.java:771) ~[org.eclipse.m2e.core_1.15.0.20200305-1308.jar:na]
	at org.eclipse.m2e.core.internal.embedder.MavenImpl.resolve(MavenImpl.java:748) ~[org.eclipse.m2e.core_1.15.0.20200305-1308.jar:na]
	at org.eclipse.m2e.jdt.internal.DownloadSourcesJob.download(DownloadSourcesJob.java:330) [org.eclipse.m2e.jdt_1.15.0.20200226-1722.jar:na]
	at org.eclipse.m2e.jdt.internal.DownloadSourcesJob.downloadAttachments(DownloadSourcesJob.java:316) [org.eclipse.m2e.jdt_1.15.0.20200226-1722.jar:na]
	at org.eclipse.m2e.jdt.internal.DownloadSourcesJob.downloadMaven(DownloadSourcesJob.java:269) [org.eclipse.m2e.jdt_1.15.0.20200226-1722.jar:na]
	at org.eclipse.m2e.jdt.internal.DownloadSourcesJob.downloadFilesAndPopulateToUpdate(DownloadSourcesJob.java:233) [org.eclipse.m2e.jdt_1.15.0.20200226-1722.jar:na]
	at org.eclipse.m2e.jdt.internal.DownloadSourcesJob.lambda$0(DownloadSourcesJob.java:161) [org.eclipse.m2e.jdt_1.15.0.20200226-1722.jar:na]
	at org.eclipse.m2e.core.internal.embedder.MavenExecutionContext.executeBare(MavenExecutionContext.java:179) ~[org.eclipse.m2e.core_1.15.0.20200305-1308.jar:na]
	at org.eclipse.m2e.core.internal.embedder.MavenExecutionContext.execute(MavenExecutionContext.java:153) ~[org.eclipse.m2e.core_1.15.0.20200305-1308.jar:na]
	at org.eclipse.m2e.core.internal.embedder.MavenExecutionContext.execute(MavenExecutionContext.java:101) ~[org.eclipse.m2e.core_1.15.0.20200305-1308.jar:na]
	at org.eclipse.m2e.core.internal.embedder.MavenImpl.execute(MavenImpl.java:1373) ~[org.eclipse.m2e.core_1.15.0.20200305-1308.jar:na]
	at org.eclipse.m2e.jdt.internal.DownloadSourcesJob.run(DownloadSourcesJob.java:161) [org.eclipse.m2e.jdt_1.15.0.20200226-1722.jar:na]
	at org.eclipse.core.internal.jobs.Worker.run(Worker.java:63) ~[org.eclipse.core.jobs_3.10.700.v20200106-1020.jar:na]
2026-10-08 12:15:45,978 [Worker-55: Download sources and javadoc] INFO  o.e.m.j.internal.DownloadSourcesJob - Downloaded sources for org.springframework.cloud:spring-cloud-consul-core:3.1.4
2026-10-08 12:15:45,984 [Worker-55: Download sources and javadoc] INFO  o.e.m.j.internal.DownloadSourcesJob - Downloaded sources for org.springframework.cloud:spring-cloud-consul-discovery:3.1.4
2026-10-08 12:15:46,914 [Worker-60: Building] INFO  o.e.m.c.i.embedder.EclipseLogger - Using 'UTF-8' encoding to copy filtered resources.
2026-10-08 12:15:46,914 [Worker-60: Building] INFO  o.e.m.c.i.embedder.EclipseLogger - Using 'UTF-8' encoding to copy filtered properties files.
2026-10-08 12:15:46,915 [Worker-60: Building] INFO  o.e.m.c.i.embedder.EclipseLogger - Copying 0 resource
2026-10-08 12:15:46,919 [Worker-60: Building] INFO  o.e.m.c.i.embedder.EclipseLogger - Copying 0 resource
2026-10-08 12:15:46,921 [Worker-60: Building] INFO  o.e.m.c.i.embedder.EclipseLogger - Using 'UTF-8' encoding to copy filtered resources.
2026-10-08 12:15:46,921 [Worker-60: Building] INFO  o.e.m.c.i.embedder.EclipseLogger - Using 'UTF-8' encoding to copy filtered properties files.
2026-10-08 12:15:46,922 [Worker-60: Building] INFO  o.e.m.c.i.embedder.EclipseLogger - skip non existing resourceDirectory C:\Microservice_practice_4\MicroserviceGateWay\src\test\resources
2026-10-08 12:21:53,402 [Worker-66: Building] INFO  o.e.m.c.i.l.LifecycleMappingFactory - Using org.eclipse.m2e.jdt.JarLifecycleMapping lifecycle mapping for MavenProject: com.gaurav:EmployeeMicorservice:0.0.1-SNAPSHOT @ C:\Microservice_practice_4\EmployeeMicorservice\pom.xml.
2026-10-08 12:21:56,505 [Worker-66: Building] INFO  o.e.m.c.i.e.AbstractTransferListenerAdapter - Downloaded https://repo.maven.apache.org/maven2/org/springframework/cloud/spring-cloud-starter-openfeign/2.2.4.RELEASE/spring-cloud-starter-openfeign-2.2.4.RELEASE.pom
2026-10-08 12:21:56,732 [Worker-66: Building] INFO  o.e.m.c.i.e.AbstractTransferListenerAdapter - Downloaded https://repo.maven.apache.org/maven2/org/springframework/cloud/spring-cloud-openfeign/2.2.4.RELEASE/spring-cloud-openfeign-2.2.4.RELEASE.pom
2026-10-08 12:21:56,952 [Worker-66: Building] INFO  o.e.m.c.i.e.AbstractTransferListenerAdapter - Downloaded https://repo.maven.apache.org/maven2/org/springframework/cloud/spring-cloud-openfeign-core/2.2.4.RELEASE/spring-cloud-openfeign-core-2.2.4.RELEASE.pom
2026-10-08 12:21:57,195 [Worker-66: Building] INFO  o.e.m.c.i.e.AbstractTransferListenerAdapter - Downloaded https://repo.maven.apache.org/maven2/org/springframework/cloud/spring-cloud-netflix-ribbon/2.2.4.RELEASE/spring-cloud-netflix-ribbon-2.2.4.RELEASE.pom
2026-10-08 12:21:57,423 [Worker-66: Building] INFO  o.e.m.c.i.e.AbstractTransferListenerAdapter - Downloaded https://repo.maven.apache.org/maven2/org/springframework/cloud/spring-cloud-netflix/2.2.4.RELEASE/spring-cloud-netflix-2.2.4.RELEASE.pom
2026-10-08 12:21:57,600 [Worker-66: Building] INFO  o.e.m.c.i.e.AbstractTransferListenerAdapter - Downloaded https://repo.maven.apache.org/maven2/org/springframework/cloud/spring-cloud-netflix-archaius/2.2.4.RELEASE/spring-cloud-netflix-archaius-2.2.4.RELEASE.pom
2026-10-08 12:21:57,664 [Worker-66: Building] INFO  o.e.m.c.i.e.AbstractTransferListenerAdapter - Downloaded https://repo.maven.apache.org/maven2/io/github/openfeign/form/feign-form-spring/3.8.0/feign-form-spring-3.8.0.pom
2026-10-08 12:21:57,742 [Worker-66: Building] INFO  o.e.m.c.i.e.AbstractTransferListenerAdapter - Downloaded https://repo.maven.apache.org/maven2/io/github/openfeign/form/parent/3.8.0/parent-3.8.0.pom
2026-10-08 12:21:57,799 [Worker-66: Building] INFO  o.e.m.c.i.e.AbstractTransferListenerAdapter - Downloaded https://repo.maven.apache.org/maven2/io/github/openfeign/form/feign-form/3.8.0/feign-form-3.8.0.pom
2026-10-08 12:21:57,991 [Worker-66: Building] INFO  o.e.m.c.i.e.AbstractTransferListenerAdapter - Downloaded https://repo.maven.apache.org/maven2/commons-fileupload/commons-fileupload/1.4/commons-fileupload-1.4.pom
2026-10-08 12:21:58,184 [Worker-66: Building] INFO  o.e.m.c.i.e.AbstractTransferListenerAdapter - Downloaded https://repo.maven.apache.org/maven2/commons-io/commons-io/2.2/commons-io-2.2.pom
2026-10-08 12:21:58,239 [Worker-66: Building] INFO  o.e.m.c.i.e.AbstractTransferListenerAdapter - Downloaded https://repo.maven.apache.org/maven2/org/apache/commons/commons-parent/24/commons-parent-24.pom
2026-10-08 12:21:58,492 [Worker-66: Building] INFO  o.e.m.c.i.e.AbstractTransferListenerAdapter - Downloaded https://repo.maven.apache.org/maven2/io/github/openfeign/feign-core/10.10.1/feign-core-10.10.1.pom
2026-10-08 12:21:58,742 [Worker-66: Building] INFO  o.e.m.c.i.e.AbstractTransferListenerAdapter - Downloaded https://repo.maven.apache.org/maven2/io/github/openfeign/parent/10.10.1/parent-10.10.1.pom
2026-10-08 12:21:58,967 [Worker-66: Building] INFO  o.e.m.c.i.e.AbstractTransferListenerAdapter - Downloaded https://repo.maven.apache.org/maven2/io/github/openfeign/feign-slf4j/10.10.1/feign-slf4j-10.10.1.pom
2026-10-08 12:21:59,173 [Worker-66: Building] INFO  o.e.m.c.i.e.AbstractTransferListenerAdapter - Downloaded https://repo.maven.apache.org/maven2/io/github/openfeign/feign-hystrix/10.10.1/feign-hystrix-10.10.1.pom
2026-10-08 12:21:59,364 [Worker-66: Building] INFO  o.e.m.c.i.e.AbstractTransferListenerAdapter - Downloaded https://repo.maven.apache.org/maven2/com/netflix/archaius/archaius-core/0.7.6/archaius-core-0.7.6.pom
2026-10-08 12:21:59,477 [Worker-66: Building] INFO  o.e.m.c.i.e.AbstractTransferListenerAdapter - Downloaded https://repo.maven.apache.org/maven2/com/google/code/findbugs/jsr305/3.0.1/jsr305-3.0.1.pom
2026-10-08 12:21:59,558 [Worker-66: Building] INFO  o.e.m.c.i.e.AbstractTransferListenerAdapter - Downloaded https://repo.maven.apache.org/maven2/commons-logging/commons-logging/1.1.1/commons-logging-1.1.1.pom
2026-10-08 12:21:59,608 [Worker-66: Building] INFO  o.e.m.c.i.e.AbstractTransferListenerAdapter - Downloaded https://repo.maven.apache.org/maven2/org/apache/commons/commons-parent/5/commons-parent-5.pom
2026-10-08 12:21:59,885 [Worker-66: Building] INFO  o.e.m.c.i.e.AbstractTransferListenerAdapter - Downloaded https://repo.maven.apache.org/maven2/com/google/guava/guava/16.0/guava-16.0.pom
2026-10-08 12:22:00,048 [Worker-66: Building] INFO  o.e.m.c.i.e.AbstractTransferListenerAdapter - Downloaded https://repo.maven.apache.org/maven2/com/google/guava/guava-parent/16.0/guava-parent-16.0.pom
2026-10-08 12:22:00,239 [Worker-66: Building] INFO  o.e.m.c.i.e.AbstractTransferListenerAdapter - Downloaded https://repo.maven.apache.org/maven2/com/netflix/hystrix/hystrix-core/1.5.18/hystrix-core-1.5.18.pom
2026-10-08 12:22:00,595 [Worker-66: Building] INFO  o.e.m.c.i.e.AbstractTransferListenerAdapter - Downloaded https://repo.maven.apache.org/maven2/com/netflix/archaius/archaius-core/0.4.1/archaius-core-0.4.1.pom
2026-10-08 12:22:00,723 [Worker-66: Building] INFO  o.e.m.c.i.e.AbstractTransferListenerAdapter - Downloaded https://repo.maven.apache.org/maven2/io/reactivex/rxjava/1.3.8/rxjava-1.3.8.pom
2026-10-08 12:22:00,871 [Worker-66: Building] INFO  o.e.m.c.i.e.AbstractTransferListenerAdapter - Downloaded https://repo.maven.apache.org/maven2/org/hdrhistogram/HdrHistogram/2.1.9/HdrHistogram-2.1.9.pom
2026-10-08 12:22:02,374 [AetherRepositoryConnector-repo.maven.apache.org-3-4] INFO  o.e.m.c.i.e.AbstractTransferListenerAdapter - Downloading https://repo.maven.apache.org/maven2/io/github/openfeign/form/feign-form-spring/3.8.0/feign-form-spring-3.8.0.jar
2026-10-08 12:22:02,402 [AetherRepositoryConnector-repo.maven.apache.org-3-4] INFO  o.e.m.c.i.e.AbstractTransferListenerAdapter - Downloaded https://repo.maven.apache.org/maven2/io/github/openfeign/form/feign-form-spring/3.8.0/feign-form-spring-3.8.0.jar
2026-10-08 12:22:02,420 [AetherRepositoryConnector-repo.maven.apache.org-3-4] INFO  o.e.m.c.i.e.AbstractTransferListenerAdapter - Downloading https://repo.maven.apache.org/maven2/io/github/openfeign/form/feign-form/3.8.0/feign-form-3.8.0.jar
2026-10-08 12:22:02,430 [AetherRepositoryConnector-repo.maven.apache.org-3-0] INFO  o.e.m.c.i.e.AbstractTransferListenerAdapter - Downloading https://repo.maven.apache.org/maven2/org/springframework/cloud/spring-cloud-starter-openfeign/2.2.4.RELEASE/spring-cloud-starter-openfeign-2.2.4.RELEASE.jar
2026-10-08 12:22:02,432 [AetherRepositoryConnector-repo.maven.apache.org-3-1] INFO  o.e.m.c.i.e.AbstractTransferListenerAdapter - Downloading https://repo.maven.apache.org/maven2/org/springframework/cloud/spring-cloud-openfeign-core/2.2.4.RELEASE/spring-cloud-openfeign-core-2.2.4.RELEASE.jar
2026-10-08 12:22:02,455 [AetherRepositoryConnector-repo.maven.apache.org-3-3] INFO  o.e.m.c.i.e.AbstractTransferListenerAdapter - Downloading https://repo.maven.apache.org/maven2/org/springframework/cloud/spring-cloud-netflix-archaius/2.2.4.RELEASE/spring-cloud-netflix-archaius-2.2.4.RELEASE.jar
2026-10-08 12:22:02,466 [AetherRepositoryConnector-repo.maven.apache.org-3-2] INFO  o.e.m.c.i.e.AbstractTransferListenerAdapter - Downloading https://repo.maven.apache.org/maven2/org/springframework/cloud/spring-cloud-netflix-ribbon/2.2.4.RELEASE/spring-cloud-netflix-ribbon-2.2.4.RELEASE.jar
2026-10-08 12:22:02,468 [AetherRepositoryConnector-repo.maven.apache.org-3-4] INFO  o.e.m.c.i.e.AbstractTransferListenerAdapter - Downloaded https://repo.maven.apache.org/maven2/io/github/openfeign/form/feign-form/3.8.0/feign-form-3.8.0.jar
2026-10-08 12:22:02,500 [AetherRepositoryConnector-repo.maven.apache.org-3-4] INFO  o.e.m.c.i.e.AbstractTransferListenerAdapter - Downloading https://repo.maven.apache.org/maven2/commons-fileupload/commons-fileupload/1.4/commons-fileupload-1.4.jar
2026-10-08 12:22:02,552 [AetherRepositoryConnector-repo.maven.apache.org-3-0] INFO  o.e.m.c.i.e.AbstractTransferListenerAdapter - Downloaded https://repo.maven.apache.org/maven2/org/springframework/cloud/spring-cloud-starter-openfeign/2.2.4.RELEASE/spring-cloud-starter-openfeign-2.2.4.RELEASE.jar
2026-10-08 12:22:02,553 [AetherRepositoryConnector-repo.maven.apache.org-3-1] INFO  o.e.m.c.i.e.AbstractTransferListenerAdapter - Downloaded https://repo.maven.apache.org/maven2/org/springframework/cloud/spring-cloud-openfeign-core/2.2.4.RELEASE/spring-cloud-openfeign-core-2.2.4.RELEASE.jar
2026-10-08 12:22:02,554 [AetherRepositoryConnector-repo.maven.apache.org-3-3] INFO  o.e.m.c.i.e.AbstractTransferListenerAdapter - Downloaded https://repo.maven.apache.org/maven2/org/springframework/cloud/spring-cloud-netflix-archaius/2.2.4.RELEASE/spring-cloud-netflix-archaius-2.2.4.RELEASE.jar
2026-10-08 12:22:02,570 [AetherRepositoryConnector-repo.maven.apache.org-3-0] INFO  o.e.m.c.i.e.AbstractTransferListenerAdapter - Downloading https://repo.maven.apache.org/maven2/commons-io/commons-io/2.2/commons-io-2.2.jar
2026-10-08 12:22:02,664 [AetherRepositoryConnector-repo.maven.apache.org-3-2] INFO  o.e.m.c.i.e.AbstractTransferListenerAdapter - Downloaded https://repo.maven.apache.org/maven2/org/springframework/cloud/spring-cloud-netflix-ribbon/2.2.4.RELEASE/spring-cloud-netflix-ribbon-2.2.4.RELEASE.jar
2026-10-08 12:22:02,670 [AetherRepositoryConnector-repo.maven.apache.org-3-4] INFO  o.e.m.c.i.e.AbstractTransferListenerAdapter - Downloaded https://repo.maven.apache.org/maven2/commons-fileupload/commons-fileupload/1.4/commons-fileupload-1.4.jar
2026-10-08 12:22:02,674 [AetherRepositoryConnector-repo.maven.apache.org-3-3] INFO  o.e.m.c.i.e.AbstractTransferListenerAdapter - Downloading https://repo.maven.apache.org/maven2/io/github/openfeign/feign-slf4j/10.10.1/feign-slf4j-10.10.1.jar
2026-10-08 12:22:02,715 [AetherRepositoryConnector-repo.maven.apache.org-3-1] INFO  o.e.m.c.i.e.AbstractTransferListenerAdapter - Downloading https://repo.maven.apache.org/maven2/io/github/openfeign/feign-core/10.10.1/feign-core-10.10.1.jar
2026-10-08 12:22:02,747 [AetherRepositoryConnector-repo.maven.apache.org-3-4] INFO  o.e.m.c.i.e.AbstractTransferListenerAdapter - Downloading https://repo.maven.apache.org/maven2/com/netflix/archaius/archaius-core/0.7.6/archaius-core-0.7.6.jar
2026-10-08 12:22:02,771 [AetherRepositoryConnector-repo.maven.apache.org-3-2] INFO  o.e.m.c.i.e.AbstractTransferListenerAdapter - Downloading https://repo.maven.apache.org/maven2/io/github/openfeign/feign-hystrix/10.10.1/feign-hystrix-10.10.1.jar
2026-10-08 12:22:02,816 [AetherRepositoryConnector-repo.maven.apache.org-3-0] INFO  o.e.m.c.i.e.AbstractTransferListenerAdapter - Downloaded https://repo.maven.apache.org/maven2/commons-io/commons-io/2.2/commons-io-2.2.jar
2026-10-08 12:22:02,827 [AetherRepositoryConnector-repo.maven.apache.org-3-3] INFO  o.e.m.c.i.e.AbstractTransferListenerAdapter - Downloaded https://repo.maven.apache.org/maven2/io/github/openfeign/feign-slf4j/10.10.1/feign-slf4j-10.10.1.jar
2026-10-08 12:22:02,840 [AetherRepositoryConnector-repo.maven.apache.org-3-0] INFO  o.e.m.c.i.e.AbstractTransferListenerAdapter - Downloading https://repo.maven.apache.org/maven2/com/google/code/findbugs/jsr305/3.0.1/jsr305-3.0.1.jar
2026-10-08 12:22:02,913 [AetherRepositoryConnector-repo.maven.apache.org-3-3] INFO  o.e.m.c.i.e.AbstractTransferListenerAdapter - Downloading https://repo.maven.apache.org/maven2/com/google/guava/guava/16.0/guava-16.0.jar
2026-10-08 12:22:02,913 [AetherRepositoryConnector-repo.maven.apache.org-3-1] INFO  o.e.m.c.i.e.AbstractTransferListenerAdapter - Downloaded https://repo.maven.apache.org/maven2/io/github/openfeign/feign-core/10.10.1/feign-core-10.10.1.jar
2026-10-08 12:22:03,015 [AetherRepositoryConnector-repo.maven.apache.org-3-4] INFO  o.e.m.c.i.e.AbstractTransferListenerAdapter - Downloaded https://repo.maven.apache.org/maven2/com/netflix/archaius/archaius-core/0.7.6/archaius-core-0.7.6.jar
2026-10-08 12:22:03,016 [AetherRepositoryConnector-repo.maven.apache.org-3-2] INFO  o.e.m.c.i.e.AbstractTransferListenerAdapter - Downloaded https://repo.maven.apache.org/maven2/io/github/openfeign/feign-hystrix/10.10.1/feign-hystrix-10.10.1.jar
2026-10-08 12:22:03,017 [AetherRepositoryConnector-repo.maven.apache.org-3-0] INFO  o.e.m.c.i.e.AbstractTransferListenerAdapter - Downloaded https://repo.maven.apache.org/maven2/com/google/code/findbugs/jsr305/3.0.1/jsr305-3.0.1.jar
2026-10-08 12:22:03,042 [AetherRepositoryConnector-repo.maven.apache.org-3-1] INFO  o.e.m.c.i.e.AbstractTransferListenerAdapter - Downloading https://repo.maven.apache.org/maven2/com/netflix/hystrix/hystrix-core/1.5.18/hystrix-core-1.5.18.jar
2026-10-08 12:22:03,051 [AetherRepositoryConnector-repo.maven.apache.org-3-4] INFO  o.e.m.c.i.e.AbstractTransferListenerAdapter - Downloading https://repo.maven.apache.org/maven2/io/reactivex/rxjava/1.3.8/rxjava-1.3.8.jar
2026-10-08 12:22:03,554 [AetherRepositoryConnector-repo.maven.apache.org-3-1] INFO  o.e.m.c.i.e.AbstractTransferListenerAdapter - Downloaded https://repo.maven.apache.org/maven2/com/netflix/hystrix/hystrix-core/1.5.18/hystrix-core-1.5.18.jar
2026-10-08 12:22:03,662 [AetherRepositoryConnector-repo.maven.apache.org-3-4] INFO  o.e.m.c.i.e.AbstractTransferListenerAdapter - Downloaded https://repo.maven.apache.org/maven2/io/reactivex/rxjava/1.3.8/rxjava-1.3.8.jar
2026-10-08 12:22:03,791 [AetherRepositoryConnector-repo.maven.apache.org-3-3] INFO  o.e.m.c.i.e.AbstractTransferListenerAdapter - Downloaded https://repo.maven.apache.org/maven2/com/google/guava/guava/16.0/guava-16.0.jar
2026-10-08 12:22:08,795 [Worker-66: Building] INFO  o.e.m.c.i.embedder.EclipseLogger - Using 'UTF-8' encoding to copy filtered resources.
2026-10-08 12:22:08,796 [Worker-66: Building] INFO  o.e.m.c.i.embedder.EclipseLogger - Using 'UTF-8' encoding to copy filtered properties files.
2026-10-08 12:22:08,796 [Worker-66: Building] INFO  o.e.m.c.i.embedder.EclipseLogger - Copying 0 resource
2026-10-08 12:22:08,797 [Worker-66: Building] INFO  o.e.m.c.i.embedder.EclipseLogger - Copying 0 resource
2026-10-08 12:22:08,800 [Worker-66: Building] INFO  o.e.m.c.i.embedder.EclipseLogger - Using 'UTF-8' encoding to copy filtered resources.
2026-10-08 12:22:08,801 [Worker-66: Building] INFO  o.e.m.c.i.embedder.EclipseLogger - Using 'UTF-8' encoding to copy filtered properties files.
2026-10-08 12:22:08,801 [Worker-66: Building] INFO  o.e.m.c.i.embedder.EclipseLogger - skip non existing resourceDirectory C:\Microservice_practice_4\EmployeeMicorservice\src\test\resources
2026-10-08 12:22:13,567 [Worker-63: Building] INFO  o.e.m.c.i.embedder.EclipseLogger - Using 'UTF-8' encoding to copy filtered resources.
2026-10-08 12:22:13,567 [Worker-63: Building] INFO  o.e.m.c.i.embedder.EclipseLogger - Using 'UTF-8' encoding to copy filtered properties files.
2026-10-08 12:22:13,569 [Worker-63: Building] INFO  o.e.m.c.i.embedder.EclipseLogger - Copying 2 resources
2026-10-08 12:22:13,574 [Worker-63: Building] INFO  o.e.m.c.i.embedder.EclipseLogger - Copying 1 resource
2026-10-08 12:22:13,589 [Worker-63: Building] INFO  o.e.m.c.i.embedder.EclipseLogger - Using 'UTF-8' encoding to copy filtered resources.
2026-10-08 12:22:13,589 [Worker-63: Building] INFO  o.e.m.c.i.embedder.EclipseLogger - Using 'UTF-8' encoding to copy filtered properties files.
2026-10-08 12:22:13,589 [Worker-63: Building] INFO  o.e.m.c.i.embedder.EclipseLogger - skip non existing resourceDirectory C:\Microservice_practice_4\EmployeeMicorservice\src\test\resources
2026-10-08 12:22:13,929 [Worker-62: Download sources and javadoc] INFO  o.e.m.c.i.e.AbstractTransferListenerAdapter - Downloaded https://repo.maven.apache.org/maven2/org/springframework/cloud/spring-cloud-starter-openfeign/2.2.4.RELEASE/spring-cloud-starter-openfeign-2.2.4.RELEASE-sources.jar
2026-10-08 12:22:13,934 [Worker-62: Download sources and javadoc] ERROR o.e.m.j.internal.DownloadSourcesJob - Could not download sources for org.springframework.cloud:spring-cloud-starter-openfeign:2.2.4.RELEASE
org.eclipse.core.runtime.CoreException: Could not resolve artifact org.springframework.cloud:spring-cloud-starter-openfeign:jar:sources:2.2.4.RELEASE
	at org.eclipse.m2e.core.internal.embedder.MavenImpl.lambda$4(MavenImpl.java:803) ~[org.eclipse.m2e.core_1.15.0.20200305-1308.jar:na]
	at org.eclipse.m2e.core.internal.embedder.MavenExecutionContext.executeBare(MavenExecutionContext.java:179) ~[org.eclipse.m2e.core_1.15.0.20200305-1308.jar:na]
	at org.eclipse.m2e.core.internal.embedder.MavenExecutionContext.execute(MavenExecutionContext.java:114) ~[org.eclipse.m2e.core_1.15.0.20200305-1308.jar:na]
	at org.eclipse.m2e.core.internal.embedder.MavenExecutionContext.execute(MavenExecutionContext.java:101) ~[org.eclipse.m2e.core_1.15.0.20200305-1308.jar:na]
	at org.eclipse.m2e.core.internal.embedder.MavenImpl.resolve(MavenImpl.java:771) ~[org.eclipse.m2e.core_1.15.0.20200305-1308.jar:na]
	at org.eclipse.m2e.core.internal.embedder.MavenImpl.resolve(MavenImpl.java:748) ~[org.eclipse.m2e.core_1.15.0.20200305-1308.jar:na]
	at org.eclipse.m2e.jdt.internal.DownloadSourcesJob.download(DownloadSourcesJob.java:330) [org.eclipse.m2e.jdt_1.15.0.20200226-1722.jar:na]
	at org.eclipse.m2e.jdt.internal.DownloadSourcesJob.downloadAttachments(DownloadSourcesJob.java:304) [org.eclipse.m2e.jdt_1.15.0.20200226-1722.jar:na]
	at org.eclipse.m2e.jdt.internal.DownloadSourcesJob.downloadMaven(DownloadSourcesJob.java:269) [org.eclipse.m2e.jdt_1.15.0.20200226-1722.jar:na]
	at org.eclipse.m2e.jdt.internal.DownloadSourcesJob.downloadFilesAndPopulateToUpdate(DownloadSourcesJob.java:233) [org.eclipse.m2e.jdt_1.15.0.20200226-1722.jar:na]
	at org.eclipse.m2e.jdt.internal.DownloadSourcesJob.lambda$0(DownloadSourcesJob.java:161) [org.eclipse.m2e.jdt_1.15.0.20200226-1722.jar:na]
	at org.eclipse.m2e.core.internal.embedder.MavenExecutionContext.executeBare(MavenExecutionContext.java:179) ~[org.eclipse.m2e.core_1.15.0.20200305-1308.jar:na]
	at org.eclipse.m2e.core.internal.embedder.MavenExecutionContext.execute(MavenExecutionContext.java:153) ~[org.eclipse.m2e.core_1.15.0.20200305-1308.jar:na]
	at org.eclipse.m2e.core.internal.embedder.MavenExecutionContext.execute(MavenExecutionContext.java:101) ~[org.eclipse.m2e.core_1.15.0.20200305-1308.jar:na]
	at org.eclipse.m2e.core.internal.embedder.MavenImpl.execute(MavenImpl.java:1373) ~[org.eclipse.m2e.core_1.15.0.20200305-1308.jar:na]
	at org.eclipse.m2e.jdt.internal.DownloadSourcesJob.run(DownloadSourcesJob.java:161) [org.eclipse.m2e.jdt_1.15.0.20200226-1722.jar:na]
	at org.eclipse.core.internal.jobs.Worker.run(Worker.java:63) ~[org.eclipse.core.jobs_3.10.700.v20200106-1020.jar:na]
2026-10-08 12:22:14,110 [Worker-62: Download sources and javadoc] INFO  o.e.m.c.i.e.AbstractTransferListenerAdapter - Downloading https://repo.maven.apache.org/maven2/org/springframework/cloud/spring-cloud-openfeign-core/2.2.4.RELEASE/spring-cloud-openfeign-core-2.2.4.RELEASE-sources.jar
2026-10-08 12:22:14,573 [Worker-62: Download sources and javadoc] INFO  o.e.m.c.i.e.AbstractTransferListenerAdapter - Downloaded https://repo.maven.apache.org/maven2/org/springframework/cloud/spring-cloud-openfeign-core/2.2.4.RELEASE/spring-cloud-openfeign-core-2.2.4.RELEASE-sources.jar
2026-10-08 12:22:14,852 [Worker-62: Download sources and javadoc] INFO  o.e.m.j.internal.DownloadSourcesJob - Downloaded sources for org.springframework.cloud:spring-cloud-openfeign-core:2.2.4.RELEASE
2026-10-08 12:22:15,083 [Worker-62: Download sources and javadoc] INFO  o.e.m.c.i.e.AbstractTransferListenerAdapter - Downloading https://repo.maven.apache.org/maven2/org/springframework/cloud/spring-cloud-netflix-ribbon/2.2.4.RELEASE/spring-cloud-netflix-ribbon-2.2.4.RELEASE-sources.jar
2026-10-08 12:22:15,477 [Worker-62: Download sources and javadoc] INFO  o.e.m.c.i.e.AbstractTransferListenerAdapter - Downloaded https://repo.maven.apache.org/maven2/org/springframework/cloud/spring-cloud-netflix-ribbon/2.2.4.RELEASE/spring-cloud-netflix-ribbon-2.2.4.RELEASE-sources.jar
2026-10-08 12:22:16,146 [Worker-62: Download sources and javadoc] INFO  o.e.m.j.internal.DownloadSourcesJob - Downloaded sources for org.springframework.cloud:spring-cloud-netflix-ribbon:2.2.4.RELEASE
2026-10-08 12:22:16,403 [Worker-62: Download sources and javadoc] INFO  o.e.m.c.i.e.AbstractTransferListenerAdapter - Downloading https://repo.maven.apache.org/maven2/org/springframework/cloud/spring-cloud-netflix-archaius/2.2.4.RELEASE/spring-cloud-netflix-archaius-2.2.4.RELEASE-sources.jar
2026-10-08 12:22:16,895 [Worker-62: Download sources and javadoc] INFO  o.e.m.c.i.e.AbstractTransferListenerAdapter - Downloaded https://repo.maven.apache.org/maven2/org/springframework/cloud/spring-cloud-netflix-archaius/2.2.4.RELEASE/spring-cloud-netflix-archaius-2.2.4.RELEASE-sources.jar
2026-10-08 12:22:18,407 [Worker-62: Download sources and javadoc] INFO  o.e.m.j.internal.DownloadSourcesJob - Downloaded sources for org.springframework.cloud:spring-cloud-netflix-archaius:2.2.4.RELEASE
2026-10-08 12:22:18,724 [Worker-62: Download sources and javadoc] INFO  o.e.m.c.i.e.AbstractTransferListenerAdapter - Downloading https://repo.maven.apache.org/maven2/io/github/openfeign/form/feign-form-spring/3.8.0/feign-form-spring-3.8.0-sources.jar
2026-10-08 12:22:18,862 [Worker-62: Download sources and javadoc] INFO  o.e.m.c.i.e.AbstractTransferListenerAdapter - Downloaded https://repo.maven.apache.org/maven2/io/github/openfeign/form/feign-form-spring/3.8.0/feign-form-spring-3.8.0-sources.jar
2026-10-08 12:22:19,179 [Worker-62: Download sources and javadoc] INFO  o.e.m.j.internal.DownloadSourcesJob - Downloaded sources for io.github.openfeign.form:feign-form-spring:3.8.0
2026-10-08 12:22:19,386 [Worker-62: Download sources and javadoc] INFO  o.e.m.c.i.e.AbstractTransferListenerAdapter - Downloading https://repo.maven.apache.org/maven2/io/github/openfeign/form/feign-form/3.8.0/feign-form-3.8.0-sources.jar
2026-10-08 12:22:19,541 [Worker-62: Download sources and javadoc] INFO  o.e.m.c.i.e.AbstractTransferListenerAdapter - Downloaded https://repo.maven.apache.org/maven2/io/github/openfeign/form/feign-form/3.8.0/feign-form-3.8.0-sources.jar
2026-10-08 12:22:19,688 [Worker-62: Download sources and javadoc] INFO  o.e.m.j.internal.DownloadSourcesJob - Downloaded sources for io.github.openfeign.form:feign-form:3.8.0
2026-10-08 12:22:19,990 [Worker-62: Download sources and javadoc] INFO  o.e.m.c.i.e.AbstractTransferListenerAdapter - Downloading https://repo.maven.apache.org/maven2/commons-fileupload/commons-fileupload/1.4/commons-fileupload-1.4-sources.jar
2026-10-08 12:22:20,018 [Worker-62: Download sources and javadoc] INFO  o.e.m.c.i.e.AbstractTransferListenerAdapter - Downloaded https://repo.maven.apache.org/maven2/commons-fileupload/commons-fileupload/1.4/commons-fileupload-1.4-sources.jar
2026-10-08 12:22:20,210 [Worker-62: Download sources and javadoc] INFO  o.e.m.j.internal.DownloadSourcesJob - Downloaded sources for commons-fileupload:commons-fileupload:1.4
2026-10-08 12:22:20,359 [Worker-62: Download sources and javadoc] INFO  o.e.m.c.i.e.AbstractTransferListenerAdapter - Downloading https://repo.maven.apache.org/maven2/commons-io/commons-io/2.2/commons-io-2.2-sources.jar
2026-10-08 12:22:20,442 [Worker-62: Download sources and javadoc] INFO  o.e.m.c.i.e.AbstractTransferListenerAdapter - Downloaded https://repo.maven.apache.org/maven2/commons-io/commons-io/2.2/commons-io-2.2-sources.jar
2026-10-08 12:22:20,609 [Worker-62: Download sources and javadoc] INFO  o.e.m.j.internal.DownloadSourcesJob - Downloaded sources for commons-io:commons-io:2.2
2026-10-08 12:22:20,812 [Worker-62: Download sources and javadoc] INFO  o.e.m.c.i.e.AbstractTransferListenerAdapter - Downloading https://repo.maven.apache.org/maven2/io/github/openfeign/feign-core/10.10.1/feign-core-10.10.1-sources.jar
2026-10-08 12:22:20,909 [Worker-62: Download sources and javadoc] INFO  o.e.m.c.i.e.AbstractTransferListenerAdapter - Downloaded https://repo.maven.apache.org/maven2/io/github/openfeign/feign-core/10.10.1/feign-core-10.10.1-sources.jar
2026-10-08 12:22:20,999 [Worker-62: Download sources and javadoc] INFO  o.e.m.j.internal.DownloadSourcesJob - Downloaded sources for io.github.openfeign:feign-core:10.10.1
2026-10-08 12:22:21,218 [Worker-62: Download sources and javadoc] INFO  o.e.m.c.i.e.AbstractTransferListenerAdapter - Downloading https://repo.maven.apache.org/maven2/io/github/openfeign/feign-slf4j/10.10.1/feign-slf4j-10.10.1-sources.jar
2026-10-08 12:22:21,393 [Worker-62: Download sources and javadoc] INFO  o.e.m.c.i.e.AbstractTransferListenerAdapter - Downloaded https://repo.maven.apache.org/maven2/io/github/openfeign/feign-slf4j/10.10.1/feign-slf4j-10.10.1-sources.jar
2026-10-08 12:22:21,563 [Worker-62: Download sources and javadoc] INFO  o.e.m.j.internal.DownloadSourcesJob - Downloaded sources for io.github.openfeign:feign-slf4j:10.10.1
2026-10-08 12:22:21,808 [Worker-62: Download sources and javadoc] INFO  o.e.m.c.i.e.AbstractTransferListenerAdapter - Downloading https://repo.maven.apache.org/maven2/io/github/openfeign/feign-hystrix/10.10.1/feign-hystrix-10.10.1-sources.jar
2026-10-08 12:22:22,060 [Worker-62: Download sources and javadoc] INFO  o.e.m.c.i.e.AbstractTransferListenerAdapter - Downloaded https://repo.maven.apache.org/maven2/io/github/openfeign/feign-hystrix/10.10.1/feign-hystrix-10.10.1-sources.jar
2026-10-08 12:22:22,207 [Worker-62: Download sources and javadoc] INFO  o.e.m.j.internal.DownloadSourcesJob - Downloaded sources for io.github.openfeign:feign-hystrix:10.10.1
2026-10-08 12:22:22,410 [Worker-62: Download sources and javadoc] INFO  o.e.m.c.i.e.AbstractTransferListenerAdapter - Downloading https://repo.maven.apache.org/maven2/com/netflix/archaius/archaius-core/0.7.6/archaius-core-0.7.6-sources.jar
2026-10-08 12:22:22,526 [Worker-62: Download sources and javadoc] INFO  o.e.m.c.i.e.AbstractTransferListenerAdapter - Downloaded https://repo.maven.apache.org/maven2/com/netflix/archaius/archaius-core/0.7.6/archaius-core-0.7.6-sources.jar
2026-10-08 12:22:22,631 [Worker-62: Download sources and javadoc] INFO  o.e.m.j.internal.DownloadSourcesJob - Downloaded sources for com.netflix.archaius:archaius-core:0.7.6
2026-10-08 12:22:22,755 [Worker-62: Download sources and javadoc] INFO  o.e.m.c.i.e.AbstractTransferListenerAdapter - Downloading https://repo.maven.apache.org/maven2/com/google/code/findbugs/jsr305/3.0.1/jsr305-3.0.1-sources.jar
2026-10-08 12:22:22,836 [Worker-62: Download sources and javadoc] INFO  o.e.m.c.i.e.AbstractTransferListenerAdapter - Downloaded https://repo.maven.apache.org/maven2/com/google/code/findbugs/jsr305/3.0.1/jsr305-3.0.1-sources.jar
2026-10-08 12:22:22,952 [Worker-62: Download sources and javadoc] INFO  o.e.m.j.internal.DownloadSourcesJob - Downloaded sources for com.google.code.findbugs:jsr305:3.0.1
2026-10-08 12:22:23,310 [Worker-62: Download sources and javadoc] INFO  o.e.m.c.i.e.AbstractTransferListenerAdapter - Downloading https://repo.maven.apache.org/maven2/com/google/guava/guava/16.0/guava-16.0-sources.jar
2026-10-08 12:22:23,667 [Worker-62: Download sources and javadoc] INFO  o.e.m.c.i.e.AbstractTransferListenerAdapter - Downloaded https://repo.maven.apache.org/maven2/com/google/guava/guava/16.0/guava-16.0-sources.jar
2026-10-08 12:22:23,851 [Worker-62: Download sources and javadoc] INFO  o.e.m.j.internal.DownloadSourcesJob - Downloaded sources for com.google.guava:guava:16.0
2026-10-08 12:22:24,046 [Worker-62: Download sources and javadoc] INFO  o.e.m.c.i.e.AbstractTransferListenerAdapter - Downloading https://repo.maven.apache.org/maven2/com/netflix/hystrix/hystrix-core/1.5.18/hystrix-core-1.5.18-sources.jar
2026-10-08 12:22:24,388 [Worker-62: Download sources and javadoc] INFO  o.e.m.c.i.e.AbstractTransferListenerAdapter - Downloaded https://repo.maven.apache.org/maven2/com/netflix/hystrix/hystrix-core/1.5.18/hystrix-core-1.5.18-sources.jar
2026-10-08 12:22:24,516 [Worker-62: Download sources and javadoc] INFO  o.e.m.j.internal.DownloadSourcesJob - Downloaded sources for com.netflix.hystrix:hystrix-core:1.5.18
2026-10-08 12:22:29,496 [Worker-62: Download sources and javadoc] INFO  o.e.m.c.i.e.AbstractTransferListenerAdapter - Downloading https://repo.maven.apache.org/maven2/io/reactivex/rxjava/1.3.8/rxjava-1.3.8-sources.jar
2026-10-08 12:22:29,740 [Worker-62: Download sources and javadoc] INFO  o.e.m.c.i.e.AbstractTransferListenerAdapter - Downloaded https://repo.maven.apache.org/maven2/io/reactivex/rxjava/1.3.8/rxjava-1.3.8-sources.jar
2026-10-08 12:22:29,968 [Worker-62: Download sources and javadoc] WARN  o.e.a.i.i.DefaultRepositoryEventDispatcher - Failed to dispatch repository event to org.eclipse.m2e.core.internal.embedder.EclipseRepositoryListener: null
2026-10-08 12:22:29,971 [Worker-62: Download sources and javadoc] INFO  o.e.m.j.internal.DownloadSourcesJob - Downloaded sources for io.reactivex:rxjava:1.3.8
2026-10-08 12:22:30,642 [Worker-68: Building] INFO  o.e.m.c.i.l.LifecycleMappingFactory - Using org.eclipse.m2e.jdt.JarLifecycleMapping lifecycle mapping for MavenProject: com.gaurav:EmployeeMicorservice:0.0.1-SNAPSHOT @ C:\Microservice_practice_4\EmployeeMicorservice\pom.xml.
2026-10-08 12:22:44,015 [Worker-68: Building] INFO  o.e.m.c.i.e.AbstractTransferListenerAdapter - Downloaded https://repo.maven.apache.org/maven2/org/springframework/cloud/spring-cloud-starter-openfeign/2.2.3.RELEASE/spring-cloud-starter-openfeign-2.2.3.RELEASE.pom
2026-10-08 12:22:44,252 [Worker-68: Building] INFO  o.e.m.c.i.e.AbstractTransferListenerAdapter - Downloaded https://repo.maven.apache.org/maven2/org/springframework/cloud/spring-cloud-openfeign/2.2.3.RELEASE/spring-cloud-openfeign-2.2.3.RELEASE.pom
2026-10-08 12:22:44,527 [Worker-68: Building] INFO  o.e.m.c.i.e.AbstractTransferListenerAdapter - Downloaded https://repo.maven.apache.org/maven2/org/springframework/cloud/spring-cloud-build/2.3.0.RELEASE/spring-cloud-build-2.3.0.RELEASE.pom
2026-10-08 12:22:44,764 [Worker-68: Building] INFO  o.e.m.c.i.e.AbstractTransferListenerAdapter - Downloaded https://repo.maven.apache.org/maven2/org/springframework/cloud/spring-cloud-build-dependencies/2.3.0.RELEASE/spring-cloud-build-dependencies-2.3.0.RELEASE.pom
2026-10-08 12:22:44,905 [Worker-68: Building] INFO  o.e.m.c.i.e.AbstractTransferListenerAdapter - Downloaded https://repo.maven.apache.org/maven2/org/springframework/boot/spring-boot-dependencies/2.3.0.RELEASE/spring-boot-dependencies-2.3.0.RELEASE.pom
2026-10-08 12:22:45,122 [Worker-68: Building] INFO  o.e.m.c.i.e.AbstractTransferListenerAdapter - Downloaded https://repo.maven.apache.org/maven2/io/dropwizard/metrics/metrics-bom/4.1.7/metrics-bom-4.1.7.pom
2026-10-08 12:22:45,325 [Worker-68: Building] INFO  o.e.m.c.i.e.AbstractTransferListenerAdapter - Downloaded https://repo.maven.apache.org/maven2/io/dropwizard/metrics/metrics-parent/4.1.7/metrics-parent-4.1.7.pom
2026-10-08 12:22:45,402 [Worker-68: Building] INFO  o.e.m.c.i.e.AbstractTransferListenerAdapter - Downloaded https://repo.maven.apache.org/maven2/com/fasterxml/jackson/jackson-bom/2.11.0/jackson-bom-2.11.0.pom
2026-10-08 12:22:45,623 [Worker-68: Building] INFO  o.e.m.c.i.e.AbstractTransferListenerAdapter - Downloaded https://repo.maven.apache.org/maven2/org/eclipse/jetty/jetty-bom/9.4.28.v20200408/jetty-bom-9.4.28.v20200408.pom
2026-10-08 12:22:45,826 [Worker-68: Building] INFO  o.e.m.c.i.e.AbstractTransferListenerAdapter - Downloaded https://repo.maven.apache.org/maven2/org/jetbrains/kotlinx/kotlinx-coroutines-bom/1.3.6/kotlinx-coroutines-bom-1.3.6.pom
2026-10-08 12:22:46,011 [Worker-68: Building] INFO  o.e.m.c.i.e.AbstractTransferListenerAdapter - Downloaded https://repo.maven.apache.org/maven2/org/apache/logging/log4j/log4j-bom/2.13.2/log4j-bom-2.13.2.pom
2026-10-08 12:22:46,205 [Worker-68: Building] INFO  o.e.m.c.i.e.AbstractTransferListenerAdapter - Downloaded https://repo.maven.apache.org/maven2/io/micrometer/micrometer-bom/1.5.1/micrometer-bom-1.5.1.pom
2026-10-08 12:22:46,351 [Worker-68: Building] INFO  o.e.m.c.i.e.AbstractTransferListenerAdapter - Downloaded https://repo.maven.apache.org/maven2/io/netty/netty-bom/4.1.49.Final/netty-bom-4.1.49.Final.pom
2026-10-08 12:22:46,523 [Worker-68: Building] INFO  o.e.m.c.i.e.AbstractTransferListenerAdapter - Downloaded https://repo.maven.apache.org/maven2/io/r2dbc/r2dbc-bom/Arabba-SR3/r2dbc-bom-Arabba-SR3.pom
2026-10-08 12:22:46,675 [Worker-68: Building] INFO  o.e.m.c.i.e.AbstractTransferListenerAdapter - Downloaded https://repo.maven.apache.org/maven2/io/projectreactor/reactor-bom/Dysprosium-SR7/reactor-bom-Dysprosium-SR7.pom
2026-10-08 12:22:46,835 [Worker-68: Building] INFO  o.e.m.c.i.e.AbstractTransferListenerAdapter - Downloaded https://repo.maven.apache.org/maven2/io/rsocket/rsocket-bom/1.0.0/rsocket-bom-1.0.0.pom
2026-10-08 12:22:46,987 [Worker-68: Building] INFO  o.e.m.c.i.e.AbstractTransferListenerAdapter - Downloaded https://repo.maven.apache.org/maven2/org/springframework/data/spring-data-releasetrain/Neumann-RELEASE/spring-data-releasetrain-Neumann-RELEASE.pom
2026-10-08 12:22:47,139 [Worker-68: Building] INFO  o.e.m.c.i.e.AbstractTransferListenerAdapter - Downloaded https://repo.maven.apache.org/maven2/org/springframework/data/build/spring-data-build/2.3.0.RELEASE/spring-data-build-2.3.0.RELEASE.pom
2026-10-08 12:22:47,290 [Worker-68: Building] INFO  o.e.m.c.i.e.AbstractTransferListenerAdapter - Downloaded https://repo.maven.apache.org/maven2/org/springframework/spring-framework-bom/5.2.6.RELEASE/spring-framework-bom-5.2.6.RELEASE.pom
2026-10-08 12:22:47,477 [Worker-68: Building] INFO  o.e.m.c.i.e.AbstractTransferListenerAdapter - Downloaded https://repo.maven.apache.org/maven2/org/springframework/integration/spring-integration-bom/5.3.0.RELEASE/spring-integration-bom-5.3.0.RELEASE.pom
2026-10-08 12:22:53,390 [Worker-68: Building] INFO  o.e.m.c.i.e.AbstractTransferListenerAdapter - Downloaded https://repo.maven.apache.org/maven2/org/springframework/security/spring-security-bom/5.3.2.RELEASE/spring-security-bom-5.3.2.RELEASE.pom
2026-10-08 12:22:53,638 [Worker-68: Building] INFO  o.e.m.c.i.e.AbstractTransferListenerAdapter - Downloaded https://repo.maven.apache.org/maven2/org/springframework/cloud/spring-cloud-starter/2.2.3.RELEASE/spring-cloud-starter-2.2.3.RELEASE.pom
2026-10-08 12:22:53,871 [Worker-68: Building] INFO  o.e.m.c.i.e.AbstractTransferListenerAdapter - Downloaded https://repo.maven.apache.org/maven2/org/springframework/cloud/spring-cloud-commons-parent/2.2.3.RELEASE/spring-cloud-commons-parent-2.2.3.RELEASE.pom
2026-10-08 12:22:54,093 [Worker-68: Building] INFO  o.e.m.c.i.e.AbstractTransferListenerAdapter - Downloaded https://repo.maven.apache.org/maven2/org/springframework/cloud/spring-cloud-context/2.2.3.RELEASE/spring-cloud-context-2.2.3.RELEASE.pom
2026-10-08 12:22:54,308 [Worker-68: Building] INFO  o.e.m.c.i.e.AbstractTransferListenerAdapter - Downloaded https://repo.maven.apache.org/maven2/org/springframework/cloud/spring-cloud-commons/2.2.3.RELEASE/spring-cloud-commons-2.2.3.RELEASE.pom
2026-10-08 12:22:54,558 [Worker-68: Building] INFO  o.e.m.c.i.e.AbstractTransferListenerAdapter - Downloaded https://repo.maven.apache.org/maven2/org/springframework/cloud/spring-cloud-openfeign-core/2.2.3.RELEASE/spring-cloud-openfeign-core-2.2.3.RELEASE.pom
2026-10-08 12:22:54,854 [Worker-68: Building] INFO  o.e.m.c.i.e.AbstractTransferListenerAdapter - Downloaded https://repo.maven.apache.org/maven2/org/springframework/cloud/spring-cloud-netflix-ribbon/2.2.3.RELEASE/spring-cloud-netflix-ribbon-2.2.3.RELEASE.pom
2026-10-08 12:22:55,114 [Worker-68: Building] INFO  o.e.m.c.i.e.AbstractTransferListenerAdapter - Downloaded https://repo.maven.apache.org/maven2/org/springframework/cloud/spring-cloud-netflix/2.2.3.RELEASE/spring-cloud-netflix-2.2.3.RELEASE.pom
2026-10-08 12:22:55,355 [Worker-68: Building] INFO  o.e.m.c.i.e.AbstractTransferListenerAdapter - Downloaded https://repo.maven.apache.org/maven2/org/springframework/cloud/spring-cloud-netflix-archaius/2.2.3.RELEASE/spring-cloud-netflix-archaius-2.2.3.RELEASE.pom
2026-10-08 12:22:56,399 [AetherRepositoryConnector-repo.maven.apache.org-4-0] INFO  o.e.m.c.i.e.AbstractTransferListenerAdapter - Downloading https://repo.maven.apache.org/maven2/org/springframework/cloud/spring-cloud-starter-openfeign/2.2.3.RELEASE/spring-cloud-starter-openfeign-2.2.3.RELEASE.jar
2026-10-08 12:22:56,410 [AetherRepositoryConnector-repo.maven.apache.org-4-1] INFO  o.e.m.c.i.e.AbstractTransferListenerAdapter - Downloading https://repo.maven.apache.org/maven2/org/springframework/cloud/spring-cloud-openfeign-core/2.2.3.RELEASE/spring-cloud-openfeign-core-2.2.3.RELEASE.jar
2026-10-08 12:22:56,441 [AetherRepositoryConnector-repo.maven.apache.org-4-4] INFO  o.e.m.c.i.e.AbstractTransferListenerAdapter - Downloading https://repo.maven.apache.org/maven2/org/springframework/cloud/spring-cloud-commons/2.2.3.RELEASE/spring-cloud-commons-2.2.3.RELEASE.jar
2026-10-08 12:22:56,468 [AetherRepositoryConnector-repo.maven.apache.org-4-2] INFO  o.e.m.c.i.e.AbstractTransferListenerAdapter - Downloading https://repo.maven.apache.org/maven2/org/springframework/cloud/spring-cloud-netflix-ribbon/2.2.3.RELEASE/spring-cloud-netflix-ribbon-2.2.3.RELEASE.jar
2026-10-08 12:22:56,468 [AetherRepositoryConnector-repo.maven.apache.org-4-3] INFO  o.e.m.c.i.e.AbstractTransferListenerAdapter - Downloading https://repo.maven.apache.org/maven2/org/springframework/cloud/spring-cloud-netflix-archaius/2.2.3.RELEASE/spring-cloud-netflix-archaius-2.2.3.RELEASE.jar
2026-10-08 12:22:56,510 [AetherRepositoryConnector-repo.maven.apache.org-4-0] INFO  o.e.m.c.i.e.AbstractTransferListenerAdapter - Downloaded https://repo.maven.apache.org/maven2/org/springframework/cloud/spring-cloud-starter-openfeign/2.2.3.RELEASE/spring-cloud-starter-openfeign-2.2.3.RELEASE.jar
2026-10-08 12:22:56,602 [AetherRepositoryConnector-repo.maven.apache.org-4-1] INFO  o.e.m.c.i.e.AbstractTransferListenerAdapter - Downloaded https://repo.maven.apache.org/maven2/org/springframework/cloud/spring-cloud-openfeign-core/2.2.3.RELEASE/spring-cloud-openfeign-core-2.2.3.RELEASE.jar
2026-10-08 12:22:56,650 [AetherRepositoryConnector-repo.maven.apache.org-4-3] INFO  o.e.m.c.i.e.AbstractTransferListenerAdapter - Downloaded https://repo.maven.apache.org/maven2/org/springframework/cloud/spring-cloud-netflix-archaius/2.2.3.RELEASE/spring-cloud-netflix-archaius-2.2.3.RELEASE.jar
2026-10-08 12:22:56,664 [AetherRepositoryConnector-repo.maven.apache.org-4-4] INFO  o.e.m.c.i.e.AbstractTransferListenerAdapter - Downloaded https://repo.maven.apache.org/maven2/org/springframework/cloud/spring-cloud-commons/2.2.3.RELEASE/spring-cloud-commons-2.2.3.RELEASE.jar
2026-10-08 12:22:56,676 [AetherRepositoryConnector-repo.maven.apache.org-4-2] INFO  o.e.m.c.i.e.AbstractTransferListenerAdapter - Downloaded https://repo.maven.apache.org/maven2/org/springframework/cloud/spring-cloud-netflix-ribbon/2.2.3.RELEASE/spring-cloud-netflix-ribbon-2.2.3.RELEASE.jar
2026-10-08 12:22:58,452 [Worker-68: Building] INFO  o.e.m.c.i.l.LifecycleMappingFactory - Using org.eclipse.m2e.jdt.JarLifecycleMapping lifecycle mapping for MavenProject: com.gateway:MicroserviceGateWay:0.0.1-SNAPSHOT @ C:\Microservice_practice_4\MicroserviceGateWay\pom.xml.
2026-10-08 12:22:59,812 [Worker-68: Building] INFO  o.e.m.c.i.l.LifecycleMappingFactory - Using org.eclipse.m2e.jdt.JarLifecycleMapping lifecycle mapping for MavenProject: com.gaurav:CompanyMicorservice:0.0.1-SNAPSHOT @ C:\Microservice_Practice_2\CompanyMicorservice\pom.xml.
2026-10-08 12:23:00,479 [Worker-68: Building] INFO  o.e.m.c.i.l.LifecycleMappingFactory - Using org.eclipse.m2e.jdt.JarLifecycleMapping lifecycle mapping for MavenProject: com.gaurav:EmployeeMicorservice:0.0.1-SNAPSHOT @ C:\Microservice_practice_4\EmployeeMicorservice\pom.xml.
2026-10-08 12:23:51,826 [Worker-68: Building] INFO  o.e.m.c.i.embedder.EclipseLogger - Using 'UTF-8' encoding to copy filtered resources.
2026-10-08 12:23:51,826 [Worker-68: Building] INFO  o.e.m.c.i.embedder.EclipseLogger - Using 'UTF-8' encoding to copy filtered properties files.
2026-10-08 12:23:51,827 [Worker-68: Building] INFO  o.e.m.c.i.embedder.EclipseLogger - Copying 0 resource
2026-10-08 12:23:51,827 [Worker-68: Building] INFO  o.e.m.c.i.embedder.EclipseLogger - Copying 0 resource
2026-10-08 12:23:51,830 [Worker-68: Building] INFO  o.e.m.c.i.embedder.EclipseLogger - Using 'UTF-8' encoding to copy filtered resources.
2026-10-08 12:23:51,830 [Worker-68: Building] INFO  o.e.m.c.i.embedder.EclipseLogger - Using 'UTF-8' encoding to copy filtered properties files.
2026-10-08 12:23:51,830 [Worker-68: Building] INFO  o.e.m.c.i.embedder.EclipseLogger - skip non existing resourceDirectory C:\Microservice_practice_4\EmployeeMicorservice\src\test\resources
2026-10-08 12:24:04,332 [Worker-69: Download sources and javadoc] INFO  o.e.m.c.i.e.AbstractTransferListenerAdapter - Downloaded https://repo.maven.apache.org/maven2/org/springframework/cloud/spring-cloud-starter-openfeign/2.2.3.RELEASE/spring-cloud-starter-openfeign-2.2.3.RELEASE-sources.jar
2026-10-08 12:24:04,335 [Worker-69: Download sources and javadoc] ERROR o.e.m.j.internal.DownloadSourcesJob - Could not download sources for org.springframework.cloud:spring-cloud-starter-openfeign:2.2.3.RELEASE
org.eclipse.core.runtime.CoreException: Could not resolve artifact org.springframework.cloud:spring-cloud-starter-openfeign:jar:sources:2.2.3.RELEASE
	at org.eclipse.m2e.core.internal.embedder.MavenImpl.lambda$4(MavenImpl.java:803) ~[org.eclipse.m2e.core_1.15.0.20200305-1308.jar:na]
	at org.eclipse.m2e.core.internal.embedder.MavenExecutionContext.executeBare(MavenExecutionContext.java:179) ~[org.eclipse.m2e.core_1.15.0.20200305-1308.jar:na]
	at org.eclipse.m2e.core.internal.embedder.MavenExecutionContext.execute(MavenExecutionContext.java:114) ~[org.eclipse.m2e.core_1.15.0.20200305-1308.jar:na]
	at org.eclipse.m2e.core.internal.embedder.MavenExecutionContext.execute(MavenExecutionContext.java:101) ~[org.eclipse.m2e.core_1.15.0.20200305-1308.jar:na]
	at org.eclipse.m2e.core.internal.embedder.MavenImpl.resolve(MavenImpl.java:771) ~[org.eclipse.m2e.core_1.15.0.20200305-1308.jar:na]
	at org.eclipse.m2e.core.internal.embedder.MavenImpl.resolve(MavenImpl.java:748) ~[org.eclipse.m2e.core_1.15.0.20200305-1308.jar:na]
	at org.eclipse.m2e.jdt.internal.DownloadSourcesJob.download(DownloadSourcesJob.java:330) [org.eclipse.m2e.jdt_1.15.0.20200226-1722.jar:na]
	at org.eclipse.m2e.jdt.internal.DownloadSourcesJob.downloadAttachments(DownloadSourcesJob.java:304) [org.eclipse.m2e.jdt_1.15.0.20200226-1722.jar:na]
	at org.eclipse.m2e.jdt.internal.DownloadSourcesJob.downloadMaven(DownloadSourcesJob.java:269) [org.eclipse.m2e.jdt_1.15.0.20200226-1722.jar:na]
	at org.eclipse.m2e.jdt.internal.DownloadSourcesJob.downloadFilesAndPopulateToUpdate(DownloadSourcesJob.java:233) [org.eclipse.m2e.jdt_1.15.0.20200226-1722.jar:na]
	at org.eclipse.m2e.jdt.internal.DownloadSourcesJob.lambda$0(DownloadSourcesJob.java:161) [org.eclipse.m2e.jdt_1.15.0.20200226-1722.jar:na]
	at org.eclipse.m2e.core.internal.embedder.MavenExecutionContext.executeBare(MavenExecutionContext.java:179) ~[org.eclipse.m2e.core_1.15.0.20200305-1308.jar:na]
	at org.eclipse.m2e.core.internal.embedder.MavenExecutionContext.execute(MavenExecutionContext.java:153) ~[org.eclipse.m2e.core_1.15.0.20200305-1308.jar:na]
	at org.eclipse.m2e.core.internal.embedder.MavenExecutionContext.execute(MavenExecutionContext.java:101) ~[org.eclipse.m2e.core_1.15.0.20200305-1308.jar:na]
	at org.eclipse.m2e.core.internal.embedder.MavenImpl.execute(MavenImpl.java:1373) ~[org.eclipse.m2e.core_1.15.0.20200305-1308.jar:na]
	at org.eclipse.m2e.jdt.internal.DownloadSourcesJob.run(DownloadSourcesJob.java:161) [org.eclipse.m2e.jdt_1.15.0.20200226-1722.jar:na]
	at org.eclipse.core.internal.jobs.Worker.run(Worker.java:63) ~[org.eclipse.core.jobs_3.10.700.v20200106-1020.jar:na]
2026-10-08 12:24:04,607 [Worker-69: Download sources and javadoc] INFO  o.e.m.c.i.e.AbstractTransferListenerAdapter - Downloading https://repo.maven.apache.org/maven2/org/springframework/cloud/spring-cloud-openfeign-core/2.2.3.RELEASE/spring-cloud-openfeign-core-2.2.3.RELEASE-sources.jar
2026-10-08 12:24:04,692 [Worker-43: Building] INFO  o.e.m.c.i.embedder.EclipseLogger - Using 'UTF-8' encoding to copy filtered resources.
2026-10-08 12:24:04,692 [Worker-43: Building] INFO  o.e.m.c.i.embedder.EclipseLogger - Using 'UTF-8' encoding to copy filtered properties files.
2026-10-08 12:24:04,695 [Worker-43: Building] INFO  o.e.m.c.i.embedder.EclipseLogger - Copying 1 resource
2026-10-08 12:24:04,711 [Worker-43: Building] INFO  o.e.m.c.i.embedder.EclipseLogger - Copying 1 resource
2026-10-08 12:24:04,718 [Worker-43: Building] INFO  o.e.m.c.i.embedder.EclipseLogger - Using 'UTF-8' encoding to copy filtered resources.
2026-10-08 12:24:04,718 [Worker-43: Building] INFO  o.e.m.c.i.embedder.EclipseLogger - Using 'UTF-8' encoding to copy filtered properties files.
2026-10-08 12:24:04,718 [Worker-43: Building] INFO  o.e.m.c.i.embedder.EclipseLogger - skip non existing resourceDirectory C:\Microservice_Practice_2\CompanyMicorservice\src\test\resources
2026-10-08 12:24:04,882 [Worker-69: Download sources and javadoc] INFO  o.e.m.c.i.e.AbstractTransferListenerAdapter - Downloaded https://repo.maven.apache.org/maven2/org/springframework/cloud/spring-cloud-openfeign-core/2.2.3.RELEASE/spring-cloud-openfeign-core-2.2.3.RELEASE-sources.jar
2026-10-08 12:24:05,041 [Worker-69: Download sources and javadoc] INFO  o.e.m.j.internal.DownloadSourcesJob - Downloaded sources for org.springframework.cloud:spring-cloud-openfeign-core:2.2.3.RELEASE
2026-10-08 12:24:05,306 [Worker-69: Download sources and javadoc] INFO  o.e.m.c.i.e.AbstractTransferListenerAdapter - Downloading https://repo.maven.apache.org/maven2/org/springframework/cloud/spring-cloud-netflix-ribbon/2.2.3.RELEASE/spring-cloud-netflix-ribbon-2.2.3.RELEASE-sources.jar
2026-10-08 12:24:05,573 [Worker-69: Download sources and javadoc] INFO  o.e.m.c.i.e.AbstractTransferListenerAdapter - Downloaded https://repo.maven.apache.org/maven2/org/springframework/cloud/spring-cloud-netflix-ribbon/2.2.3.RELEASE/spring-cloud-netflix-ribbon-2.2.3.RELEASE-sources.jar
2026-10-08 12:24:05,999 [Worker-69: Download sources and javadoc] INFO  o.e.m.j.internal.DownloadSourcesJob - Downloaded sources for org.springframework.cloud:spring-cloud-netflix-ribbon:2.2.3.RELEASE
2026-10-08 12:24:06,030 [Worker-43: Building] INFO  o.e.m.c.i.embedder.EclipseLogger - Using 'UTF-8' encoding to copy filtered resources.
2026-10-08 12:24:06,030 [Worker-43: Building] INFO  o.e.m.c.i.embedder.EclipseLogger - Using 'UTF-8' encoding to copy filtered properties files.
2026-10-08 12:24:06,032 [Worker-43: Building] INFO  o.e.m.c.i.embedder.EclipseLogger - Copying 2 resources
2026-10-08 12:24:06,039 [Worker-43: Building] INFO  o.e.m.c.i.embedder.EclipseLogger - Copying 1 resource
2026-10-08 12:24:06,046 [Worker-43: Building] INFO  o.e.m.c.i.embedder.EclipseLogger - Using 'UTF-8' encoding to copy filtered resources.
2026-10-08 12:24:06,046 [Worker-43: Building] INFO  o.e.m.c.i.embedder.EclipseLogger - Using 'UTF-8' encoding to copy filtered properties files.
2026-10-08 12:24:06,047 [Worker-43: Building] INFO  o.e.m.c.i.embedder.EclipseLogger - skip non existing resourceDirectory C:\Microservice_practice_4\EmployeeMicorservice\src\test\resources
2026-10-08 12:24:06,315 [Worker-69: Download sources and javadoc] INFO  o.e.m.c.i.e.AbstractTransferListenerAdapter - Downloading https://repo.maven.apache.org/maven2/org/springframework/cloud/spring-cloud-netflix-archaius/2.2.3.RELEASE/spring-cloud-netflix-archaius-2.2.3.RELEASE-sources.jar
2026-10-08 12:24:11,757 [Worker-69: Download sources and javadoc] INFO  o.e.m.c.i.e.AbstractTransferListenerAdapter - Downloaded https://repo.maven.apache.org/maven2/org/springframework/cloud/spring-cloud-netflix-archaius/2.2.3.RELEASE/spring-cloud-netflix-archaius-2.2.3.RELEASE-sources.jar
2026-10-08 12:24:11,876 [Worker-69: Download sources and javadoc] INFO  o.e.m.j.internal.DownloadSourcesJob - Downloaded sources for org.springframework.cloud:spring-cloud-netflix-archaius:2.2.3.RELEASE
2026-10-08 12:24:19,711 [Worker-43: Building] INFO  o.e.m.c.i.embedder.EclipseLogger - Using 'UTF-8' encoding to copy filtered resources.
2026-10-08 12:24:19,711 [Worker-43: Building] INFO  o.e.m.c.i.embedder.EclipseLogger - Using 'UTF-8' encoding to copy filtered properties files.
2026-10-08 12:24:19,713 [Worker-43: Building] INFO  o.e.m.c.i.embedder.EclipseLogger - Copying 2 resources
2026-10-08 12:24:19,737 [Worker-43: Building] INFO  o.e.m.c.i.embedder.EclipseLogger - Copying 1 resource
2026-10-08 12:24:19,741 [Worker-43: Building] INFO  o.e.m.c.i.embedder.EclipseLogger - Using 'UTF-8' encoding to copy filtered resources.
2026-10-08 12:24:19,741 [Worker-43: Building] INFO  o.e.m.c.i.embedder.EclipseLogger - Using 'UTF-8' encoding to copy filtered properties files.
2026-10-08 12:24:19,741 [Worker-43: Building] INFO  o.e.m.c.i.embedder.EclipseLogger - skip non existing resourceDirectory C:\Microservice_practice_4\MicroserviceGateWay\src\test\resources
2026-10-08 12:24:20,356 [Worker-69: Download sources and javadoc] INFO  o.e.m.c.i.e.AbstractTransferListenerAdapter - Downloading https://repo.maven.apache.org/maven2/org/springframework/cloud/spring-cloud-commons/2.2.3.RELEASE/spring-cloud-commons-2.2.3.RELEASE-sources.jar
2026-10-08 12:24:20,463 [Worker-69: Download sources and javadoc] INFO  o.e.m.c.i.e.AbstractTransferListenerAdapter - Downloaded https://repo.maven.apache.org/maven2/org/springframework/cloud/spring-cloud-commons/2.2.3.RELEASE/spring-cloud-commons-2.2.3.RELEASE-sources.jar
2026-10-08 12:24:20,730 [Worker-69: Download sources and javadoc] INFO  o.e.m.j.internal.DownloadSourcesJob - Downloaded sources for org.springframework.cloud:spring-cloud-commons:2.2.3.RELEASE
2026-10-08 12:24:21,746 [Worker-69: Download sources and javadoc] INFO  o.e.m.c.i.e.AbstractTransferListenerAdapter - Downloaded https://repo.maven.apache.org/maven2/org/springframework/cloud/spring-cloud-starter-openfeign/2.2.3.RELEASE/spring-cloud-starter-openfeign-2.2.3.RELEASE-javadoc.jar
2026-10-08 12:24:21,749 [Worker-69: Download sources and javadoc] ERROR o.e.m.j.internal.DownloadSourcesJob - Could not download javadoc for org.springframework.cloud:spring-cloud-starter-openfeign:2.2.3.RELEASE
org.eclipse.core.runtime.CoreException: Could not resolve artifact org.springframework.cloud:spring-cloud-starter-openfeign:jar:javadoc:2.2.3.RELEASE
	at org.eclipse.m2e.core.internal.embedder.MavenImpl.lambda$4(MavenImpl.java:803) ~[org.eclipse.m2e.core_1.15.0.20200305-1308.jar:na]
	at org.eclipse.m2e.core.internal.embedder.MavenExecutionContext.executeBare(MavenExecutionContext.java:179) ~[org.eclipse.m2e.core_1.15.0.20200305-1308.jar:na]
	at org.eclipse.m2e.core.internal.embedder.MavenExecutionContext.execute(MavenExecutionContext.java:114) ~[org.eclipse.m2e.core_1.15.0.20200305-1308.jar:na]
	at org.eclipse.m2e.core.internal.embedder.MavenExecutionContext.execute(MavenExecutionContext.java:101) ~[org.eclipse.m2e.core_1.15.0.20200305-1308.jar:na]
	at org.eclipse.m2e.core.internal.embedder.MavenImpl.resolve(MavenImpl.java:771) ~[org.eclipse.m2e.core_1.15.0.20200305-1308.jar:na]
	at org.eclipse.m2e.core.internal.embedder.MavenImpl.resolve(MavenImpl.java:748) ~[org.eclipse.m2e.core_1.15.0.20200305-1308.jar:na]
	at org.eclipse.m2e.jdt.internal.DownloadSourcesJob.download(DownloadSourcesJob.java:330) [org.eclipse.m2e.jdt_1.15.0.20200226-1722.jar:na]
	at org.eclipse.m2e.jdt.internal.DownloadSourcesJob.downloadAttachments(DownloadSourcesJob.java:316) [org.eclipse.m2e.jdt_1.15.0.20200226-1722.jar:na]
	at org.eclipse.m2e.jdt.internal.DownloadSourcesJob.downloadMaven(DownloadSourcesJob.java:269) [org.eclipse.m2e.jdt_1.15.0.20200226-1722.jar:na]
	at org.eclipse.m2e.jdt.internal.DownloadSourcesJob.downloadFilesAndPopulateToUpdate(DownloadSourcesJob.java:233) [org.eclipse.m2e.jdt_1.15.0.20200226-1722.jar:na]
	at org.eclipse.m2e.jdt.internal.DownloadSourcesJob.lambda$0(DownloadSourcesJob.java:161) [org.eclipse.m2e.jdt_1.15.0.20200226-1722.jar:na]
	at org.eclipse.m2e.core.internal.embedder.MavenExecutionContext.executeBare(MavenExecutionContext.java:179) ~[org.eclipse.m2e.core_1.15.0.20200305-1308.jar:na]
	at org.eclipse.m2e.core.internal.embedder.MavenExecutionContext.execute(MavenExecutionContext.java:153) ~[org.eclipse.m2e.core_1.15.0.20200305-1308.jar:na]
	at org.eclipse.m2e.core.internal.embedder.MavenExecutionContext.execute(MavenExecutionContext.java:101) ~[org.eclipse.m2e.core_1.15.0.20200305-1308.jar:na]
	at org.eclipse.m2e.core.internal.embedder.MavenImpl.execute(MavenImpl.java:1373) ~[org.eclipse.m2e.core_1.15.0.20200305-1308.jar:na]
	at org.eclipse.m2e.jdt.internal.DownloadSourcesJob.run(DownloadSourcesJob.java:161) [org.eclipse.m2e.jdt_1.15.0.20200226-1722.jar:na]
	at org.eclipse.core.internal.jobs.Worker.run(Worker.java:63) ~[org.eclipse.core.jobs_3.10.700.v20200106-1020.jar:na]
2026-10-08 12:24:21,756 [Worker-69: Download sources and javadoc] INFO  o.e.m.j.internal.DownloadSourcesJob - Downloaded sources for org.springframework.cloud:spring-cloud-openfeign-core:2.2.3.RELEASE
2026-10-08 12:24:21,762 [Worker-69: Download sources and javadoc] INFO  o.e.m.j.internal.DownloadSourcesJob - Downloaded sources for org.springframework.cloud:spring-cloud-netflix-ribbon:2.2.3.RELEASE
2026-10-08 12:24:21,767 [Worker-69: Download sources and javadoc] INFO  o.e.m.j.internal.DownloadSourcesJob - Downloaded sources for org.springframework.cloud:spring-cloud-netflix-archaius:2.2.3.RELEASE
2026-10-08 12:24:21,774 [Worker-69: Download sources and javadoc] INFO  o.e.m.j.internal.DownloadSourcesJob - Downloaded sources for org.springframework.cloud:spring-cloud-commons:2.2.3.RELEASE
2026-10-08 12:24:22,911 [Worker-43: Building] INFO  o.e.m.c.i.embedder.EclipseLogger - Using 'UTF-8' encoding to copy filtered resources.
2026-10-08 12:24:22,911 [Worker-43: Building] INFO  o.e.m.c.i.embedder.EclipseLogger - Using 'UTF-8' encoding to copy filtered properties files.
2026-10-08 12:24:22,911 [Worker-43: Building] INFO  o.e.m.c.i.embedder.EclipseLogger - Copying 0 resource
2026-10-08 12:24:22,912 [Worker-43: Building] INFO  o.e.m.c.i.embedder.EclipseLogger - Copying 0 resource
2026-10-08 12:24:22,914 [Worker-43: Building] INFO  o.e.m.c.i.embedder.EclipseLogger - Using 'UTF-8' encoding to copy filtered resources.
2026-10-08 12:24:22,914 [Worker-43: Building] INFO  o.e.m.c.i.embedder.EclipseLogger - Using 'UTF-8' encoding to copy filtered properties files.
2026-10-08 12:24:22,914 [Worker-43: Building] INFO  o.e.m.c.i.embedder.EclipseLogger - skip non existing resourceDirectory C:\Microservice_practice_4\EmployeeMicorservice\src\test\resources
2026-10-08 12:24:42,387 [Worker-63: Building] INFO  o.e.m.c.i.embedder.EclipseLogger - Using 'UTF-8' encoding to copy filtered resources.
2026-10-08 12:24:42,387 [Worker-63: Building] INFO  o.e.m.c.i.embedder.EclipseLogger - Using 'UTF-8' encoding to copy filtered properties files.
2026-10-08 12:24:42,389 [Worker-63: Building] INFO  o.e.m.c.i.embedder.EclipseLogger - Copying 2 resources
2026-10-08 12:24:42,408 [Worker-63: Building] INFO  o.e.m.c.i.embedder.EclipseLogger - Copying 1 resource
2026-10-08 12:24:42,411 [Worker-63: Building] INFO  o.e.m.c.i.embedder.EclipseLogger - Using 'UTF-8' encoding to copy filtered resources.
2026-10-08 12:24:42,411 [Worker-63: Building] INFO  o.e.m.c.i.embedder.EclipseLogger - Using 'UTF-8' encoding to copy filtered properties files.
2026-10-08 12:24:42,411 [Worker-63: Building] INFO  o.e.m.c.i.embedder.EclipseLogger - skip non existing resourceDirectory C:\Microservice_practice_4\EmployeeMicorservice\src\test\resources
2026-10-08 12:25:12,566 [Worker-68: Building] INFO  o.e.m.c.i.embedder.EclipseLogger - Using 'UTF-8' encoding to copy filtered resources.
2026-10-08 12:25:12,566 [Worker-68: Building] INFO  o.e.m.c.i.embedder.EclipseLogger - Using 'UTF-8' encoding to copy filtered properties files.
2026-10-08 12:25:12,568 [Worker-68: Building] INFO  o.e.m.c.i.embedder.EclipseLogger - Copying 2 resources
2026-10-08 12:25:12,668 [Worker-68: Building] INFO  o.e.m.c.i.embedder.EclipseLogger - Copying 1 resource
2026-10-08 12:25:12,673 [Worker-68: Building] INFO  o.e.m.c.i.embedder.EclipseLogger - Using 'UTF-8' encoding to copy filtered resources.
2026-10-08 12:25:12,673 [Worker-68: Building] INFO  o.e.m.c.i.embedder.EclipseLogger - Using 'UTF-8' encoding to copy filtered properties files.
2026-10-08 12:25:12,674 [Worker-68: Building] INFO  o.e.m.c.i.embedder.EclipseLogger - skip non existing resourceDirectory C:\Microservice_practice_4\EmployeeMicorservice\src\test\resources
2026-10-08 12:25:20,451 [Worker-60: Building] INFO  o.e.m.c.i.embedder.EclipseLogger - Using 'UTF-8' encoding to copy filtered resources.
2026-10-08 12:25:20,451 [Worker-60: Building] INFO  o.e.m.c.i.embedder.EclipseLogger - Using 'UTF-8' encoding to copy filtered properties files.
2026-10-08 12:25:20,453 [Worker-60: Building] INFO  o.e.m.c.i.embedder.EclipseLogger - Copying 2 resources
2026-10-08 12:25:20,484 [Worker-60: Building] INFO  o.e.m.c.i.embedder.EclipseLogger - Copying 1 resource
2026-10-08 12:25:20,489 [Worker-60: Building] INFO  o.e.m.c.i.embedder.EclipseLogger - Using 'UTF-8' encoding to copy filtered resources.
2026-10-08 12:25:20,489 [Worker-60: Building] INFO  o.e.m.c.i.embedder.EclipseLogger - Using 'UTF-8' encoding to copy filtered properties files.
2026-10-08 12:25:20,489 [Worker-60: Building] INFO  o.e.m.c.i.embedder.EclipseLogger - skip non existing resourceDirectory C:\Microservice_practice_4\EmployeeMicorservice\src\test\resources
2026-10-08 12:27:53,224 [Worker-30: Building] INFO  o.e.m.c.i.embedder.EclipseLogger - Using 'UTF-8' encoding to copy filtered resources.
2026-10-08 12:27:53,224 [Worker-30: Building] INFO  o.e.m.c.i.embedder.EclipseLogger - Using 'UTF-8' encoding to copy filtered properties files.
2026-10-08 12:27:53,226 [Worker-30: Building] INFO  o.e.m.c.i.embedder.EclipseLogger - Copying 2 resources
2026-10-08 12:27:53,708 [Worker-30: Building] INFO  o.e.m.c.i.embedder.EclipseLogger - Copying 1 resource
2026-10-08 12:27:53,714 [Worker-30: Building] INFO  o.e.m.c.i.embedder.EclipseLogger - Using 'UTF-8' encoding to copy filtered resources.
2026-10-08 12:27:53,714 [Worker-30: Building] INFO  o.e.m.c.i.embedder.EclipseLogger - Using 'UTF-8' encoding to copy filtered properties files.
2026-10-08 12:27:53,714 [Worker-30: Building] INFO  o.e.m.c.i.embedder.EclipseLogger - skip non existing resourceDirectory C:\Microservice_practice_4\EmployeeMicorservice\src\test\resources
2026-10-08 12:29:43,895 [Worker-62: Building] INFO  o.e.m.c.i.embedder.EclipseLogger - Using 'UTF-8' encoding to copy filtered resources.
2026-10-08 12:29:43,895 [Worker-62: Building] INFO  o.e.m.c.i.embedder.EclipseLogger - Using 'UTF-8' encoding to copy filtered properties files.
2026-10-08 12:29:43,897 [Worker-62: Building] INFO  o.e.m.c.i.embedder.EclipseLogger - Copying 2 resources
2026-10-08 12:29:43,992 [Worker-62: Building] INFO  o.e.m.c.i.embedder.EclipseLogger - Copying 1 resource
2026-10-08 12:29:43,999 [Worker-62: Building] INFO  o.e.m.c.i.embedder.EclipseLogger - Using 'UTF-8' encoding to copy filtered resources.
2026-10-08 12:29:43,999 [Worker-62: Building] INFO  o.e.m.c.i.embedder.EclipseLogger - Using 'UTF-8' encoding to copy filtered properties files.
2026-10-08 12:29:44,000 [Worker-62: Building] INFO  o.e.m.c.i.embedder.EclipseLogger - skip non existing resourceDirectory C:\Microservice_practice_4\EmployeeMicorservice\src\test\resources
2026-10-08 12:30:18,191 [Worker-29: Building] INFO  o.e.m.c.i.embedder.EclipseLogger - Using 'UTF-8' encoding to copy filtered resources.
2026-10-08 12:30:18,192 [Worker-29: Building] INFO  o.e.m.c.i.embedder.EclipseLogger - Using 'UTF-8' encoding to copy filtered properties files.
2026-10-08 12:30:18,193 [Worker-29: Building] INFO  o.e.m.c.i.embedder.EclipseLogger - Copying 2 resources
2026-10-08 12:30:18,222 [Worker-29: Building] INFO  o.e.m.c.i.embedder.EclipseLogger - Copying 1 resource
2026-10-08 12:30:18,225 [Worker-29: Building] INFO  o.e.m.c.i.embedder.EclipseLogger - Using 'UTF-8' encoding to copy filtered resources.
2026-10-08 12:30:18,226 [Worker-29: Building] INFO  o.e.m.c.i.embedder.EclipseLogger - Using 'UTF-8' encoding to copy filtered properties files.
2026-10-08 12:30:18,226 [Worker-29: Building] INFO  o.e.m.c.i.embedder.EclipseLogger - skip non existing resourceDirectory C:\Microservice_practice_4\EmployeeMicorservice\src\test\resources
2026-10-08 12:31:37,956 [Worker-43: Building] INFO  o.e.m.c.i.embedder.EclipseLogger - Using 'UTF-8' encoding to copy filtered resources.
2026-10-08 12:31:37,956 [Worker-43: Building] INFO  o.e.m.c.i.embedder.EclipseLogger - Using 'UTF-8' encoding to copy filtered properties files.
2026-10-08 12:31:37,958 [Worker-43: Building] INFO  o.e.m.c.i.embedder.EclipseLogger - Copying 2 resources
2026-10-08 12:31:37,989 [Worker-43: Building] INFO  o.e.m.c.i.embedder.EclipseLogger - Copying 1 resource
2026-10-08 12:31:37,993 [Worker-43: Building] INFO  o.e.m.c.i.embedder.EclipseLogger - Using 'UTF-8' encoding to copy filtered resources.
2026-10-08 12:31:37,993 [Worker-43: Building] INFO  o.e.m.c.i.embedder.EclipseLogger - Using 'UTF-8' encoding to copy filtered properties files.
2026-10-08 12:31:37,993 [Worker-43: Building] INFO  o.e.m.c.i.embedder.EclipseLogger - skip non existing resourceDirectory C:\Microservice_practice_4\EmployeeMicorservice\src\test\resources
2026-10-08 12:33:43,940 [Worker-66: Building] INFO  o.e.m.c.i.embedder.EclipseLogger - Using 'UTF-8' encoding to copy filtered resources.
2026-10-08 12:33:43,941 [Worker-66: Building] INFO  o.e.m.c.i.embedder.EclipseLogger - Using 'UTF-8' encoding to copy filtered properties files.
2026-10-08 12:33:43,942 [Worker-66: Building] INFO  o.e.m.c.i.embedder.EclipseLogger - Copying 2 resources
2026-10-08 12:33:44,010 [Worker-66: Building] INFO  o.e.m.c.i.embedder.EclipseLogger - Copying 1 resource
2026-10-08 12:33:44,014 [Worker-66: Building] INFO  o.e.m.c.i.embedder.EclipseLogger - Using 'UTF-8' encoding to copy filtered resources.
2026-10-08 12:33:44,015 [Worker-66: Building] INFO  o.e.m.c.i.embedder.EclipseLogger - Using 'UTF-8' encoding to copy filtered properties files.
2026-10-08 12:33:44,015 [Worker-66: Building] INFO  o.e.m.c.i.embedder.EclipseLogger - skip non existing resourceDirectory C:\Microservice_practice_4\EmployeeMicorservice\src\test\resources
2026-10-08 12:33:54,590 [Worker-30: Building] INFO  o.e.m.c.i.embedder.EclipseLogger - Using 'UTF-8' encoding to copy filtered resources.
2026-10-08 12:33:54,590 [Worker-30: Building] INFO  o.e.m.c.i.embedder.EclipseLogger - Using 'UTF-8' encoding to copy filtered properties files.
2026-10-08 12:33:54,592 [Worker-30: Building] INFO  o.e.m.c.i.embedder.EclipseLogger - Copying 2 resources
2026-10-08 12:33:54,621 [Worker-30: Building] INFO  o.e.m.c.i.embedder.EclipseLogger - Copying 1 resource
2026-10-08 12:33:54,625 [Worker-30: Building] INFO  o.e.m.c.i.embedder.EclipseLogger - Using 'UTF-8' encoding to copy filtered resources.
2026-10-08 12:33:54,625 [Worker-30: Building] INFO  o.e.m.c.i.embedder.EclipseLogger - Using 'UTF-8' encoding to copy filtered properties files.
2026-10-08 12:33:54,625 [Worker-30: Building] INFO  o.e.m.c.i.embedder.EclipseLogger - skip non existing resourceDirectory C:\Microservice_practice_4\EmployeeMicorservice\src\test\resources
2026-10-08 12:34:12,111 [Worker-69: Building] INFO  o.e.m.c.i.embedder.EclipseLogger - Using 'UTF-8' encoding to copy filtered resources.
2026-10-08 12:34:12,111 [Worker-69: Building] INFO  o.e.m.c.i.embedder.EclipseLogger - Using 'UTF-8' encoding to copy filtered properties files.
2026-10-08 12:34:12,112 [Worker-69: Building] INFO  o.e.m.c.i.embedder.EclipseLogger - Copying 2 resources
2026-10-08 12:34:12,131 [Worker-69: Building] INFO  o.e.m.c.i.embedder.EclipseLogger - Copying 1 resource
2026-10-08 12:34:12,134 [Worker-69: Building] INFO  o.e.m.c.i.embedder.EclipseLogger - Using 'UTF-8' encoding to copy filtered resources.
2026-10-08 12:34:12,135 [Worker-69: Building] INFO  o.e.m.c.i.embedder.EclipseLogger - Using 'UTF-8' encoding to copy filtered properties files.
2026-10-08 12:34:12,135 [Worker-69: Building] INFO  o.e.m.c.i.embedder.EclipseLogger - skip non existing resourceDirectory C:\Microservice_practice_4\EmployeeMicorservice\src\test\resources
2026-10-08 12:34:19,955 [Worker-68: Building] INFO  o.e.m.c.i.embedder.EclipseLogger - Using 'UTF-8' encoding to copy filtered resources.
2026-10-08 12:34:19,955 [Worker-68: Building] INFO  o.e.m.c.i.embedder.EclipseLogger - Using 'UTF-8' encoding to copy filtered properties files.
2026-10-08 12:34:19,957 [Worker-68: Building] INFO  o.e.m.c.i.embedder.EclipseLogger - Copying 2 resources
2026-10-08 12:34:19,982 [Worker-68: Building] INFO  o.e.m.c.i.embedder.EclipseLogger - Copying 1 resource
2026-10-08 12:34:19,985 [Worker-68: Building] INFO  o.e.m.c.i.embedder.EclipseLogger - Using 'UTF-8' encoding to copy filtered resources.
2026-10-08 12:34:19,985 [Worker-68: Building] INFO  o.e.m.c.i.embedder.EclipseLogger - Using 'UTF-8' encoding to copy filtered properties files.
2026-10-08 12:34:19,985 [Worker-68: Building] INFO  o.e.m.c.i.embedder.EclipseLogger - skip non existing resourceDirectory C:\Microservice_practice_4\EmployeeMicorservice\src\test\resources
2026-10-08 12:36:08,139 [Worker-63: Building] INFO  o.e.m.c.i.embedder.EclipseLogger - Using 'UTF-8' encoding to copy filtered resources.
2026-10-08 12:36:08,140 [Worker-63: Building] INFO  o.e.m.c.i.embedder.EclipseLogger - Using 'UTF-8' encoding to copy filtered properties files.
2026-10-08 12:36:08,141 [Worker-63: Building] INFO  o.e.m.c.i.embedder.EclipseLogger - Copying 2 resources
2026-10-08 12:36:08,171 [Worker-63: Building] INFO  o.e.m.c.i.embedder.EclipseLogger - Copying 1 resource
2026-10-08 12:36:08,174 [Worker-63: Building] INFO  o.e.m.c.i.embedder.EclipseLogger - Using 'UTF-8' encoding to copy filtered resources.
2026-10-08 12:36:08,174 [Worker-63: Building] INFO  o.e.m.c.i.embedder.EclipseLogger - Using 'UTF-8' encoding to copy filtered properties files.
2026-10-08 12:36:08,174 [Worker-63: Building] INFO  o.e.m.c.i.embedder.EclipseLogger - skip non existing resourceDirectory C:\Microservice_practice_4\EmployeeMicorservice\src\test\resources
2026-10-08 12:37:11,754 [Worker-72: Updating Maven Project] INFO  o.e.m.c.i.p.ProjectConfigurationManager - Update started
2026-10-08 12:37:13,268 [Worker-72: Updating Maven Project] INFO  o.e.m.c.i.l.LifecycleMappingFactory - Using org.eclipse.m2e.jdt.JarLifecycleMapping lifecycle mapping for MavenProject: com.gateway:MicroserviceGateWay:0.0.1-SNAPSHOT @ C:\Microservice_practice_4\MicroserviceGateWay\pom.xml.
2026-10-08 12:37:14,198 [Worker-72: Updating Maven Project] INFO  o.e.m.c.i.l.LifecycleMappingFactory - Using org.eclipse.m2e.jdt.JarLifecycleMapping lifecycle mapping for MavenProject: com.gaurav:CompanyMicorservice:0.0.1-SNAPSHOT @ C:\Microservice_Practice_2\CompanyMicorservice\pom.xml.
2026-10-08 12:37:14,943 [Worker-72: Updating Maven Project] INFO  o.e.m.c.i.l.LifecycleMappingFactory - Using org.eclipse.m2e.jdt.JarLifecycleMapping lifecycle mapping for MavenProject: com.gaurav:EmployeeMicorservice:0.0.1-SNAPSHOT @ C:\Microservice_practice_4\EmployeeMicorservice\pom.xml.
2026-10-08 12:37:16,944 [Worker-72: Updating Maven Project] INFO  o.e.m.j.i.AbstractJavaProjectConfigurator - Adding source folder /EmployeeMicorservice/src/main/java
2026-10-08 12:37:16,944 [Worker-72: Updating Maven Project] INFO  o.e.m.j.i.AbstractJavaProjectConfigurator - Adding resource folder /EmployeeMicorservice/src/main/resources
2026-10-08 12:37:16,945 [Worker-72: Updating Maven Project] INFO  o.e.m.j.i.AbstractJavaProjectConfigurator - Adding resource folder /EmployeeMicorservice/src/main/resources
2026-10-08 12:37:16,945 [Worker-72: Updating Maven Project] INFO  o.e.m.j.i.AbstractJavaProjectConfigurator - Adding source folder /EmployeeMicorservice/src/test/java
2026-10-08 12:37:18,405 [Worker-72: Updating Maven Project] INFO  o.e.m.c.i.p.ProjectConfigurationManager - Update completed: 6 sec
2026-10-08 12:37:20,405 [Worker-73: Building] INFO  o.e.m.c.i.embedder.EclipseLogger - Using 'UTF-8' encoding to copy filtered resources.
2026-10-08 12:37:20,405 [Worker-73: Building] INFO  o.e.m.c.i.embedder.EclipseLogger - Using 'UTF-8' encoding to copy filtered properties files.
2026-10-08 12:37:20,411 [Worker-73: Building] INFO  o.e.m.c.i.embedder.EclipseLogger - Copying 0 resource
2026-10-08 12:37:20,412 [Worker-73: Building] INFO  o.e.m.c.i.embedder.EclipseLogger - Copying 0 resource
2026-10-08 12:37:20,417 [Worker-73: Building] INFO  o.e.m.c.i.embedder.EclipseLogger - Using 'UTF-8' encoding to copy filtered resources.
2026-10-08 12:37:20,417 [Worker-73: Building] INFO  o.e.m.c.i.embedder.EclipseLogger - Using 'UTF-8' encoding to copy filtered properties files.
2026-10-08 12:37:20,418 [Worker-73: Building] INFO  o.e.m.c.i.embedder.EclipseLogger - skip non existing resourceDirectory C:\Microservice_Practice_2\CompanyMicorservice\src\test\resources
2026-10-08 12:37:22,973 [Worker-68: Building] INFO  o.e.m.c.i.embedder.EclipseLogger - Using 'UTF-8' encoding to copy filtered resources.
2026-10-08 12:37:22,973 [Worker-68: Building] INFO  o.e.m.c.i.embedder.EclipseLogger - Using 'UTF-8' encoding to copy filtered properties files.
2026-10-08 12:37:22,973 [Worker-68: Building] INFO  o.e.m.c.i.embedder.EclipseLogger - Copying 2 resources
2026-10-08 12:37:23,013 [Worker-68: Building] INFO  o.e.m.c.i.embedder.EclipseLogger - Copying 1 resource
2026-10-08 12:37:23,024 [Worker-68: Building] INFO  o.e.m.c.i.embedder.EclipseLogger - Using 'UTF-8' encoding to copy filtered resources.
2026-10-08 12:37:23,024 [Worker-68: Building] INFO  o.e.m.c.i.embedder.EclipseLogger - Using 'UTF-8' encoding to copy filtered properties files.
2026-10-08 12:37:23,024 [Worker-68: Building] INFO  o.e.m.c.i.embedder.EclipseLogger - skip non existing resourceDirectory C:\Microservice_practice_4\EmployeeMicorservice\src\test\resources
2026-10-08 12:37:25,485 [Worker-30: Building] INFO  o.e.m.c.i.embedder.EclipseLogger - Using 'UTF-8' encoding to copy filtered resources.
2026-10-08 12:37:25,485 [Worker-30: Building] INFO  o.e.m.c.i.embedder.EclipseLogger - Using 'UTF-8' encoding to copy filtered properties files.
2026-10-08 12:37:25,485 [Worker-30: Building] INFO  o.e.m.c.i.embedder.EclipseLogger - Copying 0 resource
2026-10-08 12:37:25,485 [Worker-30: Building] INFO  o.e.m.c.i.embedder.EclipseLogger - Copying 0 resource
2026-10-08 12:37:25,488 [Worker-30: Building] INFO  o.e.m.c.i.embedder.EclipseLogger - Using 'UTF-8' encoding to copy filtered resources.
2026-10-08 12:37:25,488 [Worker-30: Building] INFO  o.e.m.c.i.embedder.EclipseLogger - Using 'UTF-8' encoding to copy filtered properties files.
2026-10-08 12:37:25,488 [Worker-30: Building] INFO  o.e.m.c.i.embedder.EclipseLogger - skip non existing resourceDirectory C:\Microservice_practice_4\MicroserviceGateWay\src\test\resources
2026-10-08 12:40:53,624 [Worker-69: Building] INFO  o.e.m.c.i.l.LifecycleMappingFactory - Using org.eclipse.m2e.jdt.JarLifecycleMapping lifecycle mapping for MavenProject: com.gaurav:EmployeeMicorservice:0.0.1-SNAPSHOT @ C:\Microservice_practice_4\EmployeeMicorservice\pom.xml.
2026-10-08 12:40:54,320 [Worker-69: Building] INFO  o.e.m.c.i.e.AbstractTransferListenerAdapter - Downloaded https://repo.maven.apache.org/maven2/org/springframework/cloud/spring-cloud-starter-consul-config/3.1.4/spring-cloud-starter-consul-config-3.1.4.pom
2026-10-08 12:40:54,334 [Worker-69: Building] INFO  o.e.m.c.i.e.AbstractTransferListenerAdapter - Downloaded https://repo.maven.apache.org/maven2/org/springframework/cloud/spring-cloud-starter-bootstrap/3.1.7/spring-cloud-starter-bootstrap-3.1.7.pom
2026-10-08 12:40:54,342 [Worker-69: Building] INFO  o.e.m.c.i.e.AbstractTransferListenerAdapter - Downloaded https://repo.maven.apache.org/maven2/org/springframework/cloud/spring-cloud-starter-openfeign/3.1.8/spring-cloud-starter-openfeign-3.1.8.pom
2026-10-08 12:40:54,394 [Worker-69: Building] INFO  o.e.m.c.i.e.AbstractTransferListenerAdapter - Downloaded https://repo.maven.apache.org/maven2/io/github/resilience4j/resilience4j-spring/1.7.0/resilience4j-spring-1.7.0.pom
2026-10-08 12:40:54,401 [Worker-69: Building] INFO  o.e.m.c.i.e.AbstractTransferListenerAdapter - Downloaded https://repo.maven.apache.org/maven2/io/github/resilience4j/resilience4j-micrometer/1.7.0/resilience4j-micrometer-1.7.0.pom
2026-10-08 12:40:55,355 [Worker-69: Building] INFO  o.e.m.c.i.embedder.EclipseLogger - Using 'UTF-8' encoding to copy filtered resources.
2026-10-08 12:40:55,355 [Worker-69: Building] INFO  o.e.m.c.i.embedder.EclipseLogger - Using 'UTF-8' encoding to copy filtered properties files.
2026-10-08 12:40:55,356 [Worker-69: Building] INFO  o.e.m.c.i.embedder.EclipseLogger - Copying 0 resource
2026-10-08 12:40:55,356 [Worker-69: Building] INFO  o.e.m.c.i.embedder.EclipseLogger - Copying 0 resource
2026-10-08 12:40:55,360 [Worker-69: Building] INFO  o.e.m.c.i.embedder.EclipseLogger - Using 'UTF-8' encoding to copy filtered resources.
2026-10-08 12:40:55,360 [Worker-69: Building] INFO  o.e.m.c.i.embedder.EclipseLogger - Using 'UTF-8' encoding to copy filtered properties files.
2026-10-08 12:40:55,360 [Worker-69: Building] INFO  o.e.m.c.i.embedder.EclipseLogger - skip non existing resourceDirectory C:\Microservice_practice_4\EmployeeMicorservice\src\test\resources
2026-10-08 12:40:57,535 [Worker-71: Download sources and javadoc] INFO  o.e.m.c.i.e.AbstractTransferListenerAdapter - Downloaded https://repo.maven.apache.org/maven2/org/springframework/cloud/spring-cloud-starter-consul-config/3.1.4/spring-cloud-starter-consul-config-3.1.4-sources.jar
2026-10-08 12:40:57,540 [Worker-71: Download sources and javadoc] ERROR o.e.m.j.internal.DownloadSourcesJob - Could not download sources for org.springframework.cloud:spring-cloud-starter-consul-config:3.1.4
org.eclipse.core.runtime.CoreException: Could not resolve artifact org.springframework.cloud:spring-cloud-starter-consul-config:jar:sources:3.1.4
	at org.eclipse.m2e.core.internal.embedder.MavenImpl.lambda$4(MavenImpl.java:803) ~[org.eclipse.m2e.core_1.15.0.20200305-1308.jar:na]
	at org.eclipse.m2e.core.internal.embedder.MavenExecutionContext.executeBare(MavenExecutionContext.java:179) ~[org.eclipse.m2e.core_1.15.0.20200305-1308.jar:na]
	at org.eclipse.m2e.core.internal.embedder.MavenExecutionContext.execute(MavenExecutionContext.java:114) ~[org.eclipse.m2e.core_1.15.0.20200305-1308.jar:na]
	at org.eclipse.m2e.core.internal.embedder.MavenExecutionContext.execute(MavenExecutionContext.java:101) ~[org.eclipse.m2e.core_1.15.0.20200305-1308.jar:na]
	at org.eclipse.m2e.core.internal.embedder.MavenImpl.resolve(MavenImpl.java:771) ~[org.eclipse.m2e.core_1.15.0.20200305-1308.jar:na]
	at org.eclipse.m2e.core.internal.embedder.MavenImpl.resolve(MavenImpl.java:748) ~[org.eclipse.m2e.core_1.15.0.20200305-1308.jar:na]
	at org.eclipse.m2e.jdt.internal.DownloadSourcesJob.download(DownloadSourcesJob.java:330) [org.eclipse.m2e.jdt_1.15.0.20200226-1722.jar:na]
	at org.eclipse.m2e.jdt.internal.DownloadSourcesJob.downloadAttachments(DownloadSourcesJob.java:304) [org.eclipse.m2e.jdt_1.15.0.20200226-1722.jar:na]
	at org.eclipse.m2e.jdt.internal.DownloadSourcesJob.downloadMaven(DownloadSourcesJob.java:269) [org.eclipse.m2e.jdt_1.15.0.20200226-1722.jar:na]
	at org.eclipse.m2e.jdt.internal.DownloadSourcesJob.downloadFilesAndPopulateToUpdate(DownloadSourcesJob.java:233) [org.eclipse.m2e.jdt_1.15.0.20200226-1722.jar:na]
	at org.eclipse.m2e.jdt.internal.DownloadSourcesJob.lambda$0(DownloadSourcesJob.java:161) [org.eclipse.m2e.jdt_1.15.0.20200226-1722.jar:na]
	at org.eclipse.m2e.core.internal.embedder.MavenExecutionContext.executeBare(MavenExecutionContext.java:179) ~[org.eclipse.m2e.core_1.15.0.20200305-1308.jar:na]
	at org.eclipse.m2e.core.internal.embedder.MavenExecutionContext.execute(MavenExecutionContext.java:153) ~[org.eclipse.m2e.core_1.15.0.20200305-1308.jar:na]
	at org.eclipse.m2e.core.internal.embedder.MavenExecutionContext.execute(MavenExecutionContext.java:101) ~[org.eclipse.m2e.core_1.15.0.20200305-1308.jar:na]
	at org.eclipse.m2e.core.internal.embedder.MavenImpl.execute(MavenImpl.java:1373) ~[org.eclipse.m2e.core_1.15.0.20200305-1308.jar:na]
	at org.eclipse.m2e.jdt.internal.DownloadSourcesJob.run(DownloadSourcesJob.java:161) [org.eclipse.m2e.jdt_1.15.0.20200226-1722.jar:na]
	at org.eclipse.core.internal.jobs.Worker.run(Worker.java:63) ~[org.eclipse.core.jobs_3.10.700.v20200106-1020.jar:na]
2026-10-08 12:40:57,551 [Worker-71: Download sources and javadoc] INFO  o.e.m.c.i.e.AbstractTransferListenerAdapter - Downloaded https://repo.maven.apache.org/maven2/org/springframework/cloud/spring-cloud-starter-bootstrap/3.1.7/spring-cloud-starter-bootstrap-3.1.7-sources.jar
2026-10-08 12:40:57,559 [Worker-71: Download sources and javadoc] ERROR o.e.m.j.internal.DownloadSourcesJob - Could not download sources for org.springframework.cloud:spring-cloud-starter-bootstrap:3.1.7
org.eclipse.core.runtime.CoreException: Could not resolve artifact org.springframework.cloud:spring-cloud-starter-bootstrap:jar:sources:3.1.7
	at org.eclipse.m2e.core.internal.embedder.MavenImpl.lambda$4(MavenImpl.java:803) ~[org.eclipse.m2e.core_1.15.0.20200305-1308.jar:na]
	at org.eclipse.m2e.core.internal.embedder.MavenExecutionContext.executeBare(MavenExecutionContext.java:179) ~[org.eclipse.m2e.core_1.15.0.20200305-1308.jar:na]
	at org.eclipse.m2e.core.internal.embedder.MavenExecutionContext.execute(MavenExecutionContext.java:114) ~[org.eclipse.m2e.core_1.15.0.20200305-1308.jar:na]
	at org.eclipse.m2e.core.internal.embedder.MavenExecutionContext.execute(MavenExecutionContext.java:101) ~[org.eclipse.m2e.core_1.15.0.20200305-1308.jar:na]
	at org.eclipse.m2e.core.internal.embedder.MavenImpl.resolve(MavenImpl.java:771) ~[org.eclipse.m2e.core_1.15.0.20200305-1308.jar:na]
	at org.eclipse.m2e.core.internal.embedder.MavenImpl.resolve(MavenImpl.java:748) ~[org.eclipse.m2e.core_1.15.0.20200305-1308.jar:na]
	at org.eclipse.m2e.jdt.internal.DownloadSourcesJob.download(DownloadSourcesJob.java:330) [org.eclipse.m2e.jdt_1.15.0.20200226-1722.jar:na]
	at org.eclipse.m2e.jdt.internal.DownloadSourcesJob.downloadAttachments(DownloadSourcesJob.java:304) [org.eclipse.m2e.jdt_1.15.0.20200226-1722.jar:na]
	at org.eclipse.m2e.jdt.internal.DownloadSourcesJob.downloadMaven(DownloadSourcesJob.java:269) [org.eclipse.m2e.jdt_1.15.0.20200226-1722.jar:na]
	at org.eclipse.m2e.jdt.internal.DownloadSourcesJob.downloadFilesAndPopulateToUpdate(DownloadSourcesJob.java:233) [org.eclipse.m2e.jdt_1.15.0.20200226-1722.jar:na]
	at org.eclipse.m2e.jdt.internal.DownloadSourcesJob.lambda$0(DownloadSourcesJob.java:161) [org.eclipse.m2e.jdt_1.15.0.20200226-1722.jar:na]
	at org.eclipse.m2e.core.internal.embedder.MavenExecutionContext.executeBare(MavenExecutionContext.java:179) ~[org.eclipse.m2e.core_1.15.0.20200305-1308.jar:na]
	at org.eclipse.m2e.core.internal.embedder.MavenExecutionContext.execute(MavenExecutionContext.java:153) ~[org.eclipse.m2e.core_1.15.0.20200305-1308.jar:na]
	at org.eclipse.m2e.core.internal.embedder.MavenExecutionContext.execute(MavenExecutionContext.java:101) ~[org.eclipse.m2e.core_1.15.0.20200305-1308.jar:na]
	at org.eclipse.m2e.core.internal.embedder.MavenImpl.execute(MavenImpl.java:1373) ~[org.eclipse.m2e.core_1.15.0.20200305-1308.jar:na]
	at org.eclipse.m2e.jdt.internal.DownloadSourcesJob.run(DownloadSourcesJob.java:161) [org.eclipse.m2e.jdt_1.15.0.20200226-1722.jar:na]
	at org.eclipse.core.internal.jobs.Worker.run(Worker.java:63) ~[org.eclipse.core.jobs_3.10.700.v20200106-1020.jar:na]
2026-10-08 12:40:57,572 [Worker-71: Download sources and javadoc] INFO  o.e.m.c.i.e.AbstractTransferListenerAdapter - Downloaded https://repo.maven.apache.org/maven2/org/springframework/cloud/spring-cloud-starter-openfeign/3.1.8/spring-cloud-starter-openfeign-3.1.8-sources.jar
2026-10-08 12:40:57,578 [Worker-71: Download sources and javadoc] ERROR o.e.m.j.internal.DownloadSourcesJob - Could not download sources for org.springframework.cloud:spring-cloud-starter-openfeign:3.1.8
org.eclipse.core.runtime.CoreException: Could not resolve artifact org.springframework.cloud:spring-cloud-starter-openfeign:jar:sources:3.1.8
	at org.eclipse.m2e.core.internal.embedder.MavenImpl.lambda$4(MavenImpl.java:803) ~[org.eclipse.m2e.core_1.15.0.20200305-1308.jar:na]
	at org.eclipse.m2e.core.internal.embedder.MavenExecutionContext.executeBare(MavenExecutionContext.java:179) ~[org.eclipse.m2e.core_1.15.0.20200305-1308.jar:na]
	at org.eclipse.m2e.core.internal.embedder.MavenExecutionContext.execute(MavenExecutionContext.java:114) ~[org.eclipse.m2e.core_1.15.0.20200305-1308.jar:na]
	at org.eclipse.m2e.core.internal.embedder.MavenExecutionContext.execute(MavenExecutionContext.java:101) ~[org.eclipse.m2e.core_1.15.0.20200305-1308.jar:na]
	at org.eclipse.m2e.core.internal.embedder.MavenImpl.resolve(MavenImpl.java:771) ~[org.eclipse.m2e.core_1.15.0.20200305-1308.jar:na]
	at org.eclipse.m2e.core.internal.embedder.MavenImpl.resolve(MavenImpl.java:748) ~[org.eclipse.m2e.core_1.15.0.20200305-1308.jar:na]
	at org.eclipse.m2e.jdt.internal.DownloadSourcesJob.download(DownloadSourcesJob.java:330) [org.eclipse.m2e.jdt_1.15.0.20200226-1722.jar:na]
	at org.eclipse.m2e.jdt.internal.DownloadSourcesJob.downloadAttachments(DownloadSourcesJob.java:304) [org.eclipse.m2e.jdt_1.15.0.20200226-1722.jar:na]
	at org.eclipse.m2e.jdt.internal.DownloadSourcesJob.downloadMaven(DownloadSourcesJob.java:269) [org.eclipse.m2e.jdt_1.15.0.20200226-1722.jar:na]
	at org.eclipse.m2e.jdt.internal.DownloadSourcesJob.downloadFilesAndPopulateToUpdate(DownloadSourcesJob.java:233) [org.eclipse.m2e.jdt_1.15.0.20200226-1722.jar:na]
	at org.eclipse.m2e.jdt.internal.DownloadSourcesJob.lambda$0(DownloadSourcesJob.java:161) [org.eclipse.m2e.jdt_1.15.0.20200226-1722.jar:na]
	at org.eclipse.m2e.core.internal.embedder.MavenExecutionContext.executeBare(MavenExecutionContext.java:179) ~[org.eclipse.m2e.core_1.15.0.20200305-1308.jar:na]
	at org.eclipse.m2e.core.internal.embedder.MavenExecutionContext.execute(MavenExecutionContext.java:153) ~[org.eclipse.m2e.core_1.15.0.20200305-1308.jar:na]
	at org.eclipse.m2e.core.internal.embedder.MavenExecutionContext.execute(MavenExecutionContext.java:101) ~[org.eclipse.m2e.core_1.15.0.20200305-1308.jar:na]
	at org.eclipse.m2e.core.internal.embedder.MavenImpl.execute(MavenImpl.java:1373) ~[org.eclipse.m2e.core_1.15.0.20200305-1308.jar:na]
	at org.eclipse.m2e.jdt.internal.DownloadSourcesJob.run(DownloadSourcesJob.java:161) [org.eclipse.m2e.jdt_1.15.0.20200226-1722.jar:na]
	at org.eclipse.core.internal.jobs.Worker.run(Worker.java:63) ~[org.eclipse.core.jobs_3.10.700.v20200106-1020.jar:na]
2026-10-08 12:40:57,600 [Worker-71: Download sources and javadoc] INFO  o.e.m.c.i.e.AbstractTransferListenerAdapter - Downloaded https://repo.maven.apache.org/maven2/io/github/resilience4j/resilience4j-spring/1.7.0/resilience4j-spring-1.7.0-sources.jar
2026-10-08 12:40:57,603 [Worker-71: Download sources and javadoc] ERROR o.e.m.j.internal.DownloadSourcesJob - Could not download sources for io.github.resilience4j:resilience4j-spring:1.7.0
org.eclipse.core.runtime.CoreException: Could not resolve artifact io.github.resilience4j:resilience4j-spring:jar:sources:1.7.0
	at org.eclipse.m2e.core.internal.embedder.MavenImpl.lambda$4(MavenImpl.java:803) ~[org.eclipse.m2e.core_1.15.0.20200305-1308.jar:na]
	at org.eclipse.m2e.core.internal.embedder.MavenExecutionContext.executeBare(MavenExecutionContext.java:179) ~[org.eclipse.m2e.core_1.15.0.20200305-1308.jar:na]
	at org.eclipse.m2e.core.internal.embedder.MavenExecutionContext.execute(MavenExecutionContext.java:114) ~[org.eclipse.m2e.core_1.15.0.20200305-1308.jar:na]
	at org.eclipse.m2e.core.internal.embedder.MavenExecutionContext.execute(MavenExecutionContext.java:101) ~[org.eclipse.m2e.core_1.15.0.20200305-1308.jar:na]
	at org.eclipse.m2e.core.internal.embedder.MavenImpl.resolve(MavenImpl.java:771) ~[org.eclipse.m2e.core_1.15.0.20200305-1308.jar:na]
	at org.eclipse.m2e.core.internal.embedder.MavenImpl.resolve(MavenImpl.java:748) ~[org.eclipse.m2e.core_1.15.0.20200305-1308.jar:na]
	at org.eclipse.m2e.jdt.internal.DownloadSourcesJob.download(DownloadSourcesJob.java:330) [org.eclipse.m2e.jdt_1.15.0.20200226-1722.jar:na]
	at org.eclipse.m2e.jdt.internal.DownloadSourcesJob.downloadAttachments(DownloadSourcesJob.java:304) [org.eclipse.m2e.jdt_1.15.0.20200226-1722.jar:na]
	at org.eclipse.m2e.jdt.internal.DownloadSourcesJob.downloadMaven(DownloadSourcesJob.java:269) [org.eclipse.m2e.jdt_1.15.0.20200226-1722.jar:na]
	at org.eclipse.m2e.jdt.internal.DownloadSourcesJob.downloadFilesAndPopulateToUpdate(DownloadSourcesJob.java:233) [org.eclipse.m2e.jdt_1.15.0.20200226-1722.jar:na]
	at org.eclipse.m2e.jdt.internal.DownloadSourcesJob.lambda$0(DownloadSourcesJob.java:161) [org.eclipse.m2e.jdt_1.15.0.20200226-1722.jar:na]
	at org.eclipse.m2e.core.internal.embedder.MavenExecutionContext.executeBare(MavenExecutionContext.java:179) ~[org.eclipse.m2e.core_1.15.0.20200305-1308.jar:na]
	at org.eclipse.m2e.core.internal.embedder.MavenExecutionContext.execute(MavenExecutionContext.java:153) ~[org.eclipse.m2e.core_1.15.0.20200305-1308.jar:na]
	at org.eclipse.m2e.core.internal.embedder.MavenExecutionContext.execute(MavenExecutionContext.java:101) ~[org.eclipse.m2e.core_1.15.0.20200305-1308.jar:na]
	at org.eclipse.m2e.core.internal.embedder.MavenImpl.execute(MavenImpl.java:1373) ~[org.eclipse.m2e.core_1.15.0.20200305-1308.jar:na]
	at org.eclipse.m2e.jdt.internal.DownloadSourcesJob.run(DownloadSourcesJob.java:161) [org.eclipse.m2e.jdt_1.15.0.20200226-1722.jar:na]
	at org.eclipse.core.internal.jobs.Worker.run(Worker.java:63) ~[org.eclipse.core.jobs_3.10.700.v20200106-1020.jar:na]
2026-10-08 12:40:57,614 [Worker-71: Download sources and javadoc] INFO  o.e.m.c.i.e.AbstractTransferListenerAdapter - Downloaded https://repo.maven.apache.org/maven2/io/github/resilience4j/resilience4j-micrometer/1.7.0/resilience4j-micrometer-1.7.0-sources.jar
2026-10-08 12:40:57,621 [Worker-71: Download sources and javadoc] ERROR o.e.m.j.internal.DownloadSourcesJob - Could not download sources for io.github.resilience4j:resilience4j-micrometer:1.7.0
org.eclipse.core.runtime.CoreException: Could not resolve artifact io.github.resilience4j:resilience4j-micrometer:jar:sources:1.7.0
	at org.eclipse.m2e.core.internal.embedder.MavenImpl.lambda$4(MavenImpl.java:803) ~[org.eclipse.m2e.core_1.15.0.20200305-1308.jar:na]
	at org.eclipse.m2e.core.internal.embedder.MavenExecutionContext.executeBare(MavenExecutionContext.java:179) ~[org.eclipse.m2e.core_1.15.0.20200305-1308.jar:na]
	at org.eclipse.m2e.core.internal.embedder.MavenExecutionContext.execute(MavenExecutionContext.java:114) ~[org.eclipse.m2e.core_1.15.0.20200305-1308.jar:na]
	at org.eclipse.m2e.core.internal.embedder.MavenExecutionContext.execute(MavenExecutionContext.java:101) ~[org.eclipse.m2e.core_1.15.0.20200305-1308.jar:na]
	at org.eclipse.m2e.core.internal.embedder.MavenImpl.resolve(MavenImpl.java:771) ~[org.eclipse.m2e.core_1.15.0.20200305-1308.jar:na]
	at org.eclipse.m2e.core.internal.embedder.MavenImpl.resolve(MavenImpl.java:748) ~[org.eclipse.m2e.core_1.15.0.20200305-1308.jar:na]
	at org.eclipse.m2e.jdt.internal.DownloadSourcesJob.download(DownloadSourcesJob.java:330) [org.eclipse.m2e.jdt_1.15.0.20200226-1722.jar:na]
	at org.eclipse.m2e.jdt.internal.DownloadSourcesJob.downloadAttachments(DownloadSourcesJob.java:304) [org.eclipse.m2e.jdt_1.15.0.20200226-1722.jar:na]
	at org.eclipse.m2e.jdt.internal.DownloadSourcesJob.downloadMaven(DownloadSourcesJob.java:269) [org.eclipse.m2e.jdt_1.15.0.20200226-1722.jar:na]
	at org.eclipse.m2e.jdt.internal.DownloadSourcesJob.downloadFilesAndPopulateToUpdate(DownloadSourcesJob.java:233) [org.eclipse.m2e.jdt_1.15.0.20200226-1722.jar:na]
	at org.eclipse.m2e.jdt.internal.DownloadSourcesJob.lambda$0(DownloadSourcesJob.java:161) [org.eclipse.m2e.jdt_1.15.0.20200226-1722.jar:na]
	at org.eclipse.m2e.core.internal.embedder.MavenExecutionContext.executeBare(MavenExecutionContext.java:179) ~[org.eclipse.m2e.core_1.15.0.20200305-1308.jar:na]
	at org.eclipse.m2e.core.internal.embedder.MavenExecutionContext.execute(MavenExecutionContext.java:153) ~[org.eclipse.m2e.core_1.15.0.20200305-1308.jar:na]
	at org.eclipse.m2e.core.internal.embedder.MavenExecutionContext.execute(MavenExecutionContext.java:101) ~[org.eclipse.m2e.core_1.15.0.20200305-1308.jar:na]
	at org.eclipse.m2e.core.internal.embedder.MavenImpl.execute(MavenImpl.java:1373) ~[org.eclipse.m2e.core_1.15.0.20200305-1308.jar:na]
	at org.eclipse.m2e.jdt.internal.DownloadSourcesJob.run(DownloadSourcesJob.java:161) [org.eclipse.m2e.jdt_1.15.0.20200226-1722.jar:na]
	at org.eclipse.core.internal.jobs.Worker.run(Worker.java:63) ~[org.eclipse.core.jobs_3.10.700.v20200106-1020.jar:na]
2026-10-08 12:41:11,540 [Worker-30: Updating Maven Project] INFO  o.e.m.c.i.p.ProjectConfigurationManager - Update started
2026-10-08 12:41:12,699 [Worker-30: Updating Maven Project] INFO  o.e.m.c.i.l.LifecycleMappingFactory - Using org.eclipse.m2e.jdt.JarLifecycleMapping lifecycle mapping for MavenProject: com.gateway:MicroserviceGateWay:0.0.1-SNAPSHOT @ C:\Microservice_practice_4\MicroserviceGateWay\pom.xml.
2026-10-08 12:41:13,535 [Worker-30: Updating Maven Project] INFO  o.e.m.c.i.l.LifecycleMappingFactory - Using org.eclipse.m2e.jdt.JarLifecycleMapping lifecycle mapping for MavenProject: com.gaurav:CompanyMicorservice:0.0.1-SNAPSHOT @ C:\Microservice_Practice_2\CompanyMicorservice\pom.xml.
2026-10-08 12:41:14,445 [Worker-30: Updating Maven Project] INFO  o.e.m.c.i.l.LifecycleMappingFactory - Using org.eclipse.m2e.jdt.JarLifecycleMapping lifecycle mapping for MavenProject: com.gaurav:EmployeeMicorservice:0.0.1-SNAPSHOT @ C:\Microservice_practice_4\EmployeeMicorservice\pom.xml.
2026-10-08 12:41:14,465 [Worker-30: Updating Maven Project] INFO  o.e.m.c.i.e.AbstractTransferListenerAdapter - Downloaded https://repo.maven.apache.org/maven2/org/springframework/cloud/spring-cloud-starter-consul-config/3.1.4/spring-cloud-starter-consul-config-3.1.4.pom
2026-10-08 12:41:14,472 [Worker-30: Updating Maven Project] INFO  o.e.m.c.i.e.AbstractTransferListenerAdapter - Downloaded https://repo.maven.apache.org/maven2/org/springframework/cloud/spring-cloud-starter-bootstrap/3.1.7/spring-cloud-starter-bootstrap-3.1.7.pom
2026-10-08 12:41:14,479 [Worker-30: Updating Maven Project] INFO  o.e.m.c.i.e.AbstractTransferListenerAdapter - Downloaded https://repo.maven.apache.org/maven2/org/springframework/cloud/spring-cloud-starter-openfeign/3.1.8/spring-cloud-starter-openfeign-3.1.8.pom
2026-10-08 12:41:14,497 [Worker-30: Updating Maven Project] INFO  o.e.m.c.i.e.AbstractTransferListenerAdapter - Downloaded https://repo.maven.apache.org/maven2/io/github/resilience4j/resilience4j-spring/1.7.0/resilience4j-spring-1.7.0.pom
2026-10-08 12:41:14,503 [Worker-30: Updating Maven Project] INFO  o.e.m.c.i.e.AbstractTransferListenerAdapter - Downloaded https://repo.maven.apache.org/maven2/io/github/resilience4j/resilience4j-micrometer/1.7.0/resilience4j-micrometer-1.7.0.pom
2026-10-08 12:41:15,820 [Worker-30: Updating Maven Project] INFO  o.e.m.j.i.AbstractJavaProjectConfigurator - Adding source folder /EmployeeMicorservice/src/main/java
2026-10-08 12:41:15,821 [Worker-30: Updating Maven Project] INFO  o.e.m.j.i.AbstractJavaProjectConfigurator - Adding resource folder /EmployeeMicorservice/src/main/resources
2026-10-08 12:41:15,821 [Worker-30: Updating Maven Project] INFO  o.e.m.j.i.AbstractJavaProjectConfigurator - Adding resource folder /EmployeeMicorservice/src/main/resources
2026-10-08 12:41:15,822 [Worker-30: Updating Maven Project] INFO  o.e.m.j.i.AbstractJavaProjectConfigurator - Adding source folder /EmployeeMicorservice/src/test/java
2026-10-08 12:41:17,063 [Worker-30: Updating Maven Project] INFO  o.e.m.c.i.p.ProjectConfigurationManager - Update completed: 5 sec
2026-10-08 12:41:18,204 [Worker-69: Download sources and javadoc] INFO  o.e.m.c.i.e.AbstractTransferListenerAdapter - Downloaded https://repo.maven.apache.org/maven2/org/springframework/cloud/spring-cloud-starter-consul-config/3.1.4/spring-cloud-starter-consul-config-3.1.4-javadoc.jar
2026-10-08 12:41:18,207 [Worker-69: Download sources and javadoc] ERROR o.e.m.j.internal.DownloadSourcesJob - Could not download javadoc for org.springframework.cloud:spring-cloud-starter-consul-config:3.1.4
org.eclipse.core.runtime.CoreException: Could not resolve artifact org.springframework.cloud:spring-cloud-starter-consul-config:jar:javadoc:3.1.4
	at org.eclipse.m2e.core.internal.embedder.MavenImpl.lambda$4(MavenImpl.java:803) ~[org.eclipse.m2e.core_1.15.0.20200305-1308.jar:na]
	at org.eclipse.m2e.core.internal.embedder.MavenExecutionContext.executeBare(MavenExecutionContext.java:179) ~[org.eclipse.m2e.core_1.15.0.20200305-1308.jar:na]
	at org.eclipse.m2e.core.internal.embedder.MavenExecutionContext.execute(MavenExecutionContext.java:114) ~[org.eclipse.m2e.core_1.15.0.20200305-1308.jar:na]
	at org.eclipse.m2e.core.internal.embedder.MavenExecutionContext.execute(MavenExecutionContext.java:101) ~[org.eclipse.m2e.core_1.15.0.20200305-1308.jar:na]
	at org.eclipse.m2e.core.internal.embedder.MavenImpl.resolve(MavenImpl.java:771) ~[org.eclipse.m2e.core_1.15.0.20200305-1308.jar:na]
	at org.eclipse.m2e.core.internal.embedder.MavenImpl.resolve(MavenImpl.java:748) ~[org.eclipse.m2e.core_1.15.0.20200305-1308.jar:na]
	at org.eclipse.m2e.jdt.internal.DownloadSourcesJob.download(DownloadSourcesJob.java:330) [org.eclipse.m2e.jdt_1.15.0.20200226-1722.jar:na]
	at org.eclipse.m2e.jdt.internal.DownloadSourcesJob.downloadAttachments(DownloadSourcesJob.java:316) [org.eclipse.m2e.jdt_1.15.0.20200226-1722.jar:na]
	at org.eclipse.m2e.jdt.internal.DownloadSourcesJob.downloadMaven(DownloadSourcesJob.java:269) [org.eclipse.m2e.jdt_1.15.0.20200226-1722.jar:na]
	at org.eclipse.m2e.jdt.internal.DownloadSourcesJob.downloadFilesAndPopulateToUpdate(DownloadSourcesJob.java:233) [org.eclipse.m2e.jdt_1.15.0.20200226-1722.jar:na]
	at org.eclipse.m2e.jdt.internal.DownloadSourcesJob.lambda$0(DownloadSourcesJob.java:161) [org.eclipse.m2e.jdt_1.15.0.20200226-1722.jar:na]
	at org.eclipse.m2e.core.internal.embedder.MavenExecutionContext.executeBare(MavenExecutionContext.java:179) ~[org.eclipse.m2e.core_1.15.0.20200305-1308.jar:na]
	at org.eclipse.m2e.core.internal.embedder.MavenExecutionContext.execute(MavenExecutionContext.java:153) ~[org.eclipse.m2e.core_1.15.0.20200305-1308.jar:na]
	at org.eclipse.m2e.core.internal.embedder.MavenExecutionContext.execute(MavenExecutionContext.java:101) ~[org.eclipse.m2e.core_1.15.0.20200305-1308.jar:na]
	at org.eclipse.m2e.core.internal.embedder.MavenImpl.execute(MavenImpl.java:1373) ~[org.eclipse.m2e.core_1.15.0.20200305-1308.jar:na]
	at org.eclipse.m2e.jdt.internal.DownloadSourcesJob.run(DownloadSourcesJob.java:161) [org.eclipse.m2e.jdt_1.15.0.20200226-1722.jar:na]
	at org.eclipse.core.internal.jobs.Worker.run(Worker.java:63) ~[org.eclipse.core.jobs_3.10.700.v20200106-1020.jar:na]
2026-10-08 12:41:18,235 [Worker-69: Download sources and javadoc] INFO  o.e.m.c.i.e.AbstractTransferListenerAdapter - Downloaded https://repo.maven.apache.org/maven2/org/springframework/cloud/spring-cloud-starter-bootstrap/3.1.7/spring-cloud-starter-bootstrap-3.1.7-javadoc.jar
2026-10-08 12:41:18,238 [Worker-69: Download sources and javadoc] ERROR o.e.m.j.internal.DownloadSourcesJob - Could not download javadoc for org.springframework.cloud:spring-cloud-starter-bootstrap:3.1.7
org.eclipse.core.runtime.CoreException: Could not resolve artifact org.springframework.cloud:spring-cloud-starter-bootstrap:jar:javadoc:3.1.7
	at org.eclipse.m2e.core.internal.embedder.MavenImpl.lambda$4(MavenImpl.java:803) ~[org.eclipse.m2e.core_1.15.0.20200305-1308.jar:na]
	at org.eclipse.m2e.core.internal.embedder.MavenExecutionContext.executeBare(MavenExecutionContext.java:179) ~[org.eclipse.m2e.core_1.15.0.20200305-1308.jar:na]
	at org.eclipse.m2e.core.internal.embedder.MavenExecutionContext.execute(MavenExecutionContext.java:114) ~[org.eclipse.m2e.core_1.15.0.20200305-1308.jar:na]
	at org.eclipse.m2e.core.internal.embedder.MavenExecutionContext.execute(MavenExecutionContext.java:101) ~[org.eclipse.m2e.core_1.15.0.20200305-1308.jar:na]
	at org.eclipse.m2e.core.internal.embedder.MavenImpl.resolve(MavenImpl.java:771) ~[org.eclipse.m2e.core_1.15.0.20200305-1308.jar:na]
	at org.eclipse.m2e.core.internal.embedder.MavenImpl.resolve(MavenImpl.java:748) ~[org.eclipse.m2e.core_1.15.0.20200305-1308.jar:na]
	at org.eclipse.m2e.jdt.internal.DownloadSourcesJob.download(DownloadSourcesJob.java:330) [org.eclipse.m2e.jdt_1.15.0.20200226-1722.jar:na]
	at org.eclipse.m2e.jdt.internal.DownloadSourcesJob.downloadAttachments(DownloadSourcesJob.java:316) [org.eclipse.m2e.jdt_1.15.0.20200226-1722.jar:na]
	at org.eclipse.m2e.jdt.internal.DownloadSourcesJob.downloadMaven(DownloadSourcesJob.java:269) [org.eclipse.m2e.jdt_1.15.0.20200226-1722.jar:na]
	at org.eclipse.m2e.jdt.internal.DownloadSourcesJob.downloadFilesAndPopulateToUpdate(DownloadSourcesJob.java:233) [org.eclipse.m2e.jdt_1.15.0.20200226-1722.jar:na]
	at org.eclipse.m2e.jdt.internal.DownloadSourcesJob.lambda$0(DownloadSourcesJob.java:161) [org.eclipse.m2e.jdt_1.15.0.20200226-1722.jar:na]
	at org.eclipse.m2e.core.internal.embedder.MavenExecutionContext.executeBare(MavenExecutionContext.java:179) ~[org.eclipse.m2e.core_1.15.0.20200305-1308.jar:na]
	at org.eclipse.m2e.core.internal.embedder.MavenExecutionContext.execute(MavenExecutionContext.java:153) ~[org.eclipse.m2e.core_1.15.0.20200305-1308.jar:na]
	at org.eclipse.m2e.core.internal.embedder.MavenExecutionContext.execute(MavenExecutionContext.java:101) ~[org.eclipse.m2e.core_1.15.0.20200305-1308.jar:na]
	at org.eclipse.m2e.core.internal.embedder.MavenImpl.execute(MavenImpl.java:1373) ~[org.eclipse.m2e.core_1.15.0.20200305-1308.jar:na]
	at org.eclipse.m2e.jdt.internal.DownloadSourcesJob.run(DownloadSourcesJob.java:161) [org.eclipse.m2e.jdt_1.15.0.20200226-1722.jar:na]
	at org.eclipse.core.internal.jobs.Worker.run(Worker.java:63) ~[org.eclipse.core.jobs_3.10.700.v20200106-1020.jar:na]
2026-10-08 12:41:18,262 [Worker-69: Download sources and javadoc] INFO  o.e.m.c.i.e.AbstractTransferListenerAdapter - Downloaded https://repo.maven.apache.org/maven2/org/springframework/cloud/spring-cloud-starter-openfeign/3.1.8/spring-cloud-starter-openfeign-3.1.8-javadoc.jar
2026-10-08 12:41:18,265 [Worker-69: Download sources and javadoc] ERROR o.e.m.j.internal.DownloadSourcesJob - Could not download javadoc for org.springframework.cloud:spring-cloud-starter-openfeign:3.1.8
org.eclipse.core.runtime.CoreException: Could not resolve artifact org.springframework.cloud:spring-cloud-starter-openfeign:jar:javadoc:3.1.8
	at org.eclipse.m2e.core.internal.embedder.MavenImpl.lambda$4(MavenImpl.java:803) ~[org.eclipse.m2e.core_1.15.0.20200305-1308.jar:na]
	at org.eclipse.m2e.core.internal.embedder.MavenExecutionContext.executeBare(MavenExecutionContext.java:179) ~[org.eclipse.m2e.core_1.15.0.20200305-1308.jar:na]
	at org.eclipse.m2e.core.internal.embedder.MavenExecutionContext.execute(MavenExecutionContext.java:114) ~[org.eclipse.m2e.core_1.15.0.20200305-1308.jar:na]
	at org.eclipse.m2e.core.internal.embedder.MavenExecutionContext.execute(MavenExecutionContext.java:101) ~[org.eclipse.m2e.core_1.15.0.20200305-1308.jar:na]
	at org.eclipse.m2e.core.internal.embedder.MavenImpl.resolve(MavenImpl.java:771) ~[org.eclipse.m2e.core_1.15.0.20200305-1308.jar:na]
	at org.eclipse.m2e.core.internal.embedder.MavenImpl.resolve(MavenImpl.java:748) ~[org.eclipse.m2e.core_1.15.0.20200305-1308.jar:na]
	at org.eclipse.m2e.jdt.internal.DownloadSourcesJob.download(DownloadSourcesJob.java:330) [org.eclipse.m2e.jdt_1.15.0.20200226-1722.jar:na]
	at org.eclipse.m2e.jdt.internal.DownloadSourcesJob.downloadAttachments(DownloadSourcesJob.java:316) [org.eclipse.m2e.jdt_1.15.0.20200226-1722.jar:na]
	at org.eclipse.m2e.jdt.internal.DownloadSourcesJob.downloadMaven(DownloadSourcesJob.java:269) [org.eclipse.m2e.jdt_1.15.0.20200226-1722.jar:na]
	at org.eclipse.m2e.jdt.internal.DownloadSourcesJob.downloadFilesAndPopulateToUpdate(DownloadSourcesJob.java:233) [org.eclipse.m2e.jdt_1.15.0.20200226-1722.jar:na]
	at org.eclipse.m2e.jdt.internal.DownloadSourcesJob.lambda$0(DownloadSourcesJob.java:161) [org.eclipse.m2e.jdt_1.15.0.20200226-1722.jar:na]
	at org.eclipse.m2e.core.internal.embedder.MavenExecutionContext.executeBare(MavenExecutionContext.java:179) ~[org.eclipse.m2e.core_1.15.0.20200305-1308.jar:na]
	at org.eclipse.m2e.core.internal.embedder.MavenExecutionContext.execute(MavenExecutionContext.java:153) ~[org.eclipse.m2e.core_1.15.0.20200305-1308.jar:na]
	at org.eclipse.m2e.core.internal.embedder.MavenExecutionContext.execute(MavenExecutionContext.java:101) ~[org.eclipse.m2e.core_1.15.0.20200305-1308.jar:na]
	at org.eclipse.m2e.core.internal.embedder.MavenImpl.execute(MavenImpl.java:1373) ~[org.eclipse.m2e.core_1.15.0.20200305-1308.jar:na]
	at org.eclipse.m2e.jdt.internal.DownloadSourcesJob.run(DownloadSourcesJob.java:161) [org.eclipse.m2e.jdt_1.15.0.20200226-1722.jar:na]
	at org.eclipse.core.internal.jobs.Worker.run(Worker.java:63) ~[org.eclipse.core.jobs_3.10.700.v20200106-1020.jar:na]
2026-10-08 12:41:18,276 [Worker-69: Download sources and javadoc] INFO  o.e.m.c.i.e.AbstractTransferListenerAdapter - Downloaded https://repo.maven.apache.org/maven2/io/github/resilience4j/resilience4j-spring/1.7.0/resilience4j-spring-1.7.0-javadoc.jar
2026-10-08 12:41:18,279 [Worker-69: Download sources and javadoc] ERROR o.e.m.j.internal.DownloadSourcesJob - Could not download javadoc for io.github.resilience4j:resilience4j-spring:1.7.0
org.eclipse.core.runtime.CoreException: Could not resolve artifact io.github.resilience4j:resilience4j-spring:jar:javadoc:1.7.0
	at org.eclipse.m2e.core.internal.embedder.MavenImpl.lambda$4(MavenImpl.java:803) ~[org.eclipse.m2e.core_1.15.0.20200305-1308.jar:na]
	at org.eclipse.m2e.core.internal.embedder.MavenExecutionContext.executeBare(MavenExecutionContext.java:179) ~[org.eclipse.m2e.core_1.15.0.20200305-1308.jar:na]
	at org.eclipse.m2e.core.internal.embedder.MavenExecutionContext.execute(MavenExecutionContext.java:114) ~[org.eclipse.m2e.core_1.15.0.20200305-1308.jar:na]
	at org.eclipse.m2e.core.internal.embedder.MavenExecutionContext.execute(MavenExecutionContext.java:101) ~[org.eclipse.m2e.core_1.15.0.20200305-1308.jar:na]
	at org.eclipse.m2e.core.internal.embedder.MavenImpl.resolve(MavenImpl.java:771) ~[org.eclipse.m2e.core_1.15.0.20200305-1308.jar:na]
	at org.eclipse.m2e.core.internal.embedder.MavenImpl.resolve(MavenImpl.java:748) ~[org.eclipse.m2e.core_1.15.0.20200305-1308.jar:na]
	at org.eclipse.m2e.jdt.internal.DownloadSourcesJob.download(DownloadSourcesJob.java:330) [org.eclipse.m2e.jdt_1.15.0.20200226-1722.jar:na]
	at org.eclipse.m2e.jdt.internal.DownloadSourcesJob.downloadAttachments(DownloadSourcesJob.java:316) [org.eclipse.m2e.jdt_1.15.0.20200226-1722.jar:na]
	at org.eclipse.m2e.jdt.internal.DownloadSourcesJob.downloadMaven(DownloadSourcesJob.java:269) [org.eclipse.m2e.jdt_1.15.0.20200226-1722.jar:na]
	at org.eclipse.m2e.jdt.internal.DownloadSourcesJob.downloadFilesAndPopulateToUpdate(DownloadSourcesJob.java:233) [org.eclipse.m2e.jdt_1.15.0.20200226-1722.jar:na]
	at org.eclipse.m2e.jdt.internal.DownloadSourcesJob.lambda$0(DownloadSourcesJob.java:161) [org.eclipse.m2e.jdt_1.15.0.20200226-1722.jar:na]
	at org.eclipse.m2e.core.internal.embedder.MavenExecutionContext.executeBare(MavenExecutionContext.java:179) ~[org.eclipse.m2e.core_1.15.0.20200305-1308.jar:na]
	at org.eclipse.m2e.core.internal.embedder.MavenExecutionContext.execute(MavenExecutionContext.java:153) ~[org.eclipse.m2e.core_1.15.0.20200305-1308.jar:na]
	at org.eclipse.m2e.core.internal.embedder.MavenExecutionContext.execute(MavenExecutionContext.java:101) ~[org.eclipse.m2e.core_1.15.0.20200305-1308.jar:na]
	at org.eclipse.m2e.core.internal.embedder.MavenImpl.execute(MavenImpl.java:1373) ~[org.eclipse.m2e.core_1.15.0.20200305-1308.jar:na]
	at org.eclipse.m2e.jdt.internal.DownloadSourcesJob.run(DownloadSourcesJob.java:161) [org.eclipse.m2e.jdt_1.15.0.20200226-1722.jar:na]
	at org.eclipse.core.internal.jobs.Worker.run(Worker.java:63) ~[org.eclipse.core.jobs_3.10.700.v20200106-1020.jar:na]
2026-10-08 12:41:18,312 [Worker-69: Download sources and javadoc] INFO  o.e.m.c.i.e.AbstractTransferListenerAdapter - Downloaded https://repo.maven.apache.org/maven2/io/github/resilience4j/resilience4j-micrometer/1.7.0/resilience4j-micrometer-1.7.0-javadoc.jar
2026-10-08 12:41:18,315 [Worker-69: Download sources and javadoc] ERROR o.e.m.j.internal.DownloadSourcesJob - Could not download javadoc for io.github.resilience4j:resilience4j-micrometer:1.7.0
org.eclipse.core.runtime.CoreException: Could not resolve artifact io.github.resilience4j:resilience4j-micrometer:jar:javadoc:1.7.0
	at org.eclipse.m2e.core.internal.embedder.MavenImpl.lambda$4(MavenImpl.java:803) ~[org.eclipse.m2e.core_1.15.0.20200305-1308.jar:na]
	at org.eclipse.m2e.core.internal.embedder.MavenExecutionContext.executeBare(MavenExecutionContext.java:179) ~[org.eclipse.m2e.core_1.15.0.20200305-1308.jar:na]
	at org.eclipse.m2e.core.internal.embedder.MavenExecutionContext.execute(MavenExecutionContext.java:114) ~[org.eclipse.m2e.core_1.15.0.20200305-1308.jar:na]
	at org.eclipse.m2e.core.internal.embedder.MavenExecutionContext.execute(MavenExecutionContext.java:101) ~[org.eclipse.m2e.core_1.15.0.20200305-1308.jar:na]
	at org.eclipse.m2e.core.internal.embedder.MavenImpl.resolve(MavenImpl.java:771) ~[org.eclipse.m2e.core_1.15.0.20200305-1308.jar:na]
	at org.eclipse.m2e.core.internal.embedder.MavenImpl.resolve(MavenImpl.java:748) ~[org.eclipse.m2e.core_1.15.0.20200305-1308.jar:na]
	at org.eclipse.m2e.jdt.internal.DownloadSourcesJob.download(DownloadSourcesJob.java:330) [org.eclipse.m2e.jdt_1.15.0.20200226-1722.jar:na]
	at org.eclipse.m2e.jdt.internal.DownloadSourcesJob.downloadAttachments(DownloadSourcesJob.java:316) [org.eclipse.m2e.jdt_1.15.0.20200226-1722.jar:na]
	at org.eclipse.m2e.jdt.internal.DownloadSourcesJob.downloadMaven(DownloadSourcesJob.java:269) [org.eclipse.m2e.jdt_1.15.0.20200226-1722.jar:na]
	at org.eclipse.m2e.jdt.internal.DownloadSourcesJob.downloadFilesAndPopulateToUpdate(DownloadSourcesJob.java:233) [org.eclipse.m2e.jdt_1.15.0.20200226-1722.jar:na]
	at org.eclipse.m2e.jdt.internal.DownloadSourcesJob.lambda$0(DownloadSourcesJob.java:161) [org.eclipse.m2e.jdt_1.15.0.20200226-1722.jar:na]
	at org.eclipse.m2e.core.internal.embedder.MavenExecutionContext.executeBare(MavenExecutionContext.java:179) ~[org.eclipse.m2e.core_1.15.0.20200305-1308.jar:na]
	at org.eclipse.m2e.core.internal.embedder.MavenExecutionContext.execute(MavenExecutionContext.java:153) ~[org.eclipse.m2e.core_1.15.0.20200305-1308.jar:na]
	at org.eclipse.m2e.core.internal.embedder.MavenExecutionContext.execute(MavenExecutionContext.java:101) ~[org.eclipse.m2e.core_1.15.0.20200305-1308.jar:na]
	at org.eclipse.m2e.core.internal.embedder.MavenImpl.execute(MavenImpl.java:1373) ~[org.eclipse.m2e.core_1.15.0.20200305-1308.jar:na]
	at org.eclipse.m2e.jdt.internal.DownloadSourcesJob.run(DownloadSourcesJob.java:161) [org.eclipse.m2e.jdt_1.15.0.20200226-1722.jar:na]
	at org.eclipse.core.internal.jobs.Worker.run(Worker.java:63) ~[org.eclipse.core.jobs_3.10.700.v20200106-1020.jar:na]
2026-10-08 12:41:18,660 [Worker-30: Building] INFO  o.e.m.c.i.embedder.EclipseLogger - Using 'UTF-8' encoding to copy filtered resources.
2026-10-08 12:41:18,660 [Worker-30: Building] INFO  o.e.m.c.i.embedder.EclipseLogger - Using 'UTF-8' encoding to copy filtered properties files.
2026-10-08 12:41:18,667 [Worker-30: Building] INFO  o.e.m.c.i.embedder.EclipseLogger - Copying 0 resource
2026-10-08 12:41:18,667 [Worker-30: Building] INFO  o.e.m.c.i.embedder.EclipseLogger - Copying 0 resource
2026-10-08 12:41:18,671 [Worker-30: Building] INFO  o.e.m.c.i.embedder.EclipseLogger - Using 'UTF-8' encoding to copy filtered resources.
2026-10-08 12:41:18,671 [Worker-30: Building] INFO  o.e.m.c.i.embedder.EclipseLogger - Using 'UTF-8' encoding to copy filtered properties files.
2026-10-08 12:41:18,671 [Worker-30: Building] INFO  o.e.m.c.i.embedder.EclipseLogger - skip non existing resourceDirectory C:\Microservice_Practice_2\CompanyMicorservice\src\test\resources
2026-10-08 12:41:18,737 [Worker-30: Building] INFO  o.e.m.c.i.embedder.EclipseLogger - Using 'UTF-8' encoding to copy filtered resources.
2026-10-08 12:41:18,737 [Worker-30: Building] INFO  o.e.m.c.i.embedder.EclipseLogger - Using 'UTF-8' encoding to copy filtered properties files.
2026-10-08 12:41:18,737 [Worker-30: Building] INFO  o.e.m.c.i.embedder.EclipseLogger - Copying 2 resources
2026-10-08 12:41:18,784 [Worker-30: Building] INFO  o.e.m.c.i.embedder.EclipseLogger - Copying 1 resource
2026-10-08 12:41:18,791 [Worker-30: Building] INFO  o.e.m.c.i.embedder.EclipseLogger - Using 'UTF-8' encoding to copy filtered resources.
2026-10-08 12:41:18,791 [Worker-30: Building] INFO  o.e.m.c.i.embedder.EclipseLogger - Using 'UTF-8' encoding to copy filtered properties files.
2026-10-08 12:41:18,791 [Worker-30: Building] INFO  o.e.m.c.i.embedder.EclipseLogger - skip non existing resourceDirectory C:\Microservice_practice_4\EmployeeMicorservice\src\test\resources
2026-10-08 12:41:21,193 [Worker-30: Building] INFO  o.e.m.c.i.embedder.EclipseLogger - Using 'UTF-8' encoding to copy filtered resources.
2026-10-08 12:41:21,193 [Worker-30: Building] INFO  o.e.m.c.i.embedder.EclipseLogger - Using 'UTF-8' encoding to copy filtered properties files.
2026-10-08 12:41:21,194 [Worker-30: Building] INFO  o.e.m.c.i.embedder.EclipseLogger - Copying 0 resource
2026-10-08 12:41:21,194 [Worker-30: Building] INFO  o.e.m.c.i.embedder.EclipseLogger - Copying 0 resource
2026-10-08 12:41:21,196 [Worker-30: Building] INFO  o.e.m.c.i.embedder.EclipseLogger - Using 'UTF-8' encoding to copy filtered resources.
2026-10-08 12:41:21,196 [Worker-30: Building] INFO  o.e.m.c.i.embedder.EclipseLogger - Using 'UTF-8' encoding to copy filtered properties files.
2026-10-08 12:41:21,197 [Worker-30: Building] INFO  o.e.m.c.i.embedder.EclipseLogger - skip non existing resourceDirectory C:\Microservice_practice_4\MicroserviceGateWay\src\test\resources
2026-10-08 12:42:06,635 [Worker-74: Updating Maven Project] INFO  o.e.m.c.i.p.ProjectConfigurationManager - Update started
2026-10-08 12:42:07,925 [Worker-74: Updating Maven Project] INFO  o.e.m.c.i.l.LifecycleMappingFactory - Using org.eclipse.m2e.jdt.JarLifecycleMapping lifecycle mapping for MavenProject: com.gateway:MicroserviceGateWay:0.0.1-SNAPSHOT @ C:\Microservice_practice_4\MicroserviceGateWay\pom.xml.
2026-10-08 12:42:09,373 [Worker-74: Updating Maven Project] INFO  o.e.m.c.i.l.LifecycleMappingFactory - Using org.eclipse.m2e.jdt.JarLifecycleMapping lifecycle mapping for MavenProject: com.gaurav:CompanyMicorservice:0.0.1-SNAPSHOT @ C:\Microservice_Practice_2\CompanyMicorservice\pom.xml.
2026-10-08 12:42:10,373 [Worker-74: Updating Maven Project] INFO  o.e.m.c.i.l.LifecycleMappingFactory - Using org.eclipse.m2e.jdt.JarLifecycleMapping lifecycle mapping for MavenProject: com.gaurav:EmployeeMicorservice:0.0.1-SNAPSHOT @ C:\Microservice_practice_4\EmployeeMicorservice\pom.xml.
2026-10-08 12:42:10,395 [Worker-74: Updating Maven Project] INFO  o.e.m.c.i.e.AbstractTransferListenerAdapter - Downloaded https://repo.maven.apache.org/maven2/org/springframework/cloud/spring-cloud-starter-consul-config/3.1.4/spring-cloud-starter-consul-config-3.1.4.pom
2026-10-08 12:42:10,409 [Worker-74: Updating Maven Project] INFO  o.e.m.c.i.e.AbstractTransferListenerAdapter - Downloaded https://repo.maven.apache.org/maven2/org/springframework/cloud/spring-cloud-starter-bootstrap/3.1.7/spring-cloud-starter-bootstrap-3.1.7.pom
2026-10-08 12:42:10,417 [Worker-74: Updating Maven Project] INFO  o.e.m.c.i.e.AbstractTransferListenerAdapter - Downloaded https://repo.maven.apache.org/maven2/org/springframework/cloud/spring-cloud-starter-openfeign/3.1.8/spring-cloud-starter-openfeign-3.1.8.pom
2026-10-08 12:42:10,435 [Worker-74: Updating Maven Project] INFO  o.e.m.c.i.e.AbstractTransferListenerAdapter - Downloaded https://repo.maven.apache.org/maven2/io/github/resilience4j/resilience4j-spring/1.7.0/resilience4j-spring-1.7.0.pom
2026-10-08 12:42:10,441 [Worker-74: Updating Maven Project] INFO  o.e.m.c.i.e.AbstractTransferListenerAdapter - Downloaded https://repo.maven.apache.org/maven2/io/github/resilience4j/resilience4j-micrometer/1.7.0/resilience4j-micrometer-1.7.0.pom
2026-10-08 12:42:12,151 [Worker-74: Updating Maven Project] INFO  o.e.m.j.i.AbstractJavaProjectConfigurator - Adding source folder /EmployeeMicorservice/src/main/java
2026-10-08 12:42:12,152 [Worker-74: Updating Maven Project] INFO  o.e.m.j.i.AbstractJavaProjectConfigurator - Adding resource folder /EmployeeMicorservice/src/main/resources
2026-10-08 12:42:12,152 [Worker-74: Updating Maven Project] INFO  o.e.m.j.i.AbstractJavaProjectConfigurator - Adding resource folder /EmployeeMicorservice/src/main/resources
2026-10-08 12:42:12,153 [Worker-74: Updating Maven Project] INFO  o.e.m.j.i.AbstractJavaProjectConfigurator - Adding source folder /EmployeeMicorservice/src/test/java
2026-10-08 12:42:13,372 [Worker-74: Updating Maven Project] INFO  o.e.m.c.i.p.ProjectConfigurationManager - Update completed: 6 sec
2026-10-08 12:42:15,235 [Worker-30: Building] INFO  o.e.m.c.i.embedder.EclipseLogger - Using 'UTF-8' encoding to copy filtered resources.
2026-10-08 12:42:15,235 [Worker-30: Building] INFO  o.e.m.c.i.embedder.EclipseLogger - Using 'UTF-8' encoding to copy filtered properties files.
2026-10-08 12:42:15,242 [Worker-30: Building] INFO  o.e.m.c.i.embedder.EclipseLogger - Copying 0 resource
2026-10-08 12:42:15,242 [Worker-30: Building] INFO  o.e.m.c.i.embedder.EclipseLogger - Copying 0 resource
2026-10-08 12:42:15,251 [Worker-30: Building] INFO  o.e.m.c.i.embedder.EclipseLogger - Using 'UTF-8' encoding to copy filtered resources.
2026-10-08 12:42:15,251 [Worker-30: Building] INFO  o.e.m.c.i.embedder.EclipseLogger - Using 'UTF-8' encoding to copy filtered properties files.
2026-10-08 12:42:15,251 [Worker-30: Building] INFO  o.e.m.c.i.embedder.EclipseLogger - skip non existing resourceDirectory C:\Microservice_Practice_2\CompanyMicorservice\src\test\resources
2026-10-08 12:42:16,357 [Worker-74: Building] INFO  o.e.m.c.i.embedder.EclipseLogger - Using 'UTF-8' encoding to copy filtered resources.
2026-10-08 12:42:16,357 [Worker-74: Building] INFO  o.e.m.c.i.embedder.EclipseLogger - Using 'UTF-8' encoding to copy filtered properties files.
2026-10-08 12:42:16,357 [Worker-74: Building] INFO  o.e.m.c.i.embedder.EclipseLogger - Copying 2 resources
2026-10-08 12:42:16,396 [Worker-74: Building] INFO  o.e.m.c.i.embedder.EclipseLogger - Copying 1 resource
2026-10-08 12:42:16,402 [Worker-74: Building] INFO  o.e.m.c.i.embedder.EclipseLogger - Using 'UTF-8' encoding to copy filtered resources.
2026-10-08 12:42:16,402 [Worker-74: Building] INFO  o.e.m.c.i.embedder.EclipseLogger - Using 'UTF-8' encoding to copy filtered properties files.
2026-10-08 12:42:16,402 [Worker-74: Building] INFO  o.e.m.c.i.embedder.EclipseLogger - skip non existing resourceDirectory C:\Microservice_practice_4\EmployeeMicorservice\src\test\resources
2026-10-08 12:42:18,380 [Worker-79: Building] INFO  o.e.m.c.i.embedder.EclipseLogger - Using 'UTF-8' encoding to copy filtered resources.
2026-10-08 12:42:18,380 [Worker-79: Building] INFO  o.e.m.c.i.embedder.EclipseLogger - Using 'UTF-8' encoding to copy filtered properties files.
2026-10-08 12:42:18,380 [Worker-79: Building] INFO  o.e.m.c.i.embedder.EclipseLogger - Copying 0 resource
2026-10-08 12:42:18,381 [Worker-79: Building] INFO  o.e.m.c.i.embedder.EclipseLogger - Copying 0 resource
2026-10-08 12:42:18,383 [Worker-79: Building] INFO  o.e.m.c.i.embedder.EclipseLogger - Using 'UTF-8' encoding to copy filtered resources.
2026-10-08 12:42:18,383 [Worker-79: Building] INFO  o.e.m.c.i.embedder.EclipseLogger - Using 'UTF-8' encoding to copy filtered properties files.
2026-10-08 12:42:18,383 [Worker-79: Building] INFO  o.e.m.c.i.embedder.EclipseLogger - skip non existing resourceDirectory C:\Microservice_practice_4\MicroserviceGateWay\src\test\resources
2026-10-08 12:45:08,238 [Worker-84: Building] INFO  o.e.m.c.i.l.LifecycleMappingFactory - Using org.eclipse.m2e.jdt.JarLifecycleMapping lifecycle mapping for MavenProject: com.gaurav:EmployeeMicorservice:0.0.1-SNAPSHOT @ C:\Microservice_practice_4\EmployeeMicorservice\pom.xml.
2026-10-08 12:45:09,174 [Worker-84: Building] INFO  o.e.m.c.i.e.AbstractTransferListenerAdapter - Downloaded https://repo.maven.apache.org/maven2/io/github/resilience4j/resilience4j-spring-boot2/1.7.0/resilience4j-spring-boot2-1.7.0.pom
2026-10-08 12:45:09,907 [Worker-84: Building] INFO  o.e.m.c.i.embedder.EclipseLogger - Using 'UTF-8' encoding to copy filtered resources.
2026-10-08 12:45:09,907 [Worker-84: Building] INFO  o.e.m.c.i.embedder.EclipseLogger - Using 'UTF-8' encoding to copy filtered properties files.
2026-10-08 12:45:09,908 [Worker-84: Building] INFO  o.e.m.c.i.embedder.EclipseLogger - Copying 0 resource
2026-10-08 12:45:09,908 [Worker-84: Building] INFO  o.e.m.c.i.embedder.EclipseLogger - Copying 0 resource
2026-10-08 12:45:09,910 [Worker-84: Building] INFO  o.e.m.c.i.embedder.EclipseLogger - Using 'UTF-8' encoding to copy filtered resources.
2026-10-08 12:45:09,911 [Worker-84: Building] INFO  o.e.m.c.i.embedder.EclipseLogger - Using 'UTF-8' encoding to copy filtered properties files.
2026-10-08 12:45:09,911 [Worker-84: Building] INFO  o.e.m.c.i.embedder.EclipseLogger - skip non existing resourceDirectory C:\Microservice_practice_4\EmployeeMicorservice\src\test\resources
2026-10-08 12:45:12,178 [Worker-78: Download sources and javadoc] INFO  o.e.m.c.i.e.AbstractTransferListenerAdapter - Downloading https://repo.maven.apache.org/maven2/io/github/resilience4j/resilience4j-spring-boot2/1.7.0/resilience4j-spring-boot2-1.7.0-sources.jar
2026-10-08 12:45:12,326 [Worker-78: Download sources and javadoc] INFO  o.e.m.c.i.e.AbstractTransferListenerAdapter - Downloaded https://repo.maven.apache.org/maven2/io/github/resilience4j/resilience4j-spring-boot2/1.7.0/resilience4j-spring-boot2-1.7.0-sources.jar
2026-10-08 12:45:12,492 [Worker-78: Download sources and javadoc] INFO  o.e.m.j.internal.DownloadSourcesJob - Downloaded sources for io.github.resilience4j:resilience4j-spring-boot2:1.7.0
2026-10-08 12:45:13,827 [Worker-78: Building] INFO  o.e.m.c.i.embedder.EclipseLogger - Using 'UTF-8' encoding to copy filtered resources.
2026-10-08 12:45:13,827 [Worker-78: Building] INFO  o.e.m.c.i.embedder.EclipseLogger - Using 'UTF-8' encoding to copy filtered properties files.
2026-10-08 12:45:13,827 [Worker-78: Building] INFO  o.e.m.c.i.embedder.EclipseLogger - Copying 0 resource
2026-10-08 12:45:13,828 [Worker-78: Building] INFO  o.e.m.c.i.embedder.EclipseLogger - Copying 0 resource
2026-10-08 12:45:13,830 [Worker-78: Building] INFO  o.e.m.c.i.embedder.EclipseLogger - Using 'UTF-8' encoding to copy filtered resources.
2026-10-08 12:45:13,830 [Worker-78: Building] INFO  o.e.m.c.i.embedder.EclipseLogger - Using 'UTF-8' encoding to copy filtered properties files.
2026-10-08 12:45:13,831 [Worker-78: Building] INFO  o.e.m.c.i.embedder.EclipseLogger - skip non existing resourceDirectory C:\Microservice_practice_4\EmployeeMicorservice\src\test\resources
2026-10-08 12:45:20,814 [Worker-30: Updating Maven Project] INFO  o.e.m.c.i.p.ProjectConfigurationManager - Update started
2026-10-08 12:45:22,023 [Worker-30: Updating Maven Project] INFO  o.e.m.c.i.l.LifecycleMappingFactory - Using org.eclipse.m2e.jdt.JarLifecycleMapping lifecycle mapping for MavenProject: com.gateway:MicroserviceGateWay:0.0.1-SNAPSHOT @ C:\Microservice_practice_4\MicroserviceGateWay\pom.xml.
2026-10-08 12:45:23,740 [Worker-30: Updating Maven Project] INFO  o.e.m.c.i.l.LifecycleMappingFactory - Using org.eclipse.m2e.jdt.JarLifecycleMapping lifecycle mapping for MavenProject: com.gaurav:CompanyMicorservice:0.0.1-SNAPSHOT @ C:\Microservice_Practice_2\CompanyMicorservice\pom.xml.
2026-10-08 12:45:24,673 [Worker-30: Updating Maven Project] INFO  o.e.m.c.i.l.LifecycleMappingFactory - Using org.eclipse.m2e.jdt.JarLifecycleMapping lifecycle mapping for MavenProject: com.gaurav:EmployeeMicorservice:0.0.1-SNAPSHOT @ C:\Microservice_practice_4\EmployeeMicorservice\pom.xml.
2026-10-08 12:45:24,972 [Worker-30: Updating Maven Project] INFO  o.e.m.c.i.e.AbstractTransferListenerAdapter - Downloaded https://repo.maven.apache.org/maven2/org/springframework/cloud/spring-cloud-starter-consul-config/3.1.4/spring-cloud-starter-consul-config-3.1.4.pom
2026-10-08 12:45:25,210 [Worker-30: Updating Maven Project] INFO  o.e.m.c.i.e.AbstractTransferListenerAdapter - Downloaded https://repo.maven.apache.org/maven2/org/springframework/cloud/spring-cloud-consul-config/3.1.4/spring-cloud-consul-config-3.1.4.pom
2026-10-08 12:45:25,389 [Worker-30: Updating Maven Project] INFO  o.e.m.c.i.e.AbstractTransferListenerAdapter - Downloaded https://repo.maven.apache.org/maven2/org/springframework/cloud/spring-cloud-starter-bootstrap/3.1.7/spring-cloud-starter-bootstrap-3.1.7.pom
2026-10-08 12:45:25,689 [Worker-30: Updating Maven Project] INFO  o.e.m.c.i.e.AbstractTransferListenerAdapter - Downloaded https://repo.maven.apache.org/maven2/org/springframework/cloud/spring-cloud-starter-openfeign/3.1.8/spring-cloud-starter-openfeign-3.1.8.pom
2026-10-08 12:45:25,886 [Worker-30: Updating Maven Project] INFO  o.e.m.c.i.e.AbstractTransferListenerAdapter - Downloaded https://repo.maven.apache.org/maven2/org/springframework/cloud/spring-cloud-openfeign/3.1.8/spring-cloud-openfeign-3.1.8.pom
2026-10-08 12:45:26,142 [Worker-30: Updating Maven Project] INFO  o.e.m.c.i.e.AbstractTransferListenerAdapter - Downloaded https://repo.maven.apache.org/maven2/org/springframework/cloud/spring-cloud-openfeign-core/3.1.8/spring-cloud-openfeign-core-3.1.8.pom
2026-10-08 12:45:26,205 [Worker-30: Updating Maven Project] INFO  o.e.m.c.i.e.AbstractTransferListenerAdapter - Downloaded https://repo.maven.apache.org/maven2/commons-fileupload/commons-fileupload/1.5/commons-fileupload-1.5.pom
2026-10-08 12:45:26,261 [Worker-30: Updating Maven Project] INFO  o.e.m.c.i.e.AbstractTransferListenerAdapter - Downloaded https://repo.maven.apache.org/maven2/org/apache/commons/commons-parent/56/commons-parent-56.pom
2026-10-08 12:45:26,620 [Worker-30: Updating Maven Project] INFO  o.e.m.c.i.e.AbstractTransferListenerAdapter - Downloaded https://repo.maven.apache.org/maven2/io/github/openfeign/feign-core/11.10/feign-core-11.10.pom
2026-10-08 12:45:26,865 [Worker-30: Updating Maven Project] INFO  o.e.m.c.i.e.AbstractTransferListenerAdapter - Downloaded https://repo.maven.apache.org/maven2/io/github/openfeign/parent/11.10/parent-11.10.pom
2026-10-08 12:45:27,247 [Worker-30: Updating Maven Project] INFO  o.e.m.c.i.e.AbstractTransferListenerAdapter - Downloaded https://repo.maven.apache.org/maven2/io/github/openfeign/feign-slf4j/11.10/feign-slf4j-11.10.pom
2026-10-08 12:45:27,403 [Worker-30: Updating Maven Project] INFO  o.e.m.c.i.e.AbstractTransferListenerAdapter - Downloaded https://repo.maven.apache.org/maven2/io/github/resilience4j/resilience4j-spring/1.7.0/resilience4j-spring-1.7.0.pom
2026-10-08 12:45:27,498 [Worker-30: Updating Maven Project] INFO  o.e.m.c.i.e.AbstractTransferListenerAdapter - Downloaded https://repo.maven.apache.org/maven2/io/github/resilience4j/resilience4j-annotations/1.7.0/resilience4j-annotations-1.7.0.pom
2026-10-08 12:45:27,712 [Worker-30: Updating Maven Project] INFO  o.e.m.c.i.e.AbstractTransferListenerAdapter - Downloaded https://repo.maven.apache.org/maven2/io/github/resilience4j/resilience4j-consumer/1.7.0/resilience4j-consumer-1.7.0.pom
2026-10-08 12:45:27,867 [Worker-30: Updating Maven Project] INFO  o.e.m.c.i.e.AbstractTransferListenerAdapter - Downloaded https://repo.maven.apache.org/maven2/io/github/resilience4j/resilience4j-core/1.7.0/resilience4j-core-1.7.0.pom
2026-10-08 12:45:28,056 [Worker-30: Updating Maven Project] INFO  o.e.m.c.i.e.AbstractTransferListenerAdapter - Downloaded https://repo.maven.apache.org/maven2/io/github/resilience4j/resilience4j-circularbuffer/1.7.0/resilience4j-circularbuffer-1.7.0.pom
2026-10-08 12:45:28,174 [Worker-30: Updating Maven Project] INFO  o.e.m.c.i.e.AbstractTransferListenerAdapter - Downloaded https://repo.maven.apache.org/maven2/io/github/resilience4j/resilience4j-framework-common/1.7.0/resilience4j-framework-common-1.7.0.pom
2026-10-08 12:45:28,372 [Worker-30: Updating Maven Project] INFO  o.e.m.c.i.e.AbstractTransferListenerAdapter - Downloaded https://repo.maven.apache.org/maven2/io/github/resilience4j/resilience4j-circuitbreaker/1.7.0/resilience4j-circuitbreaker-1.7.0.pom
2026-10-08 12:45:28,579 [Worker-30: Updating Maven Project] INFO  o.e.m.c.i.e.AbstractTransferListenerAdapter - Downloaded https://repo.maven.apache.org/maven2/io/github/resilience4j/resilience4j-ratelimiter/1.7.0/resilience4j-ratelimiter-1.7.0.pom
2026-10-08 12:45:28,744 [Worker-30: Updating Maven Project] INFO  o.e.m.c.i.e.AbstractTransferListenerAdapter - Downloaded https://repo.maven.apache.org/maven2/io/github/resilience4j/resilience4j-retry/1.7.0/resilience4j-retry-1.7.0.pom
2026-10-08 12:45:28,876 [Worker-30: Updating Maven Project] INFO  o.e.m.c.i.e.AbstractTransferListenerAdapter - Downloaded https://repo.maven.apache.org/maven2/io/github/resilience4j/resilience4j-bulkhead/1.7.0/resilience4j-bulkhead-1.7.0.pom
2026-10-08 12:45:28,979 [Worker-30: Updating Maven Project] INFO  o.e.m.c.i.e.AbstractTransferListenerAdapter - Downloaded https://repo.maven.apache.org/maven2/io/github/resilience4j/resilience4j-timelimiter/1.7.0/resilience4j-timelimiter-1.7.0.pom
2026-10-08 12:45:29,277 [Worker-30: Updating Maven Project] INFO  o.e.m.c.i.e.AbstractTransferListenerAdapter - Downloaded https://repo.maven.apache.org/maven2/io/github/resilience4j/resilience4j-micrometer/1.7.0/resilience4j-micrometer-1.7.0.pom
2026-10-08 12:45:29,728 [AetherRepositoryConnector-repo.maven.apache.org-5-2] INFO  o.e.m.c.i.e.AbstractTransferListenerAdapter - Downloading https://repo.maven.apache.org/maven2/org/springframework/cloud/spring-cloud-starter-bootstrap/3.1.7/spring-cloud-starter-bootstrap-3.1.7.jar
2026-10-08 12:45:29,770 [AetherRepositoryConnector-repo.maven.apache.org-5-1] INFO  o.e.m.c.i.e.AbstractTransferListenerAdapter - Downloading https://repo.maven.apache.org/maven2/org/springframework/cloud/spring-cloud-consul-config/3.1.4/spring-cloud-consul-config-3.1.4.jar
2026-10-08 12:45:29,794 [AetherRepositoryConnector-repo.maven.apache.org-5-3] INFO  o.e.m.c.i.e.AbstractTransferListenerAdapter - Downloading https://repo.maven.apache.org/maven2/org/springframework/cloud/spring-cloud-starter-openfeign/3.1.8/spring-cloud-starter-openfeign-3.1.8.jar
2026-10-08 12:45:29,795 [AetherRepositoryConnector-repo.maven.apache.org-5-2] INFO  o.e.m.c.i.e.AbstractTransferListenerAdapter - Downloaded https://repo.maven.apache.org/maven2/org/springframework/cloud/spring-cloud-starter-bootstrap/3.1.7/spring-cloud-starter-bootstrap-3.1.7.jar
2026-10-08 12:45:29,797 [AetherRepositoryConnector-repo.maven.apache.org-5-0] INFO  o.e.m.c.i.e.AbstractTransferListenerAdapter - Downloading https://repo.maven.apache.org/maven2/org/springframework/cloud/spring-cloud-starter-consul-config/3.1.4/spring-cloud-starter-consul-config-3.1.4.jar
2026-10-08 12:45:29,810 [AetherRepositoryConnector-repo.maven.apache.org-5-2] INFO  o.e.m.c.i.e.AbstractTransferListenerAdapter - Downloading https://repo.maven.apache.org/maven2/commons-fileupload/commons-fileupload/1.5/commons-fileupload-1.5.jar
2026-10-08 12:45:29,844 [AetherRepositoryConnector-repo.maven.apache.org-5-2] INFO  o.e.m.c.i.e.AbstractTransferListenerAdapter - Downloaded https://repo.maven.apache.org/maven2/commons-fileupload/commons-fileupload/1.5/commons-fileupload-1.5.jar
2026-10-08 12:45:29,850 [AetherRepositoryConnector-repo.maven.apache.org-5-4] INFO  o.e.m.c.i.e.AbstractTransferListenerAdapter - Downloading https://repo.maven.apache.org/maven2/org/springframework/cloud/spring-cloud-openfeign-core/3.1.8/spring-cloud-openfeign-core-3.1.8.jar
2026-10-08 12:45:29,875 [AetherRepositoryConnector-repo.maven.apache.org-5-1] INFO  o.e.m.c.i.e.AbstractTransferListenerAdapter - Downloaded https://repo.maven.apache.org/maven2/org/springframework/cloud/spring-cloud-consul-config/3.1.4/spring-cloud-consul-config-3.1.4.jar
2026-10-08 12:45:29,908 [AetherRepositoryConnector-repo.maven.apache.org-5-0] INFO  o.e.m.c.i.e.AbstractTransferListenerAdapter - Downloaded https://repo.maven.apache.org/maven2/org/springframework/cloud/spring-cloud-starter-consul-config/3.1.4/spring-cloud-starter-consul-config-3.1.4.jar
2026-10-08 12:45:29,958 [AetherRepositoryConnector-repo.maven.apache.org-5-1] INFO  o.e.m.c.i.e.AbstractTransferListenerAdapter - Downloading https://repo.maven.apache.org/maven2/io/github/openfeign/feign-slf4j/11.10/feign-slf4j-11.10.jar
2026-10-08 12:45:29,962 [AetherRepositoryConnector-repo.maven.apache.org-5-2] INFO  o.e.m.c.i.e.AbstractTransferListenerAdapter - Downloading https://repo.maven.apache.org/maven2/io/github/openfeign/feign-core/11.10/feign-core-11.10.jar
2026-10-08 12:45:29,967 [AetherRepositoryConnector-repo.maven.apache.org-5-3] INFO  o.e.m.c.i.e.AbstractTransferListenerAdapter - Downloaded https://repo.maven.apache.org/maven2/org/springframework/cloud/spring-cloud-starter-openfeign/3.1.8/spring-cloud-starter-openfeign-3.1.8.jar
2026-10-08 12:45:29,984 [AetherRepositoryConnector-repo.maven.apache.org-5-0] INFO  o.e.m.c.i.e.AbstractTransferListenerAdapter - Downloading https://repo.maven.apache.org/maven2/io/github/resilience4j/resilience4j-spring-boot2/1.7.0/resilience4j-spring-boot2-1.7.0.jar
2026-10-08 12:45:30,012 [AetherRepositoryConnector-repo.maven.apache.org-5-3] INFO  o.e.m.c.i.e.AbstractTransferListenerAdapter - Downloading https://repo.maven.apache.org/maven2/io/github/resilience4j/resilience4j-spring/1.7.0/resilience4j-spring-1.7.0.jar
2026-10-08 12:45:30,035 [AetherRepositoryConnector-repo.maven.apache.org-5-1] INFO  o.e.m.c.i.e.AbstractTransferListenerAdapter - Downloaded https://repo.maven.apache.org/maven2/io/github/openfeign/feign-slf4j/11.10/feign-slf4j-11.10.jar
2026-10-08 12:45:30,055 [AetherRepositoryConnector-repo.maven.apache.org-5-4] INFO  o.e.m.c.i.e.AbstractTransferListenerAdapter - Downloaded https://repo.maven.apache.org/maven2/org/springframework/cloud/spring-cloud-openfeign-core/3.1.8/spring-cloud-openfeign-core-3.1.8.jar
2026-10-08 12:45:30,066 [AetherRepositoryConnector-repo.maven.apache.org-5-1] INFO  o.e.m.c.i.e.AbstractTransferListenerAdapter - Downloading https://repo.maven.apache.org/maven2/io/github/resilience4j/resilience4j-annotations/1.7.0/resilience4j-annotations-1.7.0.jar
2026-10-08 12:45:30,083 [AetherRepositoryConnector-repo.maven.apache.org-5-4] INFO  o.e.m.c.i.e.AbstractTransferListenerAdapter - Downloading https://repo.maven.apache.org/maven2/io/github/resilience4j/resilience4j-consumer/1.7.0/resilience4j-consumer-1.7.0.jar
2026-10-08 12:45:30,107 [AetherRepositoryConnector-repo.maven.apache.org-5-0] INFO  o.e.m.c.i.e.AbstractTransferListenerAdapter - Downloaded https://repo.maven.apache.org/maven2/io/github/resilience4j/resilience4j-spring-boot2/1.7.0/resilience4j-spring-boot2-1.7.0.jar
2026-10-08 12:45:30,163 [AetherRepositoryConnector-repo.maven.apache.org-5-2] INFO  o.e.m.c.i.e.AbstractTransferListenerAdapter - Downloaded https://repo.maven.apache.org/maven2/io/github/openfeign/feign-core/11.10/feign-core-11.10.jar
2026-10-08 12:45:30,166 [AetherRepositoryConnector-repo.maven.apache.org-5-0] INFO  o.e.m.c.i.e.AbstractTransferListenerAdapter - Downloading https://repo.maven.apache.org/maven2/io/github/resilience4j/resilience4j-core/1.7.0/resilience4j-core-1.7.0.jar
2026-10-08 12:45:30,178 [AetherRepositoryConnector-repo.maven.apache.org-5-2] INFO  o.e.m.c.i.e.AbstractTransferListenerAdapter - Downloading https://repo.maven.apache.org/maven2/io/github/resilience4j/resilience4j-circularbuffer/1.7.0/resilience4j-circularbuffer-1.7.0.jar
2026-10-08 12:45:30,192 [AetherRepositoryConnector-repo.maven.apache.org-5-4] INFO  o.e.m.c.i.e.AbstractTransferListenerAdapter - Downloaded https://repo.maven.apache.org/maven2/io/github/resilience4j/resilience4j-consumer/1.7.0/resilience4j-consumer-1.7.0.jar
2026-10-08 12:45:30,198 [AetherRepositoryConnector-repo.maven.apache.org-5-3] INFO  o.e.m.c.i.e.AbstractTransferListenerAdapter - Downloaded https://repo.maven.apache.org/maven2/io/github/resilience4j/resilience4j-spring/1.7.0/resilience4j-spring-1.7.0.jar
2026-10-08 12:45:30,208 [AetherRepositoryConnector-repo.maven.apache.org-5-4] INFO  o.e.m.c.i.e.AbstractTransferListenerAdapter - Downloading https://repo.maven.apache.org/maven2/io/github/resilience4j/resilience4j-framework-common/1.7.0/resilience4j-framework-common-1.7.0.jar
2026-10-08 12:45:30,209 [AetherRepositoryConnector-repo.maven.apache.org-5-1] INFO  o.e.m.c.i.e.AbstractTransferListenerAdapter - Downloaded https://repo.maven.apache.org/maven2/io/github/resilience4j/resilience4j-annotations/1.7.0/resilience4j-annotations-1.7.0.jar
2026-10-08 12:45:30,228 [AetherRepositoryConnector-repo.maven.apache.org-5-1] INFO  o.e.m.c.i.e.AbstractTransferListenerAdapter - Downloading https://repo.maven.apache.org/maven2/io/github/resilience4j/resilience4j-ratelimiter/1.7.0/resilience4j-ratelimiter-1.7.0.jar
2026-10-08 12:45:30,241 [AetherRepositoryConnector-repo.maven.apache.org-5-3] INFO  o.e.m.c.i.e.AbstractTransferListenerAdapter - Downloading https://repo.maven.apache.org/maven2/io/github/resilience4j/resilience4j-circuitbreaker/1.7.0/resilience4j-circuitbreaker-1.7.0.jar
2026-10-08 12:45:30,264 [AetherRepositoryConnector-repo.maven.apache.org-5-0] INFO  o.e.m.c.i.e.AbstractTransferListenerAdapter - Downloaded https://repo.maven.apache.org/maven2/io/github/resilience4j/resilience4j-core/1.7.0/resilience4j-core-1.7.0.jar
2026-10-08 12:45:30,292 [AetherRepositoryConnector-repo.maven.apache.org-5-2] INFO  o.e.m.c.i.e.AbstractTransferListenerAdapter - Downloaded https://repo.maven.apache.org/maven2/io/github/resilience4j/resilience4j-circularbuffer/1.7.0/resilience4j-circularbuffer-1.7.0.jar
2026-10-08 12:45:30,304 [AetherRepositoryConnector-repo.maven.apache.org-5-0] INFO  o.e.m.c.i.e.AbstractTransferListenerAdapter - Downloading https://repo.maven.apache.org/maven2/io/github/resilience4j/resilience4j-retry/1.7.0/resilience4j-retry-1.7.0.jar
2026-10-08 12:45:30,326 [AetherRepositoryConnector-repo.maven.apache.org-5-2] INFO  o.e.m.c.i.e.AbstractTransferListenerAdapter - Downloading https://repo.maven.apache.org/maven2/io/github/resilience4j/resilience4j-bulkhead/1.7.0/resilience4j-bulkhead-1.7.0.jar
2026-10-08 12:45:30,341 [AetherRepositoryConnector-repo.maven.apache.org-5-3] INFO  o.e.m.c.i.e.AbstractTransferListenerAdapter - Downloaded https://repo.maven.apache.org/maven2/io/github/resilience4j/resilience4j-circuitbreaker/1.7.0/resilience4j-circuitbreaker-1.7.0.jar
2026-10-08 12:45:30,401 [AetherRepositoryConnector-repo.maven.apache.org-5-3] INFO  o.e.m.c.i.e.AbstractTransferListenerAdapter - Downloading https://repo.maven.apache.org/maven2/io/github/resilience4j/resilience4j-timelimiter/1.7.0/resilience4j-timelimiter-1.7.0.jar
2026-10-08 12:45:30,422 [AetherRepositoryConnector-repo.maven.apache.org-5-2] INFO  o.e.m.c.i.e.AbstractTransferListenerAdapter - Downloaded https://repo.maven.apache.org/maven2/io/github/resilience4j/resilience4j-bulkhead/1.7.0/resilience4j-bulkhead-1.7.0.jar
2026-10-08 12:45:30,432 [AetherRepositoryConnector-repo.maven.apache.org-5-0] INFO  o.e.m.c.i.e.AbstractTransferListenerAdapter - Downloaded https://repo.maven.apache.org/maven2/io/github/resilience4j/resilience4j-retry/1.7.0/resilience4j-retry-1.7.0.jar
2026-10-08 12:45:30,440 [AetherRepositoryConnector-repo.maven.apache.org-5-2] INFO  o.e.m.c.i.e.AbstractTransferListenerAdapter - Downloading https://repo.maven.apache.org/maven2/io/github/resilience4j/resilience4j-micrometer/1.7.0/resilience4j-micrometer-1.7.0.jar
2026-10-08 12:45:30,481 [AetherRepositoryConnector-repo.maven.apache.org-5-4] INFO  o.e.m.c.i.e.AbstractTransferListenerAdapter - Downloaded https://repo.maven.apache.org/maven2/io/github/resilience4j/resilience4j-framework-common/1.7.0/resilience4j-framework-common-1.7.0.jar
2026-10-08 12:45:30,509 [AetherRepositoryConnector-repo.maven.apache.org-5-1] INFO  o.e.m.c.i.e.AbstractTransferListenerAdapter - Downloaded https://repo.maven.apache.org/maven2/io/github/resilience4j/resilience4j-ratelimiter/1.7.0/resilience4j-ratelimiter-1.7.0.jar
2026-10-08 12:45:30,531 [AetherRepositoryConnector-repo.maven.apache.org-5-2] INFO  o.e.m.c.i.e.AbstractTransferListenerAdapter - Downloaded https://repo.maven.apache.org/maven2/io/github/resilience4j/resilience4j-micrometer/1.7.0/resilience4j-micrometer-1.7.0.jar
2026-10-08 12:45:30,544 [AetherRepositoryConnector-repo.maven.apache.org-5-3] INFO  o.e.m.c.i.e.AbstractTransferListenerAdapter - Downloaded https://repo.maven.apache.org/maven2/io/github/resilience4j/resilience4j-timelimiter/1.7.0/resilience4j-timelimiter-1.7.0.jar
2026-10-08 12:45:37,125 [Worker-30: Updating Maven Project] INFO  o.e.m.j.i.AbstractJavaProjectConfigurator - Adding source folder /EmployeeMicorservice/src/main/java
2026-10-08 12:45:37,125 [Worker-30: Updating Maven Project] INFO  o.e.m.j.i.AbstractJavaProjectConfigurator - Adding resource folder /EmployeeMicorservice/src/main/resources
2026-10-08 12:45:37,126 [Worker-30: Updating Maven Project] INFO  o.e.m.j.i.AbstractJavaProjectConfigurator - Adding resource folder /EmployeeMicorservice/src/main/resources
2026-10-08 12:45:37,126 [Worker-30: Updating Maven Project] INFO  o.e.m.j.i.AbstractJavaProjectConfigurator - Adding source folder /EmployeeMicorservice/src/test/java
2026-10-08 12:45:38,978 [Worker-30: Updating Maven Project] INFO  o.e.m.c.i.p.ProjectConfigurationManager - Update completed: 18 sec
2026-10-08 12:45:39,022 [Worker-69: Download sources and javadoc] INFO  o.e.m.c.i.e.AbstractTransferListenerAdapter - Downloading https://repo.maven.apache.org/maven2/org/springframework/cloud/spring-cloud-consul-config/3.1.4/spring-cloud-consul-config-3.1.4-sources.jar
2026-10-08 12:45:39,448 [Worker-69: Download sources and javadoc] INFO  o.e.m.c.i.e.AbstractTransferListenerAdapter - Downloaded https://repo.maven.apache.org/maven2/org/springframework/cloud/spring-cloud-consul-config/3.1.4/spring-cloud-consul-config-3.1.4-sources.jar
2026-10-08 12:45:39,582 [Worker-69: Download sources and javadoc] INFO  o.e.m.j.internal.DownloadSourcesJob - Downloaded sources for org.springframework.cloud:spring-cloud-consul-config:3.1.4
2026-10-08 12:45:39,902 [Worker-69: Download sources and javadoc] INFO  o.e.m.c.i.e.AbstractTransferListenerAdapter - Downloading https://repo.maven.apache.org/maven2/org/springframework/cloud/spring-cloud-openfeign-core/3.1.8/spring-cloud-openfeign-core-3.1.8-sources.jar
2026-10-08 12:45:40,572 [Worker-69: Download sources and javadoc] INFO  o.e.m.c.i.e.AbstractTransferListenerAdapter - Downloaded https://repo.maven.apache.org/maven2/org/springframework/cloud/spring-cloud-openfeign-core/3.1.8/spring-cloud-openfeign-core-3.1.8-sources.jar
2026-10-08 12:45:40,773 [Worker-69: Download sources and javadoc] INFO  o.e.m.j.internal.DownloadSourcesJob - Downloaded sources for org.springframework.cloud:spring-cloud-openfeign-core:3.1.8
2026-10-08 12:45:40,901 [Worker-69: Download sources and javadoc] INFO  o.e.m.c.i.e.AbstractTransferListenerAdapter - Downloading https://repo.maven.apache.org/maven2/commons-fileupload/commons-fileupload/1.5/commons-fileupload-1.5-sources.jar
2026-10-08 12:45:40,979 [Worker-69: Download sources and javadoc] INFO  o.e.m.c.i.e.AbstractTransferListenerAdapter - Downloaded https://repo.maven.apache.org/maven2/commons-fileupload/commons-fileupload/1.5/commons-fileupload-1.5-sources.jar
2026-10-08 12:45:41,139 [Worker-69: Download sources and javadoc] INFO  o.e.m.j.internal.DownloadSourcesJob - Downloaded sources for commons-fileupload:commons-fileupload:1.5
2026-10-08 12:45:41,263 [Worker-69: Download sources and javadoc] INFO  o.e.m.c.i.e.AbstractTransferListenerAdapter - Downloading https://repo.maven.apache.org/maven2/commons-io/commons-io/2.11.0/commons-io-2.11.0-sources.jar
2026-10-08 12:45:41,501 [Worker-69: Download sources and javadoc] INFO  o.e.m.c.i.e.AbstractTransferListenerAdapter - Downloaded https://repo.maven.apache.org/maven2/commons-io/commons-io/2.11.0/commons-io-2.11.0-sources.jar
2026-10-08 12:45:41,699 [Worker-86: Building] INFO  o.e.m.c.i.embedder.EclipseLogger - Using 'UTF-8' encoding to copy filtered resources.
2026-10-08 12:45:41,699 [Worker-86: Building] INFO  o.e.m.c.i.embedder.EclipseLogger - Using 'UTF-8' encoding to copy filtered properties files.
2026-10-08 12:45:41,708 [Worker-86: Building] INFO  o.e.m.c.i.embedder.EclipseLogger - Copying 0 resource
2026-10-08 12:45:41,710 [Worker-86: Building] INFO  o.e.m.c.i.embedder.EclipseLogger - Copying 0 resource
2026-10-08 12:45:41,724 [Worker-86: Building] INFO  o.e.m.c.i.embedder.EclipseLogger - Using 'UTF-8' encoding to copy filtered resources.
2026-10-08 12:45:41,724 [Worker-86: Building] INFO  o.e.m.c.i.embedder.EclipseLogger - Using 'UTF-8' encoding to copy filtered properties files.
2026-10-08 12:45:41,724 [Worker-86: Building] INFO  o.e.m.c.i.embedder.EclipseLogger - skip non existing resourceDirectory C:\Microservice_Practice_2\CompanyMicorservice\src\test\resources
2026-10-08 12:45:41,856 [Worker-69: Download sources and javadoc] INFO  o.e.m.j.internal.DownloadSourcesJob - Downloaded sources for commons-io:commons-io:2.11.0
2026-10-08 12:45:42,038 [Worker-69: Download sources and javadoc] INFO  o.e.m.c.i.e.AbstractTransferListenerAdapter - Downloading https://repo.maven.apache.org/maven2/io/github/openfeign/feign-core/11.10/feign-core-11.10-sources.jar
2026-10-08 12:45:42,215 [Worker-69: Download sources and javadoc] INFO  o.e.m.c.i.e.AbstractTransferListenerAdapter - Downloaded https://repo.maven.apache.org/maven2/io/github/openfeign/feign-core/11.10/feign-core-11.10-sources.jar
2026-10-08 12:45:42,962 [Worker-69: Download sources and javadoc] INFO  o.e.m.j.internal.DownloadSourcesJob - Downloaded sources for io.github.openfeign:feign-core:11.10
2026-10-08 12:45:43,178 [Worker-69: Download sources and javadoc] INFO  o.e.m.c.i.e.AbstractTransferListenerAdapter - Downloading https://repo.maven.apache.org/maven2/io/github/openfeign/feign-slf4j/11.10/feign-slf4j-11.10-sources.jar
2026-10-08 12:45:43,444 [Worker-69: Download sources and javadoc] INFO  o.e.m.c.i.e.AbstractTransferListenerAdapter - Downloaded https://repo.maven.apache.org/maven2/io/github/openfeign/feign-slf4j/11.10/feign-slf4j-11.10-sources.jar
2026-10-08 12:45:43,580 [Worker-69: Download sources and javadoc] INFO  o.e.m.j.internal.DownloadSourcesJob - Downloaded sources for io.github.openfeign:feign-slf4j:11.10
2026-10-08 12:45:43,666 [Worker-86: Building] INFO  o.e.m.c.i.embedder.EclipseLogger - Using 'UTF-8' encoding to copy filtered resources.
2026-10-08 12:45:43,666 [Worker-86: Building] INFO  o.e.m.c.i.embedder.EclipseLogger - Using 'UTF-8' encoding to copy filtered properties files.
2026-10-08 12:45:43,666 [Worker-86: Building] INFO  o.e.m.c.i.embedder.EclipseLogger - Copying 2 resources
2026-10-08 12:45:43,680 [Worker-69: Download sources and javadoc] INFO  o.e.m.c.i.e.AbstractTransferListenerAdapter - Downloading https://repo.maven.apache.org/maven2/io/github/resilience4j/resilience4j-annotations/1.7.0/resilience4j-annotations-1.7.0-sources.jar
2026-10-08 12:45:43,722 [Worker-86: Building] INFO  o.e.m.c.i.embedder.EclipseLogger - Copying 1 resource
2026-10-08 12:45:43,757 [Worker-86: Building] INFO  o.e.m.c.i.embedder.EclipseLogger - Using 'UTF-8' encoding to copy filtered resources.
2026-10-08 12:45:43,757 [Worker-86: Building] INFO  o.e.m.c.i.embedder.EclipseLogger - Using 'UTF-8' encoding to copy filtered properties files.
2026-10-08 12:45:43,757 [Worker-86: Building] INFO  o.e.m.c.i.embedder.EclipseLogger - skip non existing resourceDirectory C:\Microservice_practice_4\EmployeeMicorservice\src\test\resources
2026-10-08 12:45:43,770 [Worker-69: Download sources and javadoc] INFO  o.e.m.c.i.e.AbstractTransferListenerAdapter - Downloaded https://repo.maven.apache.org/maven2/io/github/resilience4j/resilience4j-annotations/1.7.0/resilience4j-annotations-1.7.0-sources.jar
2026-10-08 12:45:43,881 [Worker-69: Download sources and javadoc] INFO  o.e.m.j.internal.DownloadSourcesJob - Downloaded sources for io.github.resilience4j:resilience4j-annotations:1.7.0
2026-10-08 12:45:44,029 [Worker-69: Download sources and javadoc] INFO  o.e.m.c.i.e.AbstractTransferListenerAdapter - Downloading https://repo.maven.apache.org/maven2/io/github/resilience4j/resilience4j-consumer/1.7.0/resilience4j-consumer-1.7.0-sources.jar
2026-10-08 12:45:44,190 [Worker-69: Download sources and javadoc] INFO  o.e.m.c.i.e.AbstractTransferListenerAdapter - Downloaded https://repo.maven.apache.org/maven2/io/github/resilience4j/resilience4j-consumer/1.7.0/resilience4j-consumer-1.7.0-sources.jar
2026-10-08 12:45:44,314 [Worker-69: Download sources and javadoc] INFO  o.e.m.j.internal.DownloadSourcesJob - Downloaded sources for io.github.resilience4j:resilience4j-consumer:1.7.0
2026-10-08 12:45:44,423 [Worker-69: Download sources and javadoc] INFO  o.e.m.c.i.e.AbstractTransferListenerAdapter - Downloading https://repo.maven.apache.org/maven2/io/github/resilience4j/resilience4j-core/1.7.0/resilience4j-core-1.7.0-sources.jar
2026-10-08 12:45:44,756 [Worker-69: Download sources and javadoc] INFO  o.e.m.c.i.e.AbstractTransferListenerAdapter - Downloaded https://repo.maven.apache.org/maven2/io/github/resilience4j/resilience4j-core/1.7.0/resilience4j-core-1.7.0-sources.jar
2026-10-08 12:45:46,268 [Worker-90: Building] INFO  o.e.m.c.i.embedder.EclipseLogger - Using 'UTF-8' encoding to copy filtered resources.
2026-10-08 12:45:46,268 [Worker-90: Building] INFO  o.e.m.c.i.embedder.EclipseLogger - Using 'UTF-8' encoding to copy filtered properties files.
2026-10-08 12:45:46,270 [Worker-90: Building] INFO  o.e.m.c.i.embedder.EclipseLogger - Copying 0 resource
2026-10-08 12:45:46,270 [Worker-90: Building] INFO  o.e.m.c.i.embedder.EclipseLogger - Copying 0 resource
2026-10-08 12:45:46,272 [Worker-90: Building] INFO  o.e.m.c.i.embedder.EclipseLogger - Using 'UTF-8' encoding to copy filtered resources.
2026-10-08 12:45:46,272 [Worker-90: Building] INFO  o.e.m.c.i.embedder.EclipseLogger - Using 'UTF-8' encoding to copy filtered properties files.
2026-10-08 12:45:46,273 [Worker-90: Building] INFO  o.e.m.c.i.embedder.EclipseLogger - skip non existing resourceDirectory C:\Microservice_practice_4\MicroserviceGateWay\src\test\resources
2026-10-08 12:45:46,390 [Worker-69: Download sources and javadoc] INFO  o.e.m.j.internal.DownloadSourcesJob - Downloaded sources for io.github.resilience4j:resilience4j-core:1.7.0
2026-10-08 12:45:46,498 [Worker-69: Download sources and javadoc] INFO  o.e.m.c.i.e.AbstractTransferListenerAdapter - Downloading https://repo.maven.apache.org/maven2/io/github/resilience4j/resilience4j-circularbuffer/1.7.0/resilience4j-circularbuffer-1.7.0-sources.jar
2026-10-08 12:45:46,573 [Worker-69: Download sources and javadoc] INFO  o.e.m.c.i.e.AbstractTransferListenerAdapter - Downloaded https://repo.maven.apache.org/maven2/io/github/resilience4j/resilience4j-circularbuffer/1.7.0/resilience4j-circularbuffer-1.7.0-sources.jar
2026-10-08 12:45:47,034 [Worker-69: Download sources and javadoc] INFO  o.e.m.j.internal.DownloadSourcesJob - Downloaded sources for io.github.resilience4j:resilience4j-circularbuffer:1.7.0
2026-10-08 12:45:47,144 [Worker-69: Download sources and javadoc] INFO  o.e.m.c.i.e.AbstractTransferListenerAdapter - Downloading https://repo.maven.apache.org/maven2/io/github/resilience4j/resilience4j-framework-common/1.7.0/resilience4j-framework-common-1.7.0-sources.jar
2026-10-08 12:45:47,260 [Worker-69: Download sources and javadoc] INFO  o.e.m.c.i.e.AbstractTransferListenerAdapter - Downloaded https://repo.maven.apache.org/maven2/io/github/resilience4j/resilience4j-framework-common/1.7.0/resilience4j-framework-common-1.7.0-sources.jar
2026-10-08 12:45:47,588 [Worker-69: Download sources and javadoc] INFO  o.e.m.j.internal.DownloadSourcesJob - Downloaded sources for io.github.resilience4j:resilience4j-framework-common:1.7.0
2026-10-08 12:45:47,700 [Worker-69: Download sources and javadoc] INFO  o.e.m.c.i.e.AbstractTransferListenerAdapter - Downloading https://repo.maven.apache.org/maven2/io/github/resilience4j/resilience4j-circuitbreaker/1.7.0/resilience4j-circuitbreaker-1.7.0-sources.jar
2026-10-08 12:45:47,791 [Worker-69: Download sources and javadoc] INFO  o.e.m.c.i.e.AbstractTransferListenerAdapter - Downloaded https://repo.maven.apache.org/maven2/io/github/resilience4j/resilience4j-circuitbreaker/1.7.0/resilience4j-circuitbreaker-1.7.0-sources.jar
2026-10-08 12:45:48,087 [Worker-69: Download sources and javadoc] INFO  o.e.m.j.internal.DownloadSourcesJob - Downloaded sources for io.github.resilience4j:resilience4j-circuitbreaker:1.7.0
2026-10-08 12:45:48,192 [Worker-69: Download sources and javadoc] INFO  o.e.m.c.i.e.AbstractTransferListenerAdapter - Downloading https://repo.maven.apache.org/maven2/io/github/resilience4j/resilience4j-ratelimiter/1.7.0/resilience4j-ratelimiter-1.7.0-sources.jar
2026-10-08 12:45:48,344 [Worker-69: Download sources and javadoc] INFO  o.e.m.c.i.e.AbstractTransferListenerAdapter - Downloaded https://repo.maven.apache.org/maven2/io/github/resilience4j/resilience4j-ratelimiter/1.7.0/resilience4j-ratelimiter-1.7.0-sources.jar
2026-10-08 12:45:48,452 [Worker-69: Download sources and javadoc] INFO  o.e.m.j.internal.DownloadSourcesJob - Downloaded sources for io.github.resilience4j:resilience4j-ratelimiter:1.7.0
2026-10-08 12:45:48,554 [Worker-69: Download sources and javadoc] INFO  o.e.m.c.i.e.AbstractTransferListenerAdapter - Downloading https://repo.maven.apache.org/maven2/io/github/resilience4j/resilience4j-retry/1.7.0/resilience4j-retry-1.7.0-sources.jar
2026-10-08 12:45:48,698 [Worker-69: Download sources and javadoc] INFO  o.e.m.c.i.e.AbstractTransferListenerAdapter - Downloaded https://repo.maven.apache.org/maven2/io/github/resilience4j/resilience4j-retry/1.7.0/resilience4j-retry-1.7.0-sources.jar
2026-10-08 12:45:48,833 [Worker-69: Download sources and javadoc] INFO  o.e.m.j.internal.DownloadSourcesJob - Downloaded sources for io.github.resilience4j:resilience4j-retry:1.7.0
2026-10-08 12:45:48,941 [Worker-69: Download sources and javadoc] INFO  o.e.m.c.i.e.AbstractTransferListenerAdapter - Downloading https://repo.maven.apache.org/maven2/io/github/resilience4j/resilience4j-bulkhead/1.7.0/resilience4j-bulkhead-1.7.0-sources.jar
2026-10-08 12:45:49,213 [Worker-69: Download sources and javadoc] INFO  o.e.m.c.i.e.AbstractTransferListenerAdapter - Downloaded https://repo.maven.apache.org/maven2/io/github/resilience4j/resilience4j-bulkhead/1.7.0/resilience4j-bulkhead-1.7.0-sources.jar
2026-10-08 12:45:49,306 [Worker-69: Download sources and javadoc] INFO  o.e.m.j.internal.DownloadSourcesJob - Downloaded sources for io.github.resilience4j:resilience4j-bulkhead:1.7.0
2026-10-08 12:45:49,405 [Worker-69: Download sources and javadoc] INFO  o.e.m.c.i.e.AbstractTransferListenerAdapter - Downloading https://repo.maven.apache.org/maven2/io/github/resilience4j/resilience4j-timelimiter/1.7.0/resilience4j-timelimiter-1.7.0-sources.jar
2026-10-08 12:45:49,549 [Worker-69: Download sources and javadoc] INFO  o.e.m.c.i.e.AbstractTransferListenerAdapter - Downloaded https://repo.maven.apache.org/maven2/io/github/resilience4j/resilience4j-timelimiter/1.7.0/resilience4j-timelimiter-1.7.0-sources.jar
2026-10-08 12:45:49,661 [Worker-69: Download sources and javadoc] INFO  o.e.m.j.internal.DownloadSourcesJob - Downloaded sources for io.github.resilience4j:resilience4j-timelimiter:1.7.0
2026-10-08 12:45:49,665 [Worker-69: Download sources and javadoc] INFO  o.e.m.j.internal.DownloadSourcesJob - Downloaded sources for org.springframework.cloud:spring-cloud-consul-config:3.1.4
2026-10-08 12:45:49,670 [Worker-69: Download sources and javadoc] INFO  o.e.m.j.internal.DownloadSourcesJob - Downloaded sources for org.springframework.cloud:spring-cloud-openfeign-core:3.1.8
2026-10-08 12:45:49,676 [Worker-69: Download sources and javadoc] INFO  o.e.m.j.internal.DownloadSourcesJob - Downloaded sources for commons-fileupload:commons-fileupload:1.5
2026-10-08 12:45:49,681 [Worker-69: Download sources and javadoc] INFO  o.e.m.j.internal.DownloadSourcesJob - Downloaded sources for commons-io:commons-io:2.11.0
2026-10-08 12:45:49,685 [Worker-69: Download sources and javadoc] INFO  o.e.m.j.internal.DownloadSourcesJob - Downloaded sources for io.github.openfeign:feign-core:11.10
2026-10-08 12:45:49,691 [Worker-69: Download sources and javadoc] INFO  o.e.m.j.internal.DownloadSourcesJob - Downloaded sources for io.github.openfeign:feign-slf4j:11.10
2026-10-08 12:45:49,696 [Worker-69: Download sources and javadoc] INFO  o.e.m.j.internal.DownloadSourcesJob - Downloaded sources for io.github.resilience4j:resilience4j-annotations:1.7.0
2026-10-08 12:45:49,702 [Worker-69: Download sources and javadoc] INFO  o.e.m.j.internal.DownloadSourcesJob - Downloaded sources for io.github.resilience4j:resilience4j-consumer:1.7.0
2026-10-08 12:45:49,708 [Worker-69: Download sources and javadoc] INFO  o.e.m.j.internal.DownloadSourcesJob - Downloaded sources for io.github.resilience4j:resilience4j-core:1.7.0
2026-10-08 12:45:49,714 [Worker-69: Download sources and javadoc] INFO  o.e.m.j.internal.DownloadSourcesJob - Downloaded sources for io.github.resilience4j:resilience4j-circularbuffer:1.7.0
2026-10-08 12:45:49,722 [Worker-69: Download sources and javadoc] INFO  o.e.m.j.internal.DownloadSourcesJob - Downloaded sources for io.github.resilience4j:resilience4j-framework-common:1.7.0
2026-10-08 12:45:49,727 [Worker-69: Download sources and javadoc] INFO  o.e.m.j.internal.DownloadSourcesJob - Downloaded sources for io.github.resilience4j:resilience4j-circuitbreaker:1.7.0
2026-10-08 12:45:49,731 [Worker-69: Download sources and javadoc] INFO  o.e.m.j.internal.DownloadSourcesJob - Downloaded sources for io.github.resilience4j:resilience4j-ratelimiter:1.7.0
2026-10-08 12:45:49,735 [Worker-69: Download sources and javadoc] INFO  o.e.m.j.internal.DownloadSourcesJob - Downloaded sources for io.github.resilience4j:resilience4j-retry:1.7.0
2026-10-08 12:45:49,741 [Worker-69: Download sources and javadoc] INFO  o.e.m.j.internal.DownloadSourcesJob - Downloaded sources for io.github.resilience4j:resilience4j-bulkhead:1.7.0
2026-10-08 12:45:49,747 [Worker-69: Download sources and javadoc] INFO  o.e.m.j.internal.DownloadSourcesJob - Downloaded sources for io.github.resilience4j:resilience4j-timelimiter:1.7.0
2026-10-08 12:45:50,706 [Worker-69: Building] INFO  o.e.m.c.i.embedder.EclipseLogger - Using 'UTF-8' encoding to copy filtered resources.
2026-10-08 12:45:50,706 [Worker-69: Building] INFO  o.e.m.c.i.embedder.EclipseLogger - Using 'UTF-8' encoding to copy filtered properties files.
2026-10-08 12:45:50,707 [Worker-69: Building] INFO  o.e.m.c.i.embedder.EclipseLogger - Copying 0 resource
2026-10-08 12:45:50,707 [Worker-69: Building] INFO  o.e.m.c.i.embedder.EclipseLogger - Copying 0 resource
2026-10-08 12:45:50,710 [Worker-69: Building] INFO  o.e.m.c.i.embedder.EclipseLogger - Using 'UTF-8' encoding to copy filtered resources.
2026-10-08 12:45:50,710 [Worker-69: Building] INFO  o.e.m.c.i.embedder.EclipseLogger - Using 'UTF-8' encoding to copy filtered properties files.
2026-10-08 12:45:50,711 [Worker-69: Building] INFO  o.e.m.c.i.embedder.EclipseLogger - skip non existing resourceDirectory C:\Microservice_practice_4\EmployeeMicorservice\src\test\resources
2026-10-08 12:49:13,342 [Worker-84: Building] INFO  o.e.m.c.i.embedder.EclipseLogger - Using 'UTF-8' encoding to copy filtered resources.
2026-10-08 12:49:13,343 [Worker-84: Building] INFO  o.e.m.c.i.embedder.EclipseLogger - Using 'UTF-8' encoding to copy filtered properties files.
2026-10-08 12:49:13,345 [Worker-84: Building] INFO  o.e.m.c.i.embedder.EclipseLogger - Copying 2 resources
2026-10-08 12:49:13,381 [Worker-84: Building] INFO  o.e.m.c.i.embedder.EclipseLogger - Copying 1 resource
2026-10-08 12:49:13,385 [Worker-84: Building] INFO  o.e.m.c.i.embedder.EclipseLogger - Using 'UTF-8' encoding to copy filtered resources.
2026-10-08 12:49:13,385 [Worker-84: Building] INFO  o.e.m.c.i.embedder.EclipseLogger - Using 'UTF-8' encoding to copy filtered properties files.
2026-10-08 12:49:13,386 [Worker-84: Building] INFO  o.e.m.c.i.embedder.EclipseLogger - skip non existing resourceDirectory C:\Microservice_practice_4\EmployeeMicorservice\src\test\resources
2026-10-08 12:49:21,228 [Worker-86: Building] INFO  o.e.m.c.i.embedder.EclipseLogger - Using 'UTF-8' encoding to copy filtered resources.
2026-10-08 12:49:21,228 [Worker-86: Building] INFO  o.e.m.c.i.embedder.EclipseLogger - Using 'UTF-8' encoding to copy filtered properties files.
2026-10-08 12:49:21,230 [Worker-86: Building] INFO  o.e.m.c.i.embedder.EclipseLogger - Copying 2 resources
2026-10-08 12:49:21,259 [Worker-86: Building] INFO  o.e.m.c.i.embedder.EclipseLogger - Copying 1 resource
2026-10-08 12:49:21,266 [Worker-86: Building] INFO  o.e.m.c.i.embedder.EclipseLogger - Using 'UTF-8' encoding to copy filtered resources.
2026-10-08 12:49:21,266 [Worker-86: Building] INFO  o.e.m.c.i.embedder.EclipseLogger - Using 'UTF-8' encoding to copy filtered properties files.
